raceId,year,round,circuitId,driverRef,constructorRef,grid,total_race_pit_stops,driver_overall_avg,driver_track_avg,driver_street_avg,driver_high_deg_avg,team_momentum,driver_momentum,driver_racecraft_index,tire_deg_index,is_street,avg_pit_stops,won_race
900,2014,1,1,rosberg,mercedes,3,34.0,10.054421768707485,11.375,9.892857142857142,9.770642201834862,16.721980431230655,6.191907160275497,-1.3382410046014237,4.0,0.0,35.0,1
900,2014,1,1,kevin_magnussen,mclaren,4,34.0,10.5,10.5,10.5,10.5,8.639984262656505,10.5,0.0,4.0,0.0,35.0,0
900,2014,1,1,button,mclaren,10,34.0,9.10843373493976,9.5,8.852173913043478,8.494318181818182,8.639984262656505,8.781969367128738,2.743119399634575,4.0,0.0,35.0,0
900,2014,1,1,alonso,ferrari,5,34.0,6.548387096774194,4.333333333333333,6.306930693069307,6.090322580645161,16.643985121931067,4.759056490065869,1.5930606121619513,4.0,0.0,35.0,0
900,2014,1,1,bottas,williams,15,34.0,14.421052631578949,14.0,14.421052631578949,15.0,0.6941466859287208,15.019188288440168,-1.0260582199830517,4.0,0.0,35.0,0
900,2014,1,1,hulkenberg,force_india,7,34.0,12.120689655172416,22.0,12.120689655172416,11.659090909090908,2.640775631720381,9.881307313479557,-2.1066643495630446,4.0,0.0,35.0,0
900,2014,1,1,raikkonen,ferrari,11,34.0,7.737113402061856,6.727272727272728,7.853107344632768,7.666666666666667,16.643985121931067,9.045863792679372,1.6115734637514776,4.0,0.0,35.0,0
900,2014,1,1,vergne,toro_rosso,6,34.0,14.487179487179487,11.5,14.487179487179487,14.275862068965518,0.950768760046971,14.62665954522584,-1.68996316856907,4.0,0.0,35.0,0
900,2014,1,1,kvyat,toro_rosso,8,34.0,10.5,10.5,10.5,10.5,0.950768760046971,10.5,0.0,4.0,0.0,35.0,0
900,2014,1,1,perez,force_india,16,34.0,12.385964912280702,13.666666666666666,12.385964912280702,12.659090909090908,2.640775631720381,8.938270895497828,2.391158070492456,4.0,0.0,35.0,0
900,2014,1,1,sutil,sauber,13,34.0,14.192660550458717,12.666666666666666,14.14423076923077,14.146341463414634,4.583969822561285,13.936403908208415,0.9450284586146444,4.0,0.0,35.0,0
900,2014,1,1,gutierrez,sauber,20,34.0,14.157894736842104,13.0,14.157894736842104,14.0,4.583969822561285,13.006894190236228,3.0467601841918417,4.0,0.0,35.0,0
900,2014,1,1,chilton,marussia,17,34.0,18.157894736842103,17.0,18.157894736842103,17.857142857142858,0.0,18.942529745163785,1.8725793615743025,4.0,0.0,35.0,0
900,2014,1,1,jules_bianchi,marussia,18,34.0,17.63157894736842,15.0,17.63157894736842,17.285714285714285,0.0,18.216449807743167,1.9074241081971857,4.0,0.0,35.0,0
900,2014,1,1,grosjean,lotus_f1,22,34.0,12.022222222222222,15.5,12.022222222222222,12.117647058823527,14.574236120994945,9.113958993300775,-2.2098531075914747,4.0,0.0,35.0,0
900,2014,1,1,maldonado,lotus_f1,21,34.0,15.189655172413794,18.0,15.189655172413794,15.454545454545457,14.574236120994945,14.283656536036895,1.7691820096219746,4.0,0.0,35.0,0
900,2014,1,1,ericsson,caterham,19,34.0,10.5,10.5,10.5,10.5,0.0,10.5,0.0,4.0,0.0,35.0,0
900,2014,1,1,vettel,red_bull,12,34.0,6.4,9.333333333333334,6.232758620689655,6.417582417582418,35.55539914094962,1.6061768208315856,-0.0579786811415397,4.0,0.0,35.0,0
900,2014,1,1,hamilton,mercedes,1,34.0,6.829457364341085,5.714285714285714,6.887096774193548,6.77319587628866,16.721980431230655,7.258468664633143,-3.2511716599438856,4.0,0.0,35.0,0
900,2014,1,1,massa,williams,9,34.0,8.564766839378239,11.909090909090908,8.569060773480663,8.485714285714286,0.6941466859287208,8.446240405257532,-0.321617051013648,4.0,0.0,35.0,0
900,2014,1,1,kobayashi,caterham,14,34.0,13.05,16.666666666666668,13.05,12.978260869565217,0.0,11.5674027220634,1.5432293475204866,4.0,0.0,35.0,0
900,2014,1,1,ricciardo,red_bull,2,34.0,14.24,14.0,14.24,14.289473684210526,35.55539914094962,12.694259624319294,-2.528577213975913,4.0,0.0,35.0,0
901,2014,2,2,hamilton,mercedes,1,55.0,6.923076923076923,4.857142857142857,6.984,6.8979591836734695,18.22707513808015,9.393292543800747,-5.932776812693919,5.0,0.0,53.85714285714285,1
901,2014,2,2,rosberg,mercedes,3,55.0,9.993243243243244,11.75,9.829787234042554,9.690909090909091,18.22707513808015,5.247924040225287,-0.7312880946738151,5.0,0.0,53.85714285714285,0
901,2014,2,2,vettel,red_bull,2,55.0,6.4958677685950414,7.833333333333333,6.333333333333333,6.543478260869565,29.0907811153224,4.586871944401699,-1.1383461936920496,5.0,0.0,53.85714285714285,0
901,2014,2,2,alonso,ferrari,4,55.0,6.536697247706422,7.333333333333333,6.295566502463054,6.076923076923077,16.890533281579962,4.621046219144802,1.4852314099506871,5.0,0.0,53.85714285714285,0
901,2014,2,2,hulkenberg,force_india,7,55.0,12.016949152542374,9.0,12.016949152542374,11.533333333333331,3.796998244298943,9.175609984192464,-1.541812211505307,5.0,0.0,53.85714285714285,0
901,2014,2,2,button,mclaren,10,55.0,9.084,9.142857142857142,8.826839826839826,8.463276836158192,13.069078033082596,7.730702209468967,3.517097690610107,5.0,0.0,53.85714285714285,0
901,2014,2,2,massa,williams,13,55.0,8.623711340206185,8.545454545454545,8.631868131868131,8.567375886524824,2.386120015759864,10.546923967937982,-2.263141223556622,5.0,0.0,53.85714285714285,0
901,2014,2,2,bottas,williams,18,55.0,13.95,11.0,13.95,14.333333333333334,2.386120015759864,13.163991322284698,1.0155752107377842,5.0,0.0,53.85714285714285,0
901,2014,2,2,kevin_magnussen,mclaren,8,55.0,2.0,2.0,2.0,2.0,13.069078033082596,2.0,2.0,5.0,0.0,53.85714285714285,0
901,2014,2,2,kvyat,toro_rosso,11,55.0,9.0,9.0,9.0,9.0,1.8688108036749105,9.0,-1.0,5.0,0.0,53.85714285714285,0
901,2014,2,2,grosjean,lotus_f1,15,55.0,12.08695652173913,15.0,12.08695652173913,12.2,11.923509326979998,10.184253123674456,-0.5351702925312515,5.0,0.0,53.85714285714285,0
901,2014,2,2,raikkonen,ferrari,6,55.0,7.733333333333333,10.818181818181818,7.848314606741573,7.661764705882353,16.890533281579962,8.673888557646759,2.0458328339784817,5.0,0.0,53.85714285714285,0
901,2014,2,2,kobayashi,caterham,20,55.0,13.18032786885246,17.333333333333332,13.18032786885246,13.148936170212766,0.0,13.282428690479565,-0.010092579983433,5.0,0.0,53.85714285714285,0
901,2014,2,2,ericsson,caterham,22,55.0,17.0,17.0,17.0,17.0,0.0,17.0,2.0,5.0,0.0,53.85714285714285,0
901,2014,2,2,chilton,marussia,21,55.0,17.9,16.0,17.9,17.533333333333335,0.0,17.842184803324905,2.2665019230154884,5.0,0.0,53.85714285714285,0
901,2014,2,2,ricciardo,red_bull,5,55.0,14.392156862745098,15.0,14.392156862745098,14.487179487179487,29.0907811153224,14.386273197684348,-5.705313648317909,5.0,0.0,53.85714285714285,0
901,2014,2,2,gutierrez,sauber,12,55.0,14.05,12.0,14.05,13.866666666666667,3.750520763913778,12.820453233824514,3.963923851984174,5.0,0.0,53.85714285714285,0
901,2014,2,2,sutil,sauber,17,55.0,14.163636363636364,15.833333333333334,14.114285714285714,14.10843373493976,3.750520763913778,13.402512288395824,1.136841466188955,5.0,0.0,53.85714285714285,0
901,2014,2,2,vergne,toro_rosso,9,55.0,14.325,9.0,14.325,14.066666666666666,1.8688108036749105,13.421418744574812,-1.74635191713762,5.0,0.0,53.85714285714285,0
901,2014,2,2,jules_bianchi,marussia,19,55.0,17.45,13.0,17.45,17.066666666666666,0.0,17.435713418119956,2.2948946631124727,5.0,0.0,53.85714285714285,0
901,2014,2,2,maldonado,lotus_f1,16,55.0,15.203389830508474,20.666666666666668,15.203389830508474,15.466666666666669,11.923509326979998,14.595721235075706,2.3566076997507164,5.0,0.0,53.85714285714285,0
901,2014,2,2,perez,force_india,14,55.0,12.344827586206897,10.666666666666666,12.344827586206897,12.6,3.796998244298943,9.131314252803524,3.047316933524055,5.0,0.0,53.85714285714285,0
902,2014,3,3,hamilton,mercedes,2,57.0,6.877862595419847,5.833333333333333,6.936507936507937,6.838383838383838,22.73124388194516,7.8672393540129475,-4.854090119472709,5.0,0.0,49.0,1
902,2014,3,3,rosberg,mercedes,1,57.0,9.939597315436242,7.571428571428571,9.774647887323944,9.62162162162162,22.73124388194516,4.657392396547901,-0.4165084410967251,5.0,0.0,49.0,0
902,2014,3,3,perez,force_india,4,57.0,12.508474576271189,8.5,12.508474576271189,12.804347826086955,4.924816745466453,11.471092175487524,1.0386993657523107,5.0,0.0,49.0,0
902,2014,3,3,ricciardo,red_bull,13,57.0,14.423076923076923,15.5,14.423076923076923,14.525,26.5288209125365,14.679686694082095,-6.668012187220032,5.0,0.0,49.0,0
902,2014,3,3,hulkenberg,force_india,11,57.0,11.9,12.666666666666666,11.9,11.391304347826088,4.924816745466453,8.41640368814976,-0.897842554244372,5.0,0.0,49.0,0
902,2014,3,3,vettel,red_bull,10,57.0,6.467213114754099,6.0,6.305084745762712,6.505376344086022,26.5288209125365,4.298349772685572,-1.1131923402929087,5.0,0.0,49.0,0
902,2014,3,3,massa,williams,7,57.0,8.615384615384615,7.777777777777778,8.62295081967213,8.556338028169014,3.770461831076253,9.902028701040166,-0.7607519101826898,5.0,0.0,49.0,0
902,2014,3,3,bottas,williams,3,57.0,13.666666666666666,14.0,13.666666666666666,13.9375,3.770461831076253,12.210992917224717,2.673622631847723,5.0,0.0,49.0,0
902,2014,3,3,alonso,ferrari,9,57.0,6.525114155251141,5.222222222222222,6.284313725490196,6.063694267515924,16.001345412201786,4.508128724754838,1.2151893354141985,5.0,0.0,49.0,0
902,2014,3,3,raikkonen,ferrari,5,57.0,7.755102040816326,5.125,7.871508379888268,7.693430656934306,16.001345412201786,9.278636092620076,0.5829541368914839,5.0,0.0,49.0,0
902,2014,3,3,kvyat,toro_rosso,12,57.0,9.5,9.5,9.5,9.5,1.7108452030067287,9.55,0.1,5.0,0.0,49.0,0
902,2014,3,3,grosjean,lotus_f1,16,57.0,12.063829787234043,3.0,12.063829787234043,12.166666666666666,9.75501911120974,10.332582627207689,0.2894722252065176,5.0,0.0,49.0,0
902,2014,3,3,chilton,marussia,21,57.0,17.761904761904763,20.0,17.761904761904763,17.375,0.0,17.317668510517503,2.955507285457998,5.0,0.0,49.0,0
902,2014,3,3,maldonado,lotus_f1,17,57.0,15.3,17.0,15.3,15.58695652173913,9.75501911120974,15.760142428230656,1.019034769254165,5.0,0.0,49.0,0
902,2014,3,3,kobayashi,caterham,18,57.0,13.17741935483871,17.5,13.17741935483871,13.145833333333334,0.0,13.231077816604351,1.264474742893941,5.0,0.0,49.0,0
902,2014,3,3,jules_bianchi,marussia,19,57.0,17.571428571428573,19.0,17.571428571428573,17.25,0.0,17.908944465604986,1.686832185308465,5.0,0.0,49.0,0
902,2014,3,3,button,mclaren,6,57.0,9.07171314741036,11.0,8.814655172413794,8.44943820224719,12.5110638452494,7.41602908047461,3.604898110499178,5.0,0.0,49.0,0
902,2014,3,3,kevin_magnussen,mclaren,8,57.0,5.5,5.5,5.5,5.5,12.5110638452494,5.8500000000000005,0.3499999999999999,5.0,0.0,49.0,0
902,2014,3,3,gutierrez,sauber,15,57.0,14.19047619047619,18.0,14.19047619047619,14.0625,3.068607897747636,13.591775483118417,2.3096598145611718,5.0,0.0,49.0,0
902,2014,3,3,ericsson,caterham,20,57.0,15.5,15.5,15.5,15.5,0.0,15.35,5.300000000000001,5.0,0.0,49.0,0
902,2014,3,3,vergne,toro_rosso,14,57.0,14.439024390243905,18.0,14.439024390243905,14.225806451612904,1.7108452030067287,14.435977339576375,-3.247416295189415,5.0,0.0,49.0,0
902,2014,3,3,sutil,sauber,22,57.0,14.1981981981982,15.0,14.150943396226417,14.154761904761903,3.068607897747636,14.23841914522834,0.7483248358904168,5.0,0.0,49.0,0
903,2014,4,17,hamilton,mercedes,1,45.0,6.833333333333333,5.0,6.889763779527559,6.78,26.416472660098385,6.6186503805521335,-3.789710097747062,5.0,0.0,50.8,1
903,2014,4,17,rosberg,mercedes,4,45.0,9.886666666666668,10.625,9.72027972027972,9.553571428571429,26.416472660098385,4.174230142630059,-0.522597815442784,5.0,0.0,50.8,0
903,2014,4,17,alonso,ferrari,5,45.0,6.536363636363636,4.3,6.297560975609756,6.082278481012659,13.637464428165096,5.324832592981231,0.994245819884344,5.0,0.0,50.8,0
903,2014,4,17,ricciardo,red_bull,2,45.0,14.226415094339623,12.0,14.226415094339623,14.268292682926829,25.341762564802583,12.73787878449505,-3.819214196778143,5.0,0.0,50.8,0
903,2014,4,17,vettel,red_bull,3,45.0,6.463414634146342,4.428571428571429,6.302521008403361,6.5,25.341762564802583,4.60774072311228,-0.1835210056764616,5.0,0.0,50.8,0
903,2014,4,17,hulkenberg,force_india,8,45.0,11.78688524590164,13.333333333333334,11.78688524590164,11.25531914893617,8.57485006481931,7.795236381720315,0.3563166935214781,5.0,0.0,50.8,0
903,2014,4,17,bottas,williams,7,45.0,13.409090909090908,13.0,13.409090909090908,13.588235294117649,4.903105134516935,11.435982137591417,1.2613333273006244,5.0,0.0,50.8,0
903,2014,4,17,raikkonen,ferrari,11,45.0,7.766497461928934,7.0,7.883333333333334,7.710144927536231,13.637464428165096,9.409793166689152,-0.4321284334524229,5.0,0.0,50.8,0
903,2014,4,17,perez,force_india,16,45.0,12.35,13.0,12.35,12.595744680851064,8.57485006481931,9.930884508024544,1.0316630759064582,5.0,0.0,50.8,0
903,2014,4,17,kvyat,toro_rosso,13,45.0,10.0,10.0,10.0,10.0,1.3997824388236606,10.132890365448509,0.4617940199335548,5.0,0.0,50.8,0
903,2014,4,17,button,mclaren,12,45.0,9.103174603174605,5.0,8.849785407725323,8.497206703910615,10.236324964294962,9.158569247661044,0.9494620904084172,5.0,0.0,50.8,0
903,2014,4,17,vergne,toro_rosso,9,45.0,14.595238095238097,14.0,14.595238095238097,14.4375,1.3997824388236606,15.629696977735628,-3.9298534368643177,5.0,0.0,50.8,0
903,2014,4,17,kevin_magnussen,mclaren,15,45.0,9.666666666666666,9.666666666666666,9.666666666666666,9.666666666666666,10.236324964294962,10.734219269102992,-3.81063122923588,5.0,0.0,50.8,0
903,2014,4,17,maldonado,lotus_f1,22,45.0,15.278688524590164,13.333333333333334,15.278688524590164,15.5531914893617,7.980991432439,15.440114986839983,1.3792120049774963,5.0,0.0,50.8,0
903,2014,4,17,massa,williams,6,45.0,8.607142857142858,9.0,8.61413043478261,8.545454545454545,4.903105134516935,9.374387119032862,-0.6224333810585644,5.0,0.0,50.8,0
903,2014,4,17,gutierrez,sauber,17,45.0,14.409090909090908,22.0,14.409090909090908,14.352941176470589,2.510679189066247,14.587130351115375,1.148400589426499,5.0,0.0,50.8,0
903,2014,4,17,jules_bianchi,marussia,19,45.0,17.5,15.0,17.5,17.176470588235293,0.0,17.557613421443495,1.9285137154983043,5.0,0.0,50.8,0
903,2014,4,17,kobayashi,caterham,18,45.0,13.206349206349206,14.0,13.206349206349206,13.183673469387756,0.0,13.552701071415315,1.5800258096602506,5.0,0.0,50.8,0
903,2014,4,17,chilton,marussia,21,45.0,17.545454545454547,17.0,17.545454545454547,17.11764705882353,0.0,16.5230246570817,3.883919255841533,5.0,0.0,50.8,0
903,2014,4,17,ericsson,caterham,20,45.0,17.0,17.0,17.0,17.0,0.0,17.219269102990033,3.1694352159468444,5.0,0.0,50.8,0
903,2014,4,17,grosjean,lotus_f1,10,45.0,12.0625,7.5,12.0625,12.16216216216216,7.980991432439,10.63576930616592,0.9641578867442664,5.0,0.0,50.8,0
903,2014,4,17,sutil,sauber,14,45.0,14.267857142857142,17.333333333333332,14.22429906542056,14.24705882352941,2.510679189066247,15.649615664522509,0.6122657747958321,5.0,0.0,50.8,0
904,2014,5,4,hamilton,mercedes,1,48.0,6.789473684210527,7.142857142857143,6.84375,6.7227722772277225,29.431659712289083,5.597077584085489,-3.10067189815492,5.0,0.0,47.785714285714285,1
904,2014,5,4,rosberg,mercedes,2,48.0,9.834437086092716,9.0,9.666666666666666,9.486725663716816,29.431659712289083,3.778915571242748,-0.0639436671804277,5.0,0.0,47.785714285714285,0
904,2014,5,4,ricciardo,red_bull,3,48.0,14.037037037037036,11.5,14.037037037037036,14.023809523809524,24.734169371202118,11.149142294303948,-3.488441471591826,5.0,0.0,47.785714285714285,0
904,2014,5,4,vettel,red_bull,15,48.0,6.451612903225806,6.666666666666667,6.291666666666667,6.484210526315789,24.734169371202118,4.679060591638433,-0.513789913740442,5.0,0.0,47.785714285714285,0
904,2014,5,4,bottas,williams,4,48.0,13.130434782608695,16.0,13.130434782608695,13.22222222222222,5.102540564604765,10.621376996754131,1.02970736920189,5.0,0.0,47.785714285714285,0
904,2014,5,4,alonso,ferrari,7,48.0,6.520361990950226,4.583333333333333,6.281553398058253,6.062893081761007,14.612470895771445,4.902135757893735,1.177110216269009,5.0,0.0,47.785714285714285,0
904,2014,5,4,raikkonen,ferrari,6,48.0,7.767676767676767,9.363636363636363,7.883977900552487,7.712230215827338,14.612470895771445,9.153467136382034,0.1918949180843816,5.0,0.0,47.785714285714285,0
904,2014,5,4,grosjean,lotus_f1,5,48.0,12.244897959183673,13.0,12.244897959183673,12.394736842105264,6.529642475347295,12.52027600733218,-1.211260277654004,5.0,0.0,47.785714285714285,0
904,2014,5,4,perez,force_india,11,48.0,12.295081967213116,12.666666666666666,12.295081967213116,12.520833333333334,8.833968234872303,9.761631962005996,2.116820483932319,5.0,0.0,47.785714285714285,0
904,2014,5,4,hulkenberg,force_india,10,48.0,11.693548387096774,13.666666666666666,11.693548387096774,11.145833333333334,8.833968234872303,7.468828477277671,0.6551693845085507,5.0,0.0,47.785714285714285,0
904,2014,5,4,button,mclaren,8,48.0,9.110671936758893,8.538461538461538,8.85897435897436,8.511111111111111,8.375174970786786,9.4933748389954,0.9586508012432504,5.0,0.0,47.785714285714285,0
904,2014,5,4,kevin_magnussen,mclaren,14,48.0,10.5,10.5,10.5,10.5,8.375174970786786,11.48069306930693,-1.896287128712871,5.0,0.0,47.785714285714285,0
904,2014,5,4,massa,williams,9,48.0,8.639593908629442,7.636363636363637,8.64864864864865,8.590277777777779,5.102540564604765,10.39722582466325,-2.14562731177519,5.0,0.0,47.785714285714285,0
904,2014,5,4,kvyat,toro_rosso,12,48.0,10.0,10.0,10.0,10.0,1.3270947226738992,10.08910891089109,1.298019801980198,5.0,0.0,47.785714285714285,0
904,2014,5,4,maldonado,lotus_f1,22,48.0,15.258064516129032,10.0,15.258064516129032,15.520833333333334,6.529642475347295,15.178274863835991,2.582996396391972,5.0,0.0,47.785714285714285,0
904,2014,5,4,gutierrez,sauber,13,48.0,14.478260869565217,11.0,14.478260869565217,14.444444444444445,2.054192063781475,14.84658380327452,1.1211489280580549,5.0,0.0,47.785714285714285,0
904,2014,5,4,sutil,sauber,16,48.0,14.336283185840708,14.5,14.296296296296296,14.33720930232558,2.054192063781475,16.804230998409547,-0.9536007299347224,5.0,0.0,47.785714285714285,0
904,2014,5,4,jules_bianchi,marussia,18,48.0,17.47826086956522,18.0,17.47826086956522,17.166666666666668,0.0,17.455215633170532,1.9416411567386465,5.0,0.0,47.785714285714285,0
904,2014,5,4,chilton,marussia,17,48.0,17.608695652173914,19.0,17.608695652173914,17.22222222222222,0.0,16.977886012579404,3.5379642309720856,5.0,0.0,47.785714285714285,0
904,2014,5,4,ericsson,caterham,19,48.0,17.75,17.75,17.75,17.75,0.0,18.13539603960396,2.125247524752476,5.0,0.0,47.785714285714285,0
904,2014,5,4,kobayashi,caterham,20,48.0,13.28125,9.0,13.28125,13.28,0.0,14.361303015182852,1.2927476299358351,5.0,0.0,47.785714285714285,0
904,2014,5,4,vergne,toro_rosso,21,48.0,14.534883720930232,16.0,14.534883720930232,14.363636363636363,1.3270947226738992,14.969634005886824,-3.7607589293378574,5.0,0.0,47.785714285714285,0
905,2014,6,6,rosberg,mercedes,1,27.0,9.782894736842104,9.25,9.613793103448277,10.86842105263158,31.89863084982769,3.455476376471321,-0.0523175458748947,3.0,0.0,31.615384615384617,1
905,2014,6,6,hamilton,mercedes,2,27.0,6.746268656716418,5.0,6.7984496124031,7.0,31.89863084982769,4.761245296068191,-2.536913371216478,3.0,0.0,31.615384615384617,0
905,2014,6,6,ricciardo,red_bull,3,27.0,13.836363636363636,17.5,13.836363636363636,14.083333333333334,25.14613857643809,9.66745620852813,-2.85416917607506,3.0,0.0,31.615384615384617,0
905,2014,6,6,alonso,ferrari,5,27.0,6.518018018018018,5.916666666666667,6.280193236714976,7.693548387096774,14.501112551085727,5.101747438276693,1.1449083587655529,3.0,0.0,31.615384615384617,0
905,2014,6,6,hulkenberg,force_india,11,27.0,11.666666666666666,14.333333333333334,11.666666666666666,13.571428571428571,7.773246737555335,7.929042969053705,0.5360472931717571,3.0,0.0,31.615384615384617,0
905,2014,6,6,button,mclaren,12,27.0,9.118110236220472,11.384615384615383,8.86808510638298,10.58904109589041,6.852415885189187,9.767306686450782,0.2388961101081134,3.0,0.0,31.615384615384617,0
905,2014,6,6,massa,williams,16,27.0,8.66161616161616,9.0,8.672043010752688,8.773584905660377,5.9929877346766265,10.870457492906295,-2.4827859823615195,3.0,0.0,31.615384615384617,0
905,2014,6,6,grosjean,lotus_f1,14,27.0,12.16,20.5,12.16,11.727272727272728,6.069640158561602,11.698371558539575,-1.536499960616617,3.0,0.0,31.615384615384617,0
905,2014,6,6,jules_bianchi,marussia,21,27.0,17.5,19.0,17.5,18.6,0.0,17.55507603933601,1.585733229960291,3.0,0.0,31.615384615384617,0
905,2014,6,6,kevin_magnussen,mclaren,8,27.0,10.8,10.8,10.8,10.5,6.852415885189187,11.629771965255582,-0.7777690633516986,3.0,0.0,31.615384615384617,0
905,2014,6,6,ericsson,caterham,22,27.0,18.2,18.2,18.2,10.5,0.0,18.67067312405639,1.2280739593341308,3.0,0.0,31.615384615384617,0
905,2014,6,6,raikkonen,ferrari,6,27.0,7.763819095477387,9.454545454545457,7.879120879120879,7.898305084745763,14.501112551085727,8.761927657039845,-0.0248132488400515,3.0,0.0,31.615384615384617,0
905,2014,6,6,kobayashi,caterham,20,27.0,13.4,15.0,13.4,13.285714285714286,0.0,15.568341442522971,0.8758835224378237,3.0,0.0,31.615384615384617,0
905,2014,6,6,chilton,marussia,19,27.0,17.666666666666668,14.0,17.666666666666668,19.0,0.0,17.348544820709133,2.522840833336325,3.0,0.0,31.615384615384617,0
905,2014,6,6,gutierrez,sauber,17,27.0,14.541666666666666,13.0,14.541666666666666,14.6,1.6807025976393883,15.0580080233805,0.3657314989211145,3.0,0.0,31.615384615384617,0
905,2014,6,6,bottas,williams,13,27.0,12.791666666666666,12.0,12.791666666666666,12.8,5.9929877346766265,9.590963819936825,0.6576566742357906,3.0,0.0,31.615384615384617,0
905,2014,6,6,vergne,toro_rosso,7,27.0,14.704545454545457,10.0,14.704545454545457,15.1,1.0858047730968128,16.24806946728515,-3.258729288406938,3.0,0.0,31.615384615384617,0
905,2014,6,6,sutil,sauber,18,27.0,14.359649122807015,11.5,14.321100917431192,14.333333333333334,1.6807025976393883,16.839825362339216,-0.9620369608566616,3.0,0.0,31.615384615384617,0
905,2014,6,6,kvyat,toro_rosso,9,27.0,10.8,10.8,10.8,10.5,1.0858047730968128,11.211819376090666,0.3512480147448087,3.0,0.0,31.615384615384617,0
905,2014,6,6,vettel,red_bull,4,27.0,6.432,5.333333333333333,6.2727272727272725,6.344827586206897,25.14613857643809,4.555595029520777,1.5796264342391018,3.0,0.0,31.615384615384617,0
905,2014,6,6,perez,force_india,10,27.0,12.241935483870968,17.0,12.241935483870968,11.461538461538462,7.773246737555335,9.623152876351163,2.095580312028169,3.0,0.0,31.615384615384617,0
905,2014,6,6,maldonado,lotus_f1,15,27.0,15.253968253968257,20.33333333333333,15.253968253968257,14.357142857142858,6.069640158561602,15.145861147452017,3.3860905566885817,3.0,0.0,31.615384615384617,0
906,2014,7,7,ricciardo,red_bull,6,33.0,13.642857142857142,14.5,13.642857142857142,13.23076923076923,23.301386107994794,8.455175477442772,-2.335222491282752,3.0,0.0,34.833333333333336,1
906,2014,7,7,rosberg,mercedes,1,33.0,9.72549019607843,9.857142857142858,9.554794520547944,10.615384615384617,33.91706172231411,3.009026126203787,-0.0428052648067316,3.0,0.0,34.833333333333336,0
906,2014,7,7,vettel,red_bull,3,33.0,6.53968253968254,3.8,6.385245901639344,6.8,23.301386107994794,7.363668660546343,-1.6166692811104983,3.0,0.0,34.833333333333336,0
906,2014,7,7,button,mclaren,9,33.0,9.105882352941176,11.076923076923077,8.85593220338983,10.527027027027026,7.242885724245699,9.08234183436882,1.2863695446339116,3.0,0.0,34.833333333333336,0
906,2014,7,7,hulkenberg,force_india,11,33.0,11.5625,15.333333333333334,11.5625,13.0,8.178110967111795,7.396488293465664,1.5294958673158932,3.0,0.0,34.833333333333336,0
906,2014,7,7,alonso,ferrari,7,33.0,6.506726457399103,9.909090909090908,6.269230769230769,7.634920634920635,14.046364814524686,4.901429722226385,1.1185613844445432,3.0,0.0,34.833333333333336,0
906,2014,7,7,bottas,williams,4,33.0,12.92,14.0,12.92,13.333333333333334,5.994262692008149,10.764015662671126,-0.0118076229308724,3.0,0.0,34.833333333333336,0
906,2014,7,7,vergne,toro_rosso,8,33.0,14.755555555555556,10.5,14.755555555555556,15.272727272727272,0.8883857234428376,16.384800481875647,-4.484561654459924,3.0,0.0,34.833333333333336,0
906,2014,7,7,kevin_magnussen,mclaren,12,33.0,10.666666666666666,10.666666666666666,10.666666666666666,10.0,7.242885724245699,11.206463890591232,-1.0952246556784826,3.0,0.0,34.833333333333336,0
906,2014,7,7,raikkonen,ferrari,10,33.0,7.785,6.3,7.901639344262295,7.966666666666667,14.046364814524686,9.3506680830326,-1.1112108399600429,3.0,0.0,34.833333333333336,0
906,2014,7,7,perez,force_india,13,33.0,12.38095238095238,7.0,12.38095238095238,12.142857142857142,8.178110967111795,11.691677221707456,-0.2854419868203735,3.0,0.0,34.833333333333336,0
906,2014,7,7,massa,williams,5,33.0,8.653266331658292,9.4,8.663101604278076,8.74074074074074,5.994262692008149,10.166737948741517,-0.3950067128412419,3.0,0.0,34.833333333333336,0
906,2014,7,7,sutil,sauber,16,33.0,14.391304347826088,15.8,14.354545454545455,14.464285714285714,1.3751203071594993,17.050766205570305,-0.7871211497751968,3.0,0.0,34.833333333333336,0
906,2014,7,7,gutierrez,sauber,22,33.0,14.56,20.0,14.56,14.666666666666666,1.3751203071594993,15.047390761001555,0.6648531800682341,3.0,0.0,34.833333333333336,0
906,2014,7,7,grosjean,lotus_f1,14,33.0,12.07843137254902,7.5,12.07843137254902,11.416666666666666,5.69329688427581,11.025916211219776,-0.1661780180064635,3.0,0.0,34.833333333333336,0
906,2014,7,7,kvyat,toro_rosso,15,33.0,12.166666666666666,12.166666666666666,12.166666666666666,19.0,0.8883857234428376,13.23467890204174,-2.337328645614941,3.0,0.0,34.833333333333336,0
906,2014,7,7,hamilton,mercedes,2,33.0,6.711111111111111,8.166666666666666,6.7615384615384615,6.848484848484849,33.91706172231411,4.259200696782203,-2.0756563946308724,3.0,0.0,34.833333333333336,0
906,2014,7,7,kobayashi,caterham,21,33.0,13.393939393939394,13.333333333333334,13.393939393939394,13.266666666666667,0.0,15.10136944439557,1.9893612170090311,3.0,0.0,34.833333333333336,0
906,2014,7,7,maldonado,lotus_f1,17,33.0,15.359375,16.0,15.359375,14.866666666666667,5.69329688427581,16.392071507497832,1.4977054611185203,3.0,0.0,34.833333333333336,0
906,2014,7,7,ericsson,caterham,20,33.0,17.0,17.0,17.0,11.0,0.0,16.678334354739864,3.766180692191079,3.0,0.0,34.833333333333336,0
906,2014,7,7,chilton,marussia,18,33.0,17.52,19.0,17.52,18.166666666666668,0.3636799109535548,16.735657553099337,2.976237575617213,3.0,0.0,34.833333333333336,0
906,2014,7,7,jules_bianchi,marussia,19,33.0,17.16,17.0,17.16,17.0,0.3636799109535548,15.989232528592051,3.4918661463766343,3.0,0.0,34.833333333333336,0
907,2014,8,70,rosberg,mercedes,3,41.0,9.675324675324676,9.503401360544215,9.503401360544215,9.421052631578949,31.023050361755026,2.8255668305303643,-0.2168406712055144,4.0,0.0,35.69230769230769,1
907,2014,8,70,hamilton,mercedes,9,41.0,6.786764705882353,6.8396946564885495,6.8396946564885495,6.666666666666667,31.023050361755026,6.575709661006875,-4.4255370501558335,4.0,0.0,35.69230769230769,0
907,2014,8,70,bottas,williams,2,41.0,12.692307692307692,12.692307692307692,12.692307692307692,12.789473684210526,5.995305838915758,10.075918868192677,-0.5580767621211834,4.0,0.0,35.69230769230769,0
907,2014,8,70,massa,williams,1,41.0,8.67,19.0,8.680851063829786,8.620689655172415,5.995305838915758,10.500058321697605,-1.595914583233744,4.0,0.0,35.69230769230769,0
907,2014,8,70,alonso,ferrari,4,41.0,6.504464285714286,15.5,6.267942583732057,6.0625,13.12884393915656,5.101169772730678,1.09700476909099,4.0,0.0,35.69230769230769,0
907,2014,8,70,perez,force_india,15,41.0,12.359375,12.359375,12.359375,12.448979591836734,8.509363518560116,11.56591739424509,0.1300940188735375,4.0,0.0,35.69230769230769,0
907,2014,8,70,kevin_magnussen,mclaren,6,41.0,10.428571428571429,10.428571428571429,10.428571428571429,10.8,8.471451956201028,10.674794728744889,-0.1084400227907639,4.0,0.0,35.69230769230769,0
907,2014,8,70,ricciardo,red_bull,5,41.0,13.421052631578949,13.421052631578949,13.421052631578949,13.767441860465116,26.33749772472302,7.099674420711139,-1.0015313034120183,4.0,0.0,35.69230769230769,0
907,2014,8,70,hulkenberg,force_india,10,41.0,11.461538461538462,11.461538461538462,11.461538461538462,11.122448979591836,8.509363518560116,6.960762206328479,2.3423165593995163,4.0,0.0,35.69230769230769,0
907,2014,8,70,raikkonen,ferrari,8,41.0,7.796019900497512,8.666666666666666,7.913043478260869,7.707142857142857,13.12884393915656,9.468728431572128,-0.9091725054218532,4.0,0.0,35.69230769230769,0
907,2014,8,70,button,mclaren,11,41.0,9.0859375,7.0,8.835443037974683,8.524861878453038,8.471451956201028,8.158279682665398,1.9615750819732007,4.0,0.0,35.69230769230769,0
907,2014,8,70,maldonado,lotus_f1,13,41.0,15.415384615384616,15.415384615384616,15.415384615384616,15.510204081632653,4.658050573422756,16.86624135037582,0.8617576375105211,4.0,0.0,35.69230769230769,0
907,2014,8,70,sutil,sauber,16,41.0,14.379310344827584,14.342342342342342,14.342342342342342,14.367816091954024,1.1250984331304992,16.314263259045727,-0.0985536679443668,4.0,0.0,35.69230769230769,0
907,2014,8,70,grosjean,lotus_f1,22,41.0,12.134615384615383,12.134615384615383,12.134615384615383,12.282051282051285,4.658050573422756,11.748498136345123,-0.3177864704154775,4.0,0.0,35.69230769230769,0
907,2014,8,70,jules_bianchi,marussia,18,41.0,17.346153846153847,17.346153846153847,17.346153846153847,17.210526315789473,0.2975498120321588,17.08805628494594,2.305093113042627,4.0,0.0,35.69230769230769,0
907,2014,8,70,kobayashi,caterham,19,41.0,13.462686567164178,13.462686567164178,13.462686567164178,13.431372549019608,0.0,15.62839394520786,2.1731139891853704,4.0,0.0,35.69230769230769,0
907,2014,8,70,chilton,marussia,21,41.0,17.653846153846153,17.653846153846153,17.653846153846153,17.31578947368421,0.2975498120321588,17.515218700352488,1.883726202828284,4.0,0.0,35.69230769230769,0
907,2014,8,70,ericsson,caterham,20,41.0,17.428571428571427,17.428571428571427,17.428571428571427,18.2,0.0,17.47872234072954,2.858682436489924,4.0,0.0,35.69230769230769,0
907,2014,8,70,gutierrez,sauber,17,41.0,14.538461538461538,14.538461538461538,14.538461538461538,14.526315789473683,1.1250984331304992,14.855918065401754,2.005785701651324,4.0,0.0,35.69230769230769,0
907,2014,8,70,vergne,toro_rosso,14,41.0,14.608695652173912,14.608695652173912,14.608695652173912,14.588235294117649,1.45413377372598,14.860141932964437,-3.669106918313093,4.0,0.0,35.69230769230769,0
907,2014,8,70,vettel,red_bull,12,41.0,6.511811023622047,6.357723577235772,6.357723577235772,6.458333333333333,26.33749772472302,6.570274358622044,-1.3227294118151671,4.0,0.0,35.69230769230769,0
907,2014,8,70,kvyat,toro_rosso,7,41.0,12.714285714285714,12.714285714285714,12.714285714285714,10.8,1.45413377372598,13.901010201029614,-2.015086163805422,4.0,0.0,35.69230769230769,0
908,2014,9,9,hamilton,mercedes,6,23.0,6.751824817518248,5.428571428571429,6.803030303030303,6.621359223300971,33.20067765386532,5.74376244991376,-2.348166677397839,4.0,0.0,37.266666666666666,1
908,2014,9,9,bottas,williams,14,23.0,12.333333333333334,12.0,12.333333333333334,12.3,9.81434114093108,8.783656298993893,-0.6387844227667879,4.0,0.0,37.266666666666666,0
908,2014,9,9,ricciardo,red_bull,8,23.0,13.327586206896552,13.333333333333334,13.327586206896552,13.636363636363637,22.2761345020461,7.263371423795189,-1.364892451772526,4.0,0.0,37.266666666666666,0
908,2014,9,9,button,mclaren,3,23.0,9.093385214007782,10.428571428571429,8.844537815126051,8.538461538461538,8.022097055073568,8.674956103998962,1.604925067068982,4.0,0.0,37.266666666666666,0
908,2014,9,9,vettel,red_bull,2,23.0,6.625,8.833333333333334,6.475806451612903,6.608247422680412,22.2761345020461,9.193860838890933,-2.718596791494901,4.0,0.0,37.266666666666666,0
908,2014,9,9,alonso,ferrari,16,23.0,6.497777777777777,7.416666666666667,6.261904761904762,6.055900621118012,12.741781404764458,5.082775268597827,0.7157311747108096,4.0,0.0,37.266666666666666,0
908,2014,9,9,kevin_magnussen,mclaren,5,23.0,10.0,10.0,10.0,10.166666666666666,8.022097055073568,9.83876121811785,-0.3112742142764412,4.0,0.0,37.266666666666666,0
908,2014,9,9,hulkenberg,force_india,4,23.0,11.424242424242424,10.666666666666666,11.424242424242424,11.08,8.780388333376807,7.331533370707723,2.098258571047881,4.0,0.0,37.266666666666666,0
908,2014,9,9,kvyat,toro_rosso,9,23.0,13.875,13.875,13.875,12.666666666666666,1.1897458148667026,15.74356941153506,-4.9692166393792485,4.0,0.0,37.266666666666666,0
908,2014,9,9,vergne,toro_rosso,10,23.0,14.72340425531915,18.0,14.72340425531915,14.742857142857142,1.1897458148667026,15.794736495862162,-4.092939633619361,4.0,0.0,37.266666666666666,0
908,2014,9,9,perez,force_india,7,23.0,12.261538461538462,16.333333333333332,12.261538461538462,12.32,8.780388333376807,10.5539302236272,1.7428076870224545,4.0,0.0,37.266666666666666,0
908,2014,9,9,grosjean,lotus_f1,11,23.0,12.169811320754716,12.5,12.169811320754716,12.325,3.811064395430029,12.157871955309089,1.1945747084437193,4.0,0.0,37.266666666666666,0
908,2014,9,9,sutil,sauber,13,23.0,14.367521367521368,13.666666666666666,14.330357142857142,14.352272727272728,0.9205350816522264,15.71166993918091,0.4648197262631646,4.0,0.0,37.266666666666666,0
908,2014,9,9,jules_bianchi,marussia,12,23.0,17.25925925925926,16.0,17.25925925925926,17.1,0.2434455093666799,16.706718252433262,2.4320027308351824,4.0,0.0,37.266666666666666,0
908,2014,9,9,kobayashi,caterham,22,23.0,13.5,13.0,13.5,13.48076923076923,0.0,15.695958762519952,2.323457078427732,4.0,0.0,37.266666666666666,0
908,2014,9,9,chilton,marussia,17,23.0,17.62962962962963,17.0,17.62962962962963,17.3,0.2434455093666799,17.42112521881052,2.2702175497760906,4.0,0.0,37.266666666666666,0
908,2014,9,9,maldonado,lotus_f1,20,23.0,15.363636363636363,13.666666666666666,15.363636363636363,15.44,3.811064395430029,15.981468629299089,0.8868926570093887,4.0,0.0,37.266666666666666,0
908,2014,9,9,rosberg,mercedes,1,23.0,9.619354838709675,7.5,9.445945945945946,9.347826086956522,33.20067765386532,2.4936455886157423,0.1862212690136827,4.0,0.0,37.266666666666666,0
908,2014,9,9,ericsson,caterham,21,23.0,17.5,17.5,17.5,18.166666666666668,0.0,17.597315520392712,2.663328043963721,4.0,0.0,37.266666666666666,0
908,2014,9,9,gutierrez,sauber,19,23.0,14.703703703703704,14.0,14.703703703703704,14.75,0.9205350816522264,15.612744432058784,1.2742161318326304,4.0,0.0,37.266666666666666,0
908,2014,9,9,massa,williams,15,23.0,8.64676616915423,7.727272727272727,8.656084656084657,8.58904109589041,9.81434114093108,9.318229535934403,-1.8512028408276089,4.0,0.0,37.266666666666666,0
908,2014,9,9,raikkonen,ferrari,18,23.0,7.806930693069307,4.818181818181818,7.924324324324324,7.723404255319149,12.741781404764458,9.565323262195378,-1.1075047771633346,4.0,0.0,37.266666666666666,0
909,2014,10,10,rosberg,mercedes,1,55.0,9.673076923076923,12.0,9.503355704697986,9.422413793103448,31.70964530545665,5.312982754322043,-2.9385462344434305,5.0,0.0,58.6,1
909,2014,10,10,bottas,williams,2,55.0,11.964285714285714,11.964285714285714,11.964285714285714,11.80952380952381,11.302642751670884,7.545771878161378,1.6675462115732955,5.0,0.0,58.6,0
909,2014,10,10,hamilton,mercedes,20,55.0,6.710144927536232,9.666666666666666,6.7593984962406015,6.5673076923076925,31.70964530545665,4.881260186292265,-1.012136372415157,5.0,0.0,58.6,0
909,2014,10,10,vettel,red_bull,6,55.0,6.612403100775194,5.333333333333333,6.464,6.591836734693878,22.77138277440136,8.431340686360944,-2.7697610112233937,5.0,0.0,58.6,0
909,2014,10,10,alonso,ferrari,7,55.0,6.495575221238938,4.5,6.260663507109005,6.055555555555555,11.87963933117092,5.24954340158004,2.403780052036118,5.0,0.0,58.6,0
909,2014,10,10,ricciardo,red_bull,5,55.0,13.152542372881356,13.0,13.152542372881356,13.4,22.77138277440136,6.488207391541855,-0.2076309309400815,5.0,0.0,58.6,0
909,2014,10,10,hulkenberg,force_india,9,55.0,11.373134328358208,11.0,11.373134328358208,11.019607843137257,7.911226818192618,7.453072933909827,0.9894826792679768,5.0,0.0,58.6,0
909,2014,10,10,button,mclaren,11,55.0,9.073643410852712,6.7,8.824267782426778,8.513661202185792,9.836261226878374,7.824964085090059,1.131302327601894,5.0,0.0,58.6,0
909,2014,10,10,kevin_magnussen,mclaren,4,55.0,9.666666666666666,9.666666666666666,9.666666666666666,9.714285714285714,9.836261226878374,9.221146117423658,-0.678681849528713,5.0,0.0,58.6,0
909,2014,10,10,perez,force_india,10,55.0,12.242424242424242,6.0,12.242424242424242,12.294117647058824,7.911226818192618,10.635033962923028,0.6986589862033251,5.0,0.0,58.6,0
909,2014,10,10,raikkonen,ferrari,12,55.0,7.876847290640394,12.375,8.0,7.823943661971831,11.87963933117092,11.826173578159857,-1.633412999497274,5.0,0.0,58.6,0
909,2014,10,10,maldonado,lotus_f1,18,55.0,15.388059701492535,15.0,15.388059701492535,15.470588235294118,3.118098149425637,16.166656419501408,1.271094548640311,5.0,0.0,58.6,0
909,2014,10,10,vergne,toro_rosso,13,55.0,14.625,14.0,14.625,14.61111111111111,1.5188829394364016,14.741078939999964,-3.348719982953562,5.0,0.0,58.6,0
909,2014,10,10,gutierrez,sauber,16,55.0,14.892857142857142,14.892857142857142,14.892857142857142,15.0,0.753165066806367,16.41333265150773,0.8592162268965364,5.0,0.0,58.6,0
909,2014,10,10,jules_bianchi,marussia,17,55.0,17.142857142857142,17.142857142857142,17.142857142857142,16.952380952380953,0.1991797864010044,16.21279518077542,1.6232490305037357,5.0,0.0,58.6,0
909,2014,10,10,kobayashi,caterham,19,55.0,13.521739130434783,7.5,13.521739130434783,13.50943396226415,0.0,15.56942068299403,3.1737384341414314,5.0,0.0,58.6,0
909,2014,10,10,chilton,marussia,21,55.0,17.571428571428573,17.571428571428573,17.571428571428573,17.238095238095237,0.1991797864010044,17.16179769824043,2.0384277233709587,5.0,0.0,58.6,0
909,2014,10,10,ericsson,caterham,22,55.0,17.666666666666668,17.666666666666668,17.666666666666668,18.285714285714285,0.0,17.902490577239945,2.5190110742759493,5.0,0.0,58.6,0
909,2014,10,10,sutil,sauber,15,55.0,14.35593220338983,16.0,14.31858407079646,14.337078651685394,0.753165066806367,15.218639041122364,0.3803070487563736,5.0,0.0,58.6,0
909,2014,10,10,kvyat,toro_rosso,8,55.0,13.333333333333334,13.333333333333334,13.333333333333334,12.142857142857142,1.5188829394364016,14.276404693854108,-3.888088992744593,5.0,0.0,58.6,0
909,2014,10,10,grosjean,lotus_f1,14,55.0,12.166666666666666,18.0,12.166666666666666,12.317073170731708,3.118098149425637,12.129167398704064,0.7955532747815995,5.0,0.0,58.6,0
909,2014,10,10,massa,williams,3,55.0,8.707920792079207,6.714285714285714,8.721052631578948,8.673469387755102,11.302642751670884,11.44218780212815,-2.6055295970407717,5.0,0.0,58.6,0
910,2014,11,11,ricciardo,red_bull,4,44.0,13.033333333333331,15.333333333333334,13.033333333333331,13.23913043478261,22.267494997237478,6.399441887379271,-0.3516988846754986,5.0,0.0,47.642857142857146,1
910,2014,11,11,alonso,ferrari,5,44.0,6.488986784140969,7.333333333333333,6.254716981132075,6.049079754601227,11.53788672550348,5.204171874020033,2.33036549712046,5.0,0.0,47.642857142857146,0
910,2014,11,11,hamilton,mercedes,22,44.0,6.683453237410072,4.714285714285714,6.731343283582089,6.533333333333333,33.216982562105265,4.539212879693409,2.2627975134810283,5.0,0.0,47.642857142857146,0
910,2014,11,11,rosberg,mercedes,1,44.0,9.617834394904458,12.75,9.446666666666667,9.350427350427353,33.216982562105265,4.528804071718018,-2.40426510090825,5.0,0.0,47.642857142857146,0
910,2014,11,11,massa,williams,6,44.0,8.773399014778326,11.272727272727272,8.790575916230367,8.763513513513514,12.520344069548903,13.361790019923031,-5.586342397578815,5.0,0.0,47.642857142857146,0
910,2014,11,11,raikkonen,ferrari,16,44.0,7.892156862745098,5.454545454545454,8.016042780748663,7.846153846153846,11.53788672550348,11.675960200312607,-1.1546106359523147,5.0,0.0,47.642857142857146,0
910,2014,11,11,vettel,red_bull,2,44.0,6.592307692307692,9.285714285714286,6.444444444444445,6.565656565656566,22.267494997237478,7.625642379746091,-1.902531736451443,5.0,0.0,47.642857142857146,0
910,2014,11,11,bottas,williams,3,44.0,11.620689655172416,20.0,11.620689655172416,11.363636363636363,12.520344069548903,6.534446854536852,1.3634530665856113,5.0,0.0,47.642857142857146,0
910,2014,11,11,vergne,toro_rosso,8,44.0,14.591836734693878,14.0,14.591836734693878,14.567567567567568,1.2427224049934136,14.424502145579384,-2.739829131849705,5.0,0.0,47.642857142857146,0
910,2014,11,11,button,mclaren,7,44.0,9.069498069498067,9.214285714285714,8.820833333333333,8.51086956521739,9.13875918562776,7.856788796891866,1.4710655407651865,5.0,0.0,47.642857142857146,0
910,2014,11,11,sutil,sauber,11,44.0,14.394957983193278,19.0,14.359649122807015,14.38888888888889,0.6162259637506637,15.906159215493023,-0.416112414687782,5.0,0.0,47.642857142857146,0
910,2014,11,11,kevin_magnussen,mclaren,21,44.0,9.6,9.6,9.6,9.625,9.13875918562776,9.17469301209504,-1.5864013679217932,5.0,0.0,47.642857142857146,0
910,2014,11,11,maldonado,lotus_f1,20,44.0,15.338235294117649,13.0,15.338235294117649,15.403846153846152,2.55114079088454,15.409081627176386,2.1308965588255333,5.0,0.0,47.642857142857146,0
910,2014,11,11,kvyat,toro_rosso,10,44.0,14.0,14.0,14.0,13.125,1.2427224049934136,15.478681173822386,-5.5920459096752175,5.0,0.0,47.642857142857146,0
910,2014,11,11,jules_bianchi,marussia,15,44.0,17.06896551724138,16.0,17.06896551724138,16.863636363636363,0.1629633364494547,15.991630275006512,1.6919532057740485,5.0,0.0,47.642857142857146,0
910,2014,11,11,chilton,marussia,18,44.0,17.551724137931036,17.0,17.551724137931036,17.227272727272727,0.1629633364494547,17.132292326474282,2.396139358935164,5.0,0.0,47.642857142857146,0
910,2014,11,11,gutierrez,sauber,13,44.0,14.862068965517242,21.0,14.862068965517242,14.954545454545457,0.6162259637506637,15.973238151694106,1.0672491575021907,5.0,0.0,47.642857142857146,0
910,2014,11,11,kobayashi,caterham,17,44.0,13.557142857142855,12.666666666666666,13.557142857142855,13.555555555555555,0.0,15.647707893653,3.1421496028715787,5.0,0.0,47.642857142857146,0
910,2014,11,11,perez,force_india,12,44.0,12.208955223880595,12.666666666666666,12.208955223880595,12.25,7.745549214881006,10.519573075138876,0.5716298956109064,5.0,0.0,47.642857142857146,0
910,2014,11,11,hulkenberg,force_india,9,44.0,11.308823529411764,9.333333333333334,11.308823529411764,10.942307692307692,7.745549214881006,7.370695939202906,1.1732133189750071,5.0,0.0,47.642857142857146,0
910,2014,11,11,grosjean,lotus_f1,14,44.0,12.327272727272728,4.5,12.327272727272728,12.523809523809524,2.55114079088454,13.742072016135262,-0.6218428634894891,5.0,0.0,47.642857142857146,0
910,2014,11,11,ericsson,caterham,19,44.0,17.7,17.7,17.7,18.25,0.0,17.922973032635387,2.8301019284073687,5.0,0.0,47.642857142857146,0
911,2014,12,13,ricciardo,red_bull,5,46.0,12.836065573770492,13.333333333333334,12.836065573770492,12.97872340425532,23.85522317955793,5.4177204400458265,0.2577038552226062,4.0,0.0,38.07692307692308,1
911,2014,12,13,rosberg,mercedes,1,46.0,9.582278481012658,7.571428571428571,9.410596026490069,9.305084745762713,32.08662207205757,4.432657876860195,-2.512580537106752,4.0,0.0,38.07692307692308,0
911,2014,12,13,bottas,williams,6,46.0,11.5,15.0,11.5,11.217391304347826,12.789372420540012,6.801559981009199,0.2036439876466405,4.0,0.0,38.07692307692308,0
911,2014,12,13,raikkonen,ferrari,8,46.0,7.882926829268293,9.0,8.00531914893617,7.833333333333333,14.16736186632103,10.643967436619407,0.8735003887662893,4.0,0.0,38.07692307692308,0
911,2014,12,13,vettel,red_bull,3,46.0,6.595419847328245,6.857142857142857,6.448818897637795,6.57,23.85522317955793,7.5118892197918194,-2.4657077843715203,4.0,0.0,38.07692307692308,0
911,2014,12,13,button,mclaren,10,46.0,9.073076923076924,11.5,8.825726141078839,8.518918918918919,7.658984788240893,8.246463561093345,0.6581445333533337,4.0,0.0,38.07692307692308,0
911,2014,12,13,alonso,ferrari,4,46.0,6.469298245614035,11.1,6.234741784037559,6.024390243902439,14.16736186632103,4.621595169652754,2.45211722491674,4.0,0.0,38.07692307692308,0
911,2014,12,13,perez,force_india,13,46.0,12.308823529411764,17.333333333333332,12.308823529411764,12.37735849056604,6.3372675394212274,12.06147070710104,-0.8050317170151085,4.0,0.0,38.07692307692308,0
911,2014,12,13,kvyat,toro_rosso,11,46.0,14.0,14.0,14.0,13.22222222222222,1.380409240449159,15.176605096396385,-5.266810833993805,4.0,0.0,38.07692307692308,0
911,2014,12,13,hulkenberg,force_india,18,46.0,11.434782608695652,10.333333333333334,11.434782608695652,11.11320754716981,6.3372675394212274,9.666935267831752,-1.04010033981853,4.0,0.0,38.07692307692308,0
911,2014,12,13,vergne,toro_rosso,12,46.0,14.48,10.0,14.48,14.421052631578949,1.380409240449159,13.43818572624904,-2.42348267395936,4.0,0.0,38.07692307692308,0
911,2014,12,13,kevin_magnussen,mclaren,7,46.0,9.818181818181818,9.818181818181818,9.818181818181818,9.88888888888889,7.658984788240893,9.75186790790062,0.5762680809713311,4.0,0.0,38.07692307692308,0
911,2014,12,13,massa,williams,9,46.0,8.754901960784315,6.222222222222222,8.770833333333334,8.738255033557047,12.789372420540012,11.841464561755208,-4.38882559801903,4.0,0.0,38.07692307692308,0
911,2014,12,13,sutil,sauber,14,46.0,14.366666666666667,9.833333333333334,14.330434782608696,14.351648351648352,0.5041848794323612,15.014130267190492,-0.3404556120146408,4.0,0.0,38.07692307692308,0
911,2014,12,13,gutierrez,sauber,20,46.0,14.933333333333334,14.0,14.933333333333334,15.043478260869565,0.5041848794323612,16.160376754134102,0.143687450262274,4.0,0.0,38.07692307692308,0
911,2014,12,13,chilton,marussia,19,46.0,17.5,19.0,17.5,17.17391304347826,0.1333323380324038,16.92591963754009,2.323938618203593,4.0,0.0,38.07692307692308,0
911,2014,12,13,ericsson,caterham,22,46.0,18.09090909090909,18.09090909090909,18.09090909090909,18.666666666666668,0.0,18.7558586713143,1.639084992028479,4.0,0.0,38.07692307692308,0
911,2014,12,13,jules_bianchi,marussia,16,46.0,17.0,18.0,17.0,16.782608695652176,0.1333323380324038,15.810894786920262,1.3835761864634375,4.0,0.0,38.07692307692308,0
911,2014,12,13,hamilton,mercedes,2,46.0,6.6571428571428575,10.714285714285714,6.703703703703703,6.5,32.08662207205757,4.259355992476249,5.305925238304576,4.0,0.0,38.07692307692308,0
911,2014,12,13,grosjean,lotus_f1,15,46.0,12.482142857142858,16.666666666666668,12.482142857142858,12.72093023255814,2.0872766458360617,15.061712665771678,-1.7815230705430205,4.0,0.0,38.07692307692308,0
911,2014,12,13,maldonado,lotus_f1,17,46.0,15.304347826086955,15.666666666666666,15.304347826086955,15.358490566037736,2.0872766458360617,14.971066361127717,3.01618895205351,4.0,0.0,38.07692307692308,0
911,2014,12,13,lotterer,caterham,21,46.0,10.5,10.5,10.5,10.5,0.0,10.5,0.0,4.0,0.0,38.07692307692308,0
912,2014,13,14,hamilton,mercedes,1,23.0,6.74468085106383,8.285714285714286,6.794117647058823,7.147058823529412,29.525418014073537,6.939473084754676,1.250302467701654,2.0,0.0,27.714285714285715,1
912,2014,13,14,rosberg,mercedes,2,23.0,9.534591194968554,12.375,9.361842105263158,10.4,29.525418014073537,3.9903564447037896,-2.2375658939964294,2.0,0.0,27.714285714285715,0
912,2014,13,14,massa,williams,4,23.0,8.77560975609756,9.1,8.792746113989637,8.8,13.191304707714554,12.052107368708809,-4.318130034742842,2.0,0.0,27.714285714285715,0
912,2014,13,14,bottas,williams,3,23.0,11.225806451612904,15.0,11.225806451612904,12.428571428571429,13.191304707714554,6.108990657066111,0.713084954685026,2.0,0.0,27.714285714285715,0
912,2014,13,14,ricciardo,red_bull,9,23.0,12.64516129032258,11.666666666666666,12.64516129032258,12.357142857142858,25.881546237820128,4.614495368444394,0.9381240243203604,2.0,0.0,27.714285714285715,0
912,2014,13,14,vettel,red_bull,8,23.0,6.583333333333333,7.857142857142857,6.4375,6.67741935483871,25.881546237820128,7.055182088919149,-2.381033641758251,2.0,0.0,27.714285714285715,0
912,2014,13,14,perez,force_india,10,23.0,12.246376811594205,10.333333333333334,12.246376811594205,12.066666666666666,6.094127986795391,11.32302077155243,0.2504296186514449,2.0,0.0,27.714285714285715,0
912,2014,13,14,button,mclaren,6,23.0,9.061302681992338,9.714285714285714,8.814049586776859,10.44,7.720987554015276,7.838015640894555,1.2657546181981825,2.0,0.0,27.714285714285715,0
912,2014,13,14,raikkonen,ferrari,11,23.0,7.864077669902913,7.454545454545454,7.984126984126984,8.0,14.86420516335357,9.43597335723406,1.4419548635360553,2.0,0.0,27.714285714285715,0
912,2014,13,14,kevin_magnussen,mclaren,5,23.0,10.0,10.0,10.0,9.5,7.720987554015276,10.201040585363735,-0.5378600759035719,2.0,0.0,27.714285714285715,0
912,2014,13,14,kvyat,toro_rosso,21,23.0,13.583333333333334,13.583333333333334,13.583333333333334,17.5,1.493062105822041,13.942530702578226,-3.8149153291016114,2.0,0.0,27.714285714285715,0
912,2014,13,14,hulkenberg,force_india,13,23.0,11.414285714285716,11.0,11.414285714285716,12.5,6.094127986795391,9.727492539907985,0.6035555714843015,2.0,0.0,27.714285714285715,0
912,2014,13,14,vergne,toro_rosso,12,23.0,14.411764705882351,22.5,14.411764705882351,14.666666666666666,1.493062105822041,12.994863306253356,-1.8010089191942409,2.0,0.0,27.714285714285715,0
912,2014,13,14,maldonado,lotus_f1,16,23.0,15.385714285714286,12.0,15.385714285714286,15.125,1.7077581686870402,16.067236983342717,1.7405172213908535,2.0,0.0,27.714285714285715,0
912,2014,13,14,sutil,sauber,14,23.0,14.363636363636363,15.5,14.327586206896552,14.413793103448276,0.41251490135375,14.829742945877875,-0.2785545916465784,2.0,0.0,27.714285714285715,0
912,2014,13,14,grosjean,lotus_f1,17,23.0,12.614035087719298,11.5,12.614035087719298,11.692307692307692,1.7077581686870402,15.95959276534071,-2.366706999767147,2.0,0.0,27.714285714285715,0
912,2014,13,14,kobayashi,caterham,18,23.0,13.619718309859154,17.0,13.619718309859154,13.5625,0.0,16.075397645164255,2.38903100438011,2.0,0.0,27.714285714285715,0
912,2014,13,14,jules_bianchi,marussia,19,23.0,17.032258064516128,19.0,17.032258064516128,17.714285714285715,0.1090892239316815,16.20970662338652,0.7671552740813529,2.0,0.0,27.714285714285715,0
912,2014,13,14,gutierrez,sauber,15,23.0,14.935483870967742,13.0,14.935483870967742,14.571428571428571,0.41251490135375,15.948978973185088,1.0284119097551694,2.0,0.0,27.714285714285715,0
912,2014,13,14,ericsson,caterham,22,23.0,18.0,18.0,18.0,15.5,0.0,18.4050413223637,2.3105896594640973,2.0,0.0,27.714285714285715,0
912,2014,13,14,alonso,ferrari,7,23.0,6.471615720524017,6.416666666666667,6.238317757009346,7.609375,14.86420516335357,5.054032411534072,1.4608231840227863,2.0,0.0,27.714285714285715,0
912,2014,13,14,chilton,marussia,20,23.0,17.451612903225808,20.0,17.451612903225808,18.571428571428573,0.1090892239316815,16.757235323574186,2.4471036810919253,2.0,0.0,27.714285714285715,0
913,2014,14,15,hamilton,mercedes,1,54.0,6.704225352112676,9.5,6.751824817518248,6.616822429906542,31.97534204664137,5.859568887526098,1.0229747463012575,4.0,0.0,45.583333333333336,1
913,2014,14,15,vettel,red_bull,4,54.0,6.578947368421052,2.333333333333333,6.434108527131783,6.554455445544554,24.448537830943746,6.863330800024266,-1.584482070527435,4.0,0.0,45.583333333333336,0
913,2014,14,15,ricciardo,red_bull,3,54.0,12.523809523809524,16.666666666666668,12.523809523809524,12.729166666666666,24.448537830943746,4.684587346208847,1.4948305467266794,4.0,0.0,45.583333333333336,0
913,2014,14,15,alonso,ferrari,5,54.0,6.534782608695652,2.333333333333333,6.306976744186047,6.03030303030303,12.525258770016556,7.953299245800607,-1.350235576708631,4.0,0.0,45.583333333333336,0
913,2014,14,15,massa,williams,6,54.0,8.74757281553398,8.8,8.762886597938145,8.766666666666667,15.701976579039185,10.406269665307205,-3.3511973011532343,4.0,0.0,45.583333333333336,0
913,2014,14,15,vergne,toro_rosso,12,54.0,14.384615384615383,17.0,14.384615384615383,14.333333333333334,1.2215962683998485,12.995797278019806,-1.6553666535459874,4.0,0.0,45.583333333333336,0
913,2014,14,15,perez,force_india,15,54.0,12.17142857142857,9.333333333333334,12.17142857142857,12.296296296296296,6.077013807377828,10.5370163712971,0.7503519028035979,4.0,0.0,45.583333333333336,0
913,2014,14,15,raikkonen,ferrari,7,54.0,7.869565217391305,8.5,7.989473684210527,7.8068965517241375,12.525258770016556,9.356705474100592,1.543417615620409,4.0,0.0,45.583333333333336,0
913,2014,14,15,hulkenberg,force_india,13,54.0,11.422535211267606,11.0,11.422535211267606,11.092592592592592,6.077013807377828,10.140675982683549,0.675636423459447,4.0,0.0,45.583333333333336,0
913,2014,14,15,kevin_magnussen,mclaren,9,54.0,10.0,10.0,10.0,10.1,7.2262625441943165,10.161582500249189,-1.413640936765403,4.0,0.0,45.583333333333336,0
913,2014,14,15,bottas,williams,8,54.0,11.0,13.0,11.0,10.875,15.701976579039185,5.7249131941883,0.4011076014970879,4.0,0.0,45.583333333333336,0
913,2014,14,15,maldonado,lotus_f1,18,54.0,15.366197183098592,14.666666666666666,15.366197183098592,15.462962962962964,1.3972475577476648,15.691375469657771,1.7876959390362317,4.0,0.0,45.583333333333336,0
913,2014,14,15,grosjean,lotus_f1,16,54.0,12.672413793103448,16.0,12.672413793103448,12.886363636363637,1.3972475577476648,15.966939600051177,-1.7545730575556115,4.0,0.0,45.583333333333336,0
913,2014,14,15,kvyat,toro_rosso,10,54.0,13.384615384615383,13.384615384615383,13.384615384615383,12.8,1.2215962683998485,13.365002405471278,-1.1034722445139171,4.0,0.0,45.583333333333336,0
913,2014,14,15,ericsson,caterham,22,54.0,18.153846153846157,18.153846153846157,18.153846153846157,18.5,0.0,18.71808266743587,2.2496304596256183,4.0,0.0,45.583333333333336,0
913,2014,14,15,jules_bianchi,marussia,19,54.0,17.0625,18.0,17.0625,16.833333333333332,0.0892542366418995,16.53574473815618,0.8095596400161565,4.0,0.0,45.583333333333336,0
913,2014,14,15,chilton,marussia,21,54.0,17.59375,17.0,17.59375,17.125,0.0892542366418995,17.712018005346835,1.6372222843841442,4.0,0.0,45.583333333333336,0
913,2014,14,15,button,mclaren,11,54.0,9.057251908396946,4.833333333333333,8.810699588477366,8.505376344086022,7.2262625441943165,7.867467342550091,0.671981051253058,4.0,0.0,45.583333333333336,0
913,2014,14,15,sutil,sauber,17,54.0,14.368852459016392,12.4,14.333333333333334,14.347826086956522,0.3375121920167045,14.860698773900802,-0.4097264840775318,4.0,0.0,45.583333333333336,0
913,2014,14,15,gutierrez,sauber,14,54.0,15.0625,12.0,15.0625,15.041666666666666,0.3375121920167045,16.504613684623827,0.1126659427768073,4.0,0.0,45.583333333333336,0
913,2014,14,15,rosberg,mercedes,2,54.0,9.4875,5.666666666666667,9.31372549019608,9.243697478991596,31.97534204664137,3.628473454757642,-1.8307357314516195,4.0,0.0,45.583333333333336,0
913,2014,14,15,kobayashi,caterham,20,54.0,13.666666666666666,16.0,13.666666666666666,13.636363636363637,0.0,16.243507253510582,2.136479778541268,4.0,0.0,45.583333333333336,0
914,2014,15,22,hamilton,mercedes,2,79.0,6.664335664335664,7.6,6.710144927536232,6.564814814814815,30.707098023283383,4.976010907975594,0.8369793378827828,4.0,0.0,44.66666666666666,1
914,2014,15,22,rosberg,mercedes,1,79.0,9.559006211180124,12.333333333333334,9.38961038961039,9.341666666666669,30.707098023283383,6.786932826619919,-4.952420143914991,4.0,0.0,44.66666666666666,0
914,2014,15,22,vettel,red_bull,9,79.0,6.544776119402985,1.4,6.4,6.509803921568627,26.00334913440852,5.979088836381634,-0.9327580577028972,4.0,0.0,44.66666666666666,0
914,2014,15,22,ricciardo,red_bull,6,79.0,12.375,15.0,12.375,12.53061224489796,26.00334913440852,4.378297927740599,1.2230424557761694,4.0,0.0,44.66666666666666,0
914,2014,15,22,button,mclaren,8,79.0,9.091254752851713,5.0,8.848360655737705,8.556149732620321,6.094214808886258,9.709746007540984,-0.7229245944293171,4.0,0.0,44.66666666666666,0
914,2014,15,22,bottas,williams,3,79.0,11.0,17.0,11.0,10.88,14.665253564668422,6.685297764100283,-0.2180995094625854,4.0,0.0,44.66666666666666,0
914,2014,15,22,massa,williams,4,79.0,8.729468599033817,10.0,8.743589743589743,8.741721854304636,14.665253564668422,9.423311544342258,-2.560070519125373,4.0,0.0,44.66666666666666,0
914,2014,15,22,hulkenberg,force_india,13,79.0,11.38888888888889,11.0,11.38888888888889,11.054545454545456,6.4266476605855125,9.933280239317677,1.2800664856696102,4.0,0.0,44.66666666666666,0
914,2014,15,22,vergne,toro_rosso,20,79.0,14.226415094339623,12.5,14.226415094339623,14.125,2.4540333105089784,11.723803550352317,-0.2634483375450377,4.0,0.0,44.66666666666666,0
914,2014,15,22,perez,force_india,11,79.0,12.098591549295774,15.0,12.098591549295774,12.2,6.4266476605855125,9.893922068149296,2.068470594299388,4.0,0.0,44.66666666666666,0
914,2014,15,22,kvyat,toro_rosso,12,79.0,13.428571428571429,13.428571428571429,13.428571428571429,12.909090909090908,2.4540333105089784,13.487857519988736,-1.6638731848786363,4.0,0.0,44.66666666666666,0
914,2014,15,22,raikkonen,ferrari,10,79.0,7.8701923076923075,5.888888888888889,7.989528795811518,7.808219178082192,13.15702990274082,9.110031751536848,1.0809780491439709,4.0,0.0,44.66666666666666,0
914,2014,15,22,gutierrez,sauber,15,79.0,15.212121212121213,7.0,15.212121212121213,15.24,0.2761463389227582,17.140985218732116,-1.0002086446141778,4.0,0.0,44.66666666666666,0
914,2014,15,22,kevin_magnussen,mclaren,7,79.0,10.0,10.0,10.0,10.090909090909092,6.094214808886258,10.130320591947214,-1.3336124372981937,4.0,0.0,44.66666666666666,0
914,2014,15,22,grosjean,lotus_f1,16,79.0,12.677966101694915,12.666666666666666,12.677966101694915,12.88888888888889,1.1431964383651978,15.427492145158668,-0.8900989931174181,4.0,0.0,44.66666666666666,0
914,2014,15,22,maldonado,lotus_f1,22,79.0,15.319444444444445,12.666666666666666,15.319444444444445,15.4,1.1431964383651978,15.020215936894465,2.553569811431968,4.0,0.0,44.66666666666666,0
914,2014,15,22,ericsson,caterham,17,79.0,17.928571428571427,17.928571428571427,17.928571428571427,18.181818181818183,0.0,17.998732742603142,3.168700388254346,4.0,0.0,44.66666666666666,0
914,2014,15,22,chilton,marussia,21,79.0,17.575757575757574,19.0,17.575757575757574,17.12,0.0730258033891308,17.58238770142819,2.067390610279623,4.0,0.0,44.66666666666666,0
914,2014,15,22,kobayashi,caterham,19,79.0,13.780821917808218,7.666666666666667,13.780821917808218,13.785714285714286,0.0,17.290142753139595,1.3843922192615128,4.0,0.0,44.66666666666666,0
914,2014,15,22,jules_bianchi,marussia,18,79.0,17.03030303030303,22.0,17.03030303030303,16.8,0.0730258033891308,16.43820682098487,1.208352152913436,4.0,0.0,44.66666666666666,0
914,2014,15,22,sutil,sauber,14,79.0,14.40650406504065,14.0,14.372881355932204,14.397849462365592,0.2761463389227582,15.613298996842287,-0.6988671233416788,4.0,0.0,44.66666666666666,0
914,2014,15,22,alonso,ferrari,5,79.0,6.523809523809524,8.0,6.296296296296297,6.018072289156627,13.15702990274082,7.23451756474595,-0.9229200173070614,4.0,0.0,44.66666666666666,0
915,2014,16,71,hamilton,mercedes,1,23.0,6.625,6.669064748201439,6.669064748201439,6.971428571428572,32.94217113141151,4.253099833798009,0.8666194582677397,1.0,0.0,24.5,1
915,2014,16,71,rosberg,mercedes,2,23.0,9.512345679012345,9.341935483870968,9.341935483870968,10.195121951219512,32.94217113141151,5.916581403598109,-4.233798299566805,1.0,0.0,24.5,0
915,2014,16,71,bottas,williams,3,23.0,10.852941176470589,10.852941176470589,10.852941176470589,11.375,14.544298371092346,6.560562375649393,-0.7244508453296659,1.0,0.0,24.5,0
915,2014,16,71,button,mclaren,4,23.0,9.075757575757576,8.83265306122449,8.83265306122449,10.407894736842104,6.804357570906938,8.853428551624441,-0.0460292136239862,1.0,0.0,24.5,0
915,2014,16,71,kevin_magnussen,mclaren,11,23.0,10.266666666666667,10.266666666666667,10.266666666666667,9.666666666666666,6.804357570906938,10.870374985152738,-2.417277146228885,1.0,0.0,24.5,0
915,2014,16,71,alonso,ferrari,7,23.0,6.590517241379311,6.368663594470046,6.368663594470046,7.815384615384615,10.764842647697034,9.919150734792142,-3.84602546870578,1.0,0.0,24.5,0
915,2014,16,71,ricciardo,red_bull,6,23.0,12.246153846153844,12.246153846153844,12.246153846153844,11.866666666666667,26.18455838269788,4.309516337496257,1.3643077695018575,1.0,0.0,24.5,0
915,2014,16,71,vettel,red_bull,10,23.0,6.518518518518518,6.374045801526718,6.374045801526718,6.65625,26.18455838269788,5.437436320674952,0.3277434073361576,1.0,0.0,24.5,0
915,2014,16,71,raikkonen,ferrari,8,23.0,7.889952153110048,8.010416666666666,8.010416666666666,8.016129032258064,10.764842647697034,9.635480523984691,0.5208002220268848,1.0,0.0,24.5,0
915,2014,16,71,perez,force_india,12,23.0,12.069444444444445,12.069444444444445,12.069444444444445,11.75,6.167257176840474,9.913208975092962,1.874203110339596,1.0,0.0,24.5,0
915,2014,16,71,massa,williams,18,23.0,8.721153846153847,8.73469387755102,8.73469387755102,8.696428571428571,14.544298371092346,8.982709445370938,-2.640057697466214,1.0,0.0,24.5,0
915,2014,16,71,hulkenberg,force_india,17,23.0,11.342465753424657,11.342465753424657,11.342465753424657,12.470588235294118,6.167257176840474,9.581774588514042,1.956418327636627,1.0,0.0,24.5,0
915,2014,16,71,vergne,toro_rosso,9,23.0,14.12962962962963,14.12962962962963,14.12962962962963,14.538461538461538,2.3714817995073454,11.228556797761106,1.7844916511617537,1.0,0.0,24.5,0
915,2014,16,71,kvyat,toro_rosso,5,23.0,13.266666666666667,13.266666666666667,13.266666666666667,15.333333333333334,2.3714817995073454,13.012068780615223,-1.154422440894696,1.0,0.0,24.5,0
915,2014,16,71,gutierrez,sauber,13,23.0,15.147058823529411,15.147058823529411,15.147058823529411,15.125,0.2259379136640748,16.387258259610807,-0.4541216583083245,1.0,0.0,24.5,0
915,2014,16,71,sutil,sauber,14,23.0,14.459677419354838,14.428571428571429,14.428571428571429,14.433333333333334,0.2259379136640748,16.592699179249887,-1.8445276463883475,1.0,0.0,24.5,0
915,2014,16,71,grosjean,lotus_f1,15,23.0,12.716666666666669,12.716666666666669,12.716666666666669,12.0,0.935338451102875,15.34976584185402,-0.546442602517942,1.0,0.0,24.5,0
915,2014,16,71,maldonado,lotus_f1,21,23.0,15.32876712328767,15.32876712328767,15.32876712328767,15.058823529411764,0.935338451102875,15.198358571234165,3.180193754378517,1.0,0.0,24.5,0
915,2014,16,71,ericsson,caterham,16,23.0,17.866666666666667,17.866666666666667,17.866666666666667,17.0,0.0,17.807730730326995,2.562704284752924,1.0,0.0,24.5,0
915,2014,16,71,kobayashi,caterham,19,23.0,13.85135135135135,13.85135135135135,13.85135135135135,13.764705882352942,0.0,17.601025999463452,1.132684453540271,1.0,0.0,24.5,0
915,2014,16,71,chilton,marussia,20,23.0,17.58823529411765,17.58823529411765,17.58823529411765,19.0,0.059748123367327,17.65839996210237,2.237140754806133,1.0,0.0,24.5,0
916,2014,17,69,hamilton,mercedes,2,36.0,6.586206896551724,2.5,6.628571428571429,6.805555555555555,34.77086730369738,3.661627136743689,0.7090522840372051,3.0,0.0,32.916666666666664,1
916,2014,17,69,rosberg,mercedes,1,36.0,9.466257668711656,11.0,9.294871794871796,10.0,34.77086730369738,5.204475693852993,-3.4640167905546537,3.0,0.0,32.916666666666664,0
916,2014,17,69,ricciardo,red_bull,5,36.0,12.166666666666666,11.5,12.166666666666666,11.5625,23.241911404025533,4.79869605130188,0.9344328685121104,3.0,0.0,32.916666666666664,0
916,2014,17,69,massa,williams,4,36.0,8.732057416267942,8.5,8.746192893401016,8.736842105263158,14.62715321271192,9.349489546212586,-0.8873199342905376,3.0,0.0,32.916666666666664,0
916,2014,17,69,bottas,williams,3,36.0,10.628571428571428,8.0,10.628571428571428,10.444444444444445,14.62715321271192,5.912610250825796,-0.5926150803471762,3.0,0.0,32.916666666666664,0
916,2014,17,69,alonso,ferrari,6,36.0,6.587982832618025,4.0,6.36697247706422,7.787878787878788,10.625780348115754,9.206577873920844,-2.964929928941092,3.0,0.0,32.916666666666664,0
916,2014,17,69,vettel,red_bull,18,36.0,6.529411764705882,1.5,6.386363636363637,6.696969696969697,23.241911404025533,5.903356989643798,0.6317900605481925,3.0,0.0,32.916666666666664,0
916,2014,17,69,kevin_magnussen,mclaren,7,36.0,9.9375,9.9375,9.9375,8.5,9.56720164892386,9.758182563477764,-0.8225524690402882,3.0,0.0,32.916666666666664,0
916,2014,17,69,maldonado,lotus_f1,10,36.0,15.364864864864863,13.0,15.364864864864863,15.22222222222222,0.7652741770431458,15.7077481030266,3.147431241934078,3.0,0.0,32.916666666666664,0
916,2014,17,69,vergne,toro_rosso,14,36.0,14.10909090909091,18.0,14.10909090909091,14.428571428571429,1.940303290506007,11.55064256454593,0.7327489666827326,3.0,0.0,32.916666666666664,0
916,2014,17,69,grosjean,lotus_f1,16,36.0,12.78688524590164,4.5,12.78688524590164,12.333333333333334,0.7652741770431458,15.64980986491517,-0.810727041873384,3.0,0.0,32.916666666666664,0
916,2014,17,69,button,mclaren,12,36.0,9.056603773584904,7.5,8.8130081300813,10.324675324675324,9.56720164892386,7.970986996783633,-0.0376602656923524,3.0,0.0,32.916666666666664,0
916,2014,17,69,raikkonen,ferrari,8,36.0,7.895238095238096,6.0,8.015544041450777,8.031746031746032,10.625780348115754,9.51993861053293,0.2442910907492692,3.0,0.0,32.916666666666664,0
916,2014,17,69,gutierrez,sauber,15,36.0,15.142857142857142,14.0,15.142857142857142,15.11111111111111,0.1848582929978794,16.134804618258727,-0.7354410260206268,3.0,0.0,32.916666666666664,0
916,2014,17,69,kvyat,toro_rosso,17,36.0,13.3125,13.3125,13.3125,15.0,1.940303290506007,13.199240744606428,-2.640833773555607,3.0,0.0,32.916666666666664,0
916,2014,17,69,hulkenberg,force_india,13,36.0,11.35135135135135,7.0,11.35135135135135,12.444444444444445,5.227755871953816,10.021452092379354,2.509797010268467,3.0,0.0,32.916666666666664,0
916,2014,17,69,perez,force_india,11,36.0,12.04109589041096,9.0,12.04109589041096,11.647058823529411,5.227755871953816,9.92898916829694,1.897075282035076,3.0,0.0,32.916666666666664,0
916,2014,17,69,sutil,sauber,9,36.0,14.472,22.0,14.441666666666666,14.483870967741936,0.1848582929978794,16.48493569211217,-1.8727953470453729,3.0,0.0,32.916666666666664,0
917,2014,18,18,rosberg,mercedes,1,52.0,9.420731707317072,10.875,9.248407643312104,9.28099173553719,36.26707325809303,4.621843749516082,-3.016013737726533,5.0,0.0,53.92307692307692,1
917,2014,18,18,hamilton,mercedes,2,52.0,6.5479452054794525,10.0,6.588652482269503,6.513761467889908,36.26707325809303,3.1776949300629265,0.7619518687577232,5.0,0.0,53.92307692307692,0
917,2014,18,18,massa,williams,3,52.0,8.709523809523809,6.9,8.722222222222221,8.730263157894736,15.967670810400664,8.376855083264843,-0.7259890371468033,5.0,0.0,53.92307692307692,0
917,2014,18,18,button,mclaren,5,52.0,9.06766917293233,8.0,8.82591093117409,8.537234042553191,8.554983167301339,8.703534815550245,-0.0308129446573792,5.0,0.0,53.92307692307692,0
917,2014,18,18,vettel,red_bull,6,52.0,6.532846715328467,5.142857142857143,6.390977443609023,6.475728155339806,22.83429114874816,6.102746627890609,2.5169191404506885,5.0,0.0,53.92307692307692,0
917,2014,18,18,alonso,ferrari,8,52.0,6.585470085470085,5.666666666666667,6.365296803652968,6.11377245508982,10.148365739367437,8.623563715026144,-2.425851760042711,5.0,0.0,53.92307692307692,0
917,2014,18,18,raikkonen,ferrari,10,52.0,7.919431279620853,5.5,8.041237113402062,7.836734693877551,10.148365739367437,10.15267704498149,-0.7092163802960532,5.0,0.0,53.92307692307692,0
917,2014,18,18,hulkenberg,force_india,12,52.0,11.413333333333334,7.0,11.413333333333334,11.0,4.2772548043204095,11.108461119061737,1.5080154442605724,5.0,0.0,53.92307692307692,0
917,2014,18,18,kevin_magnussen,mclaren,7,52.0,9.823529411764708,9.823529411764708,9.823529411764708,10.416666666666666,8.554983167301339,9.427605649326324,-0.8559164998451559,5.0,0.0,53.92307692307692,0
917,2014,18,18,bottas,williams,4,52.0,10.47222222222222,21.0,10.47222222222222,10.692307692307692,15.967670810400664,5.746560101056159,-0.8486898685499321,5.0,0.0,53.92307692307692,0
917,2014,18,18,kvyat,toro_rosso,17,52.0,13.411764705882351,13.411764705882351,13.411764705882351,12.75,1.76933905586855,13.5378230113991,-1.7682551575345455,5.0,0.0,53.92307692307692,0
917,2014,18,18,maldonado,lotus_f1,16,52.0,15.28,20.33333333333333,15.28,15.410714285714286,0.9897727378930172,14.488157184066583,2.756989084368245,5.0,0.0,53.92307692307692,0
917,2014,18,18,vergne,toro_rosso,15,52.0,14.035714285714286,11.5,14.035714285714286,14.0,1.76933905586855,11.268703839639809,1.3268024328671948,5.0,0.0,53.92307692307692,0
917,2014,18,18,gutierrez,sauber,11,52.0,15.11111111111111,12.0,15.11111111111111,15.153846153846152,0.1512476942709922,15.746375246278728,-0.4196761723754482,5.0,0.0,53.92307692307692,0
917,2014,18,18,perez,force_india,18,52.0,12.108108108108109,14.333333333333334,12.108108108108109,12.160714285714286,4.2772548043204095,11.214627958428329,0.4612429020800377,5.0,0.0,53.92307692307692,0
917,2014,18,18,sutil,sauber,13,52.0,14.5,13.333333333333334,14.47107438016529,14.46808510638298,0.1512476942709922,16.760401929912838,-3.1686507385052094,5.0,0.0,53.92307692307692,0
917,2014,18,18,grosjean,lotus_f1,14,52.0,12.758064516129032,18.666666666666668,12.758064516129032,12.934782608695652,0.9897727378930172,14.804386549346386,0.2457729579810007,5.0,0.0,53.92307692307692,0
917,2014,18,18,ricciardo,red_bull,9,52.0,12.029850746268655,14.333333333333334,12.029850746268655,12.36,22.83429114874816,4.471659931877292,1.1281726276092428,5.0,0.0,53.92307692307692,0
918,2014,19,24,hamilton,mercedes,2,41.0,6.517006802721088,10.0,6.556338028169014,6.648648648648648,37.49124176305695,2.963568579142361,0.6234151653472066,3.0,0.0,31.857142857142858,1
918,2014,19,24,massa,williams,4,41.0,8.682464454976303,7.5,8.693467336683417,8.655172413793103,15.973548844873273,7.39924506812578,-0.593991030392839,3.0,0.0,31.857142857142858,0
918,2014,19,24,bottas,williams,3,41.0,10.45945945945946,15.0,10.45945945945946,9.9,15.973548844873273,6.520374212668085,-1.7858505121023045,3.0,0.0,31.857142857142858,0
918,2014,19,24,ricciardo,red_bull,20,41.0,12.117647058823527,15.666666666666666,12.117647058823527,11.058823529411764,20.500783667157584,6.931361041295067,-0.7133154871970112,3.0,0.0,31.857142857142858,0
918,2014,19,24,button,mclaren,6,41.0,9.04868913857678,5.0,8.806451612903226,10.346153846153848,9.544986227792004,7.848346667268382,0.1566075907348716,3.0,0.0,31.857142857142858,0
918,2014,19,24,hulkenberg,force_india,12,41.0,11.36842105263158,18.0,11.36842105263158,12.63157894736842,4.2268448398982805,10.543286235626798,1.9611036531415045,3.0,0.0,31.857142857142858,0
918,2014,19,24,perez,force_india,11,41.0,12.146666666666668,11.666666666666666,12.146666666666668,11.944444444444445,4.2268448398982805,11.902877620740917,0.9228352359769258,3.0,0.0,31.857142857142858,0
918,2014,19,24,vettel,red_bull,19,41.0,6.521739130434782,6.0,6.380597014925373,6.705882352941177,20.500783667157584,5.902247241001219,2.2411156603684854,3.0,0.0,31.857142857142858,0
918,2014,19,24,alonso,ferrari,8,41.0,6.582978723404255,6.0,6.363636363636363,7.761194029850746,10.848662877664266,8.146552130475936,-1.621151440034945,3.0,0.0,31.857142857142858,0
918,2014,19,24,raikkonen,ferrari,7,41.0,7.915094339622642,11.666666666666666,8.035897435897436,8.109375,10.848662877664266,9.579463036803036,-0.0348134020604067,3.0,0.0,31.857142857142858,0
918,2014,19,24,kevin_magnussen,mclaren,9,41.0,9.77777777777778,9.77777777777778,9.77777777777778,8.4,9.544986227792004,9.347702104357044,-1.0697030285013058,3.0,0.0,31.857142857142858,0
918,2014,19,24,vergne,toro_rosso,10,41.0,14.017543859649123,14.5,14.017543859649123,14.133333333333333,1.4476410457106306,11.583488351685746,1.4492033094661032,3.0,0.0,31.857142857142858,0
918,2014,19,24,grosjean,lotus_f1,18,41.0,12.825396825396826,13.666666666666666,12.825396825396826,12.25,0.8098121190990587,15.203590285347024,-0.3443694874709219,3.0,0.0,31.857142857142858,0
918,2014,19,24,rosberg,mercedes,1,41.0,9.36969696969697,9.0,9.19620253164557,9.813953488372093,37.49124176305695,3.963326704149519,-2.467647603594433,3.0,0.0,31.857142857142858,0
918,2014,19,24,gutierrez,sauber,14,41.0,15.08108108108108,13.0,15.08108108108108,15.0,0.1237481134944481,15.428663031730736,-0.8891058664073703,3.0,0.0,31.857142857142858,0
918,2014,19,24,sutil,sauber,13,41.0,14.511811023622048,12.0,14.48360655737705,14.59375,0.1237481134944481,16.622147033563866,-3.1379869678676364,3.0,0.0,31.857142857142858,0
918,2014,19,24,stevens,caterham,17,41.0,10.5,10.5,10.5,10.5,0.0,10.5,0.0,3.0,0.0,31.857142857142858,0
918,2014,19,24,kobayashi,caterham,16,41.0,13.933333333333334,9.0,13.933333333333334,14.11111111111111,0.0,18.03720321735204,0.7449235310078158,3.0,0.0,31.857142857142858,0
918,2014,19,24,maldonado,lotus_f1,15,41.0,15.236842105263158,10.0,15.236842105263158,14.894736842105264,0.8098121190990587,14.035764861109977,2.982991122818249,3.0,0.0,31.857142857142858,0
918,2014,19,24,kvyat,toro_rosso,5,41.0,13.27777777777778,13.27777777777778,13.27777777777778,15.0,1.4476410457106306,13.063598558483486,-0.316658046292427,3.0,0.0,31.857142857142858,0
926,2015,1,1,hamilton,mercedes,1,17.0,6.47972972972973,7.375,6.5174825174825175,6.472727272727273,39.76556145228329,2.606556110207341,0.6918851352840868,4.0,0.0,35.0,1
926,2015,1,1,rosberg,mercedes,2,17.0,9.397590361445785,10.22222222222222,9.226415094339623,9.21311475409836,39.76556145228329,5.788176394304158,-4.38262076657727,4.0,0.0,35.0,0
926,2015,1,1,vettel,ferrari,4,17.0,6.532374100719425,10.571428571428571,6.392592592592592,6.461538461538462,9.967087808998034,6.283656833546745,3.833640085757259,4.0,0.0,35.0,0
926,2015,1,1,massa,williams,3,17.0,8.650943396226415,12.583333333333334,8.66,8.69281045751634,25.069267236714506,6.417564146648365,-0.1223562975941406,4.0,0.0,35.0,0
926,2015,1,1,nasr,sauber,10,17.0,10.5,10.5,10.5,10.5,0.1012484564954575,10.5,0.0,4.0,0.0,35.0,0
926,2015,1,1,ricciardo,red_bull,6,17.0,12.0,16.666666666666668,12.0,12.470588235294118,22.59155027312893,6.398385789687473,2.3254720935543824,4.0,0.0,35.0,0
926,2015,1,1,hulkenberg,force_india,13,17.0,11.2987012987013,18.0,11.2987012987013,10.947368421052632,8.549236687206063,9.71723403192708,2.6954485864795887,4.0,0.0,35.0,0
926,2015,1,1,ericsson,sauber,15,17.0,17.9375,17.0,17.9375,18.08333333333333,0.1012484564954575,18.033616274211337,1.5088026915551032,4.0,0.0,35.0,0
926,2015,1,1,sainz,toro_rosso,7,17.0,10.5,10.5,10.5,10.5,1.1844335828541512,10.5,0.0,4.0,0.0,35.0,0
926,2015,1,1,perez,force_india,14,17.0,12.078947368421051,12.75,12.078947368421051,12.210526315789474,8.549236687206063,11.011445113895078,1.4823198716868895,4.0,0.0,35.0,0
926,2015,1,1,button,mclaren,16,17.0,9.03358208955224,9.066666666666666,8.791164658634537,8.513227513227513,11.445897822738916,7.330465455037768,0.3099516651467133,4.0,0.0,35.0,0
926,2015,1,1,raikkonen,ferrari,5,17.0,7.924882629107981,6.75,8.045918367346939,7.831081081081081,9.967087808998034,9.655924302838848,-0.573938238049424,4.0,0.0,35.0,0
926,2015,1,1,max_verstappen,toro_rosso,11,17.0,10.5,10.5,10.5,10.5,1.1844335828541512,10.5,0.0,4.0,0.0,35.0,0
926,2015,1,1,grosjean,lotus_f1,8,17.0,12.828125,15.333333333333334,12.828125,13.02127659574468,0.6625722538690076,14.802936446553709,0.6273366256497808,4.0,0.0,35.0,0
926,2015,1,1,maldonado,lotus_f1,9,17.0,15.285714285714286,17.5,15.285714285714286,15.350877192982455,0.6625722538690076,14.938353243943386,1.7133561259768555,4.0,0.0,35.0,0
926,2015,1,1,kvyat,red_bull,12,17.0,13.63157894736842,9.0,13.63157894736842,12.615384615384617,22.59155027312893,14.35324758632544,-3.046655413908719,4.0,0.0,35.0,0
926,2015,1,1,kevin_magnussen,mclaren,17,17.0,9.842105263157896,2.0,9.842105263157896,10.307692307692308,11.445897822738916,9.65490525469192,-1.2426683037976127,4.0,0.0,35.0,0
926,2015,1,1,bottas,williams,22,17.0,10.263157894736842,9.5,10.263157894736842,10.666666666666666,25.069267236714506,5.879993759351914,-1.4609919341762267,4.0,0.0,35.0,0
927,2015,2,2,vettel,ferrari,2,50.0,6.507142857142857,7.142857142857143,6.367647058823529,6.428571428571429,10.882162752816576,5.686628318356052,3.318432797437433,5.0,0.0,53.85714285714285,1
927,2015,2,2,hamilton,mercedes,1,50.0,6.442953020134228,4.375,6.479166666666667,6.423423423423423,40.3536411903013,2.314454999260521,0.5660878379596943,5.0,0.0,53.85714285714285,0
927,2015,2,2,rosberg,mercedes,3,50.0,9.353293413173652,10.666666666666666,9.18125,9.154471544715449,40.3536411903013,5.0994170498852185,-3.5857806271995827,5.0,0.0,53.85714285714285,0
927,2015,2,2,raikkonen,ferrari,11,50.0,7.94392523364486,10.916666666666666,8.065989847715736,7.859060402684563,10.882162752816576,10.082119884140877,-1.7423131038586204,5.0,0.0,53.85714285714285,0
927,2015,2,2,bottas,williams,8,50.0,10.461538461538462,9.5,10.461538461538462,10.928571428571429,22.693036830039137,8.084511205000018,-4.469285089384504,5.0,0.0,53.85714285714285,0
927,2015,2,2,massa,williams,7,50.0,8.629107981220658,8.416666666666666,8.63681592039801,8.662337662337663,22.693036830039137,5.978007029075934,-0.2819278798497515,5.0,0.0,53.85714285714285,0
927,2015,2,2,max_verstappen,toro_rosso,6,50.0,13.0,13.0,13.0,13.0,1.3327183859715788,13.0,-2.0,5.0,0.0,53.85714285714285,0
927,2015,2,2,sainz,toro_rosso,15,50.0,9.0,9.0,9.0,9.0,1.3327183859715788,9.0,-2.0,5.0,0.0,53.85714285714285,0
927,2015,2,2,kvyat,red_bull,5,50.0,13.75,10.0,13.75,12.857142857142858,19.93854113256004,14.658167505375475,-3.223180890114999,5.0,0.0,53.85714285714285,0
927,2015,2,2,ricciardo,red_bull,4,50.0,11.914285714285716,15.333333333333334,11.914285714285716,12.346153846153848,19.93854113256004,6.325951952275884,1.902658650178691,5.0,0.0,53.85714285714285,0
927,2015,2,2,grosjean,lotus_f1,10,50.0,12.846153846153848,13.666666666666666,12.846153846153848,13.041666666666666,0.5421037023602866,14.656947685819668,-0.5776362773721254,5.0,0.0,53.85714285714285,0
927,2015,2,2,nasr,sauber,16,50.0,5.0,5.0,5.0,5.0,2.6282941916781035,5.0,5.0,5.0,0.0,53.85714285714285,0
927,2015,2,2,perez,force_india,14,50.0,12.051948051948052,13.5,12.051948051948052,12.172413793103448,8.26755728953135,10.827545966466811,1.940079984156913,5.0,0.0,53.85714285714285,0
927,2015,2,2,hulkenberg,force_india,13,50.0,11.243589743589745,8.0,11.243589743589745,10.879310344827584,8.26755728953135,9.22319140195384,3.2962762119379563,5.0,0.0,53.85714285714285,0
927,2015,2,2,merhi,manor,19,50.0,10.5,10.5,10.5,10.5,0.0,10.5,0.0,5.0,0.0,53.85714285714285,0
927,2015,2,2,maldonado,lotus_f1,12,50.0,15.282051282051285,20.75,15.282051282051285,15.344827586206897,0.5421037023602866,14.949561746830394,0.3109275159924526,5.0,0.0,53.85714285714285,0
927,2015,2,2,button,mclaren,17,50.0,9.04089219330855,8.933333333333334,8.8,8.526315789473685,9.36482549133184,7.99765355412181,1.1626877260291295,5.0,0.0,53.85714285714285,0
927,2015,2,2,alonso,mclaren,18,50.0,6.593220338983051,7.076923076923077,6.375565610859729,6.113095238095238,9.36482549133184,8.301724470389402,-1.508214814574046,5.0,0.0,53.85714285714285,0
927,2015,2,2,ericsson,sauber,9,50.0,17.352941176470587,14.0,17.352941176470587,17.307692307692307,2.6282941916781035,16.147076176152638,2.541268317668314,5.0,0.0,53.85714285714285,0
927,2015,2,2,stevens,manor,22,50.0,17.0,17.0,17.0,10.5,0.0,17.0,0.0,5.0,0.0,53.85714285714285,0
928,2015,3,17,hamilton,mercedes,1,38.0,6.413333333333333,4.5,6.448275862068965,6.383928571428571,39.01661551548777,2.257281363031331,0.2813445946942712,5.0,0.0,50.8,1
928,2015,3,17,rosberg,mercedes,2,38.0,9.31547619047619,9.666666666666666,9.142857142857142,9.10483870967742,39.01661551548777,4.7177048589969965,-2.933820513163293,5.0,0.0,50.8,0
928,2015,3,17,vettel,ferrari,3,38.0,6.468085106382978,4.5,6.328467153284672,6.377358490566038,15.630860434122656,4.834514078654513,2.896899561539501,5.0,0.0,50.8,0
928,2015,3,17,raikkonen,ferrari,6,38.0,7.925581395348837,7.111111111111111,8.045454545454545,7.833333333333333,15.630860434122656,8.976279905206171,-0.1528016304297793,5.0,0.0,50.8,0
928,2015,3,17,massa,williams,4,38.0,8.616822429906541,9.545454545454543,8.623762376237623,8.64516129032258,21.83975740639566,5.982005751062129,-0.0488500835134329,5.0,0.0,50.8,0
928,2015,3,17,bottas,williams,5,38.0,10.325,10.0,10.325,10.724137931034482,21.83975740639566,7.523507771979288,-3.110789594032517,5.0,0.0,50.8,0
928,2015,3,17,grosjean,lotus_f1,8,38.0,12.818181818181818,12.0,12.818181818181818,13.0,0.4435388111233038,13.992046929393345,-0.6544298174468902,5.0,0.0,50.8,0
928,2015,3,17,nasr,sauber,9,38.0,8.5,8.5,8.5,8.5,2.1504225204639025,8.85,4.449999999999999,5.0,0.0,50.8,0
928,2015,3,17,ricciardo,red_bull,7,38.0,11.887323943661972,9.333333333333334,11.887323943661972,12.30188679245283,16.85880638118548,6.9939611218563495,0.4658106901598087,5.0,0.0,50.8,0
928,2015,3,17,ericsson,sauber,10,38.0,17.444444444444443,20.0,17.444444444444443,17.428571428571427,2.1504225204639025,16.680181216770922,0.1977730935725326,5.0,0.0,50.8,0
928,2015,3,17,perez,force_india,15,38.0,12.064102564102564,12.0,12.064102564102564,12.186440677966102,6.764365055067249,11.222537671859788,1.769156323441277,5.0,0.0,50.8,0
928,2015,3,17,alonso,mclaren,18,38.0,6.641350210970464,4.181818181818182,6.427927927927928,6.183431952662722,7.662129947453321,10.065047293954969,-1.2339939391969466,5.0,0.0,50.8,0
928,2015,3,17,sainz,toro_rosso,14,38.0,8.5,8.5,8.5,8.5,2.9085877703403864,8.45,2.95,5.0,0.0,50.8,0
928,2015,3,17,button,mclaren,17,38.0,9.07037037037037,5.545454545454546,8.832669322709163,8.570680628272251,7.662129947453321,9.634443817008757,0.9512899576601967,5.0,0.0,50.8,0
928,2015,3,17,stevens,manor,19,38.0,18.5,18.5,18.5,20.0,0.0,18.65,-11.0,5.0,0.0,50.8,0
928,2015,3,17,merhi,manor,20,38.0,15.0,15.0,15.0,15.0,0.0,15.0,4.0,5.0,0.0,50.8,0
928,2015,3,17,max_verstappen,toro_rosso,13,38.0,10.0,10.0,10.0,10.0,2.9085877703403864,9.7,-1.45,5.0,0.0,50.8,0
928,2015,3,17,maldonado,lotus_f1,11,38.0,15.291139240506327,13.5,15.291139240506327,15.35593220338983,0.4435388111233038,15.140550545030788,-0.4728775890901626,5.0,0.0,50.8,0
928,2015,3,17,kvyat,red_bull,12,38.0,13.523809523809524,10.0,13.523809523809524,12.6,16.85880638118548,13.613970435385172,-3.366540420861264,5.0,0.0,50.8,0
928,2015,3,17,hulkenberg,force_india,16,38.0,11.278481012658228,11.5,11.278481012658228,10.932203389830509,6.764365055067249,10.09170216936097,2.515134980667051,5.0,0.0,50.8,0
929,2015,4,3,hamilton,mercedes,1,43.0,6.377483443708609,5.142857142857143,6.410958904109589,6.336283185840708,39.74086724165071,2.028684751571073,0.2301910320225819,5.0,0.0,49.0,1
929,2015,4,3,raikkonen,ferrari,4,43.0,7.907407407407407,5.666666666666667,8.025125628140703,7.80794701986755,17.69797671882763,8.071501740623232,0.2386168478301808,5.0,0.0,49.0,0
929,2015,4,3,rosberg,mercedes,3,43.0,9.272189349112423,6.875,9.098765432098766,9.048,39.74086724165071,4.223576702815723,-2.4003986016790573,5.0,0.0,49.0,0
929,2015,4,3,bottas,williams,5,43.0,10.21951219512195,11.0,10.21951219512195,10.566666666666666,21.141619696141905,7.246432323251158,-2.7269070929426715,5.0,0.0,49.0,0
929,2015,4,3,vettel,ferrari,2,43.0,6.443661971830986,6.0,6.304347826086956,6.345794392523365,17.69797671882763,4.500966064353552,2.3701905503502787,5.0,0.0,49.0,0
929,2015,4,3,ricciardo,red_bull,7,43.0,11.84722222222222,11.666666666666666,11.84722222222222,12.24074074074074,14.157205220969937,7.3586956570524515,0.0174812356532861,5.0,0.0,49.0,0
929,2015,4,3,grosjean,lotus_f1,10,43.0,12.73134328358209,6.0,12.73134328358209,12.88,1.4538093602232938,12.720763827966424,-0.3536239603558337,5.0,0.0,49.0,0
929,2015,4,3,perez,force_india,11,43.0,12.050632911392404,6.666666666666667,12.050632911392404,12.166666666666666,5.534480499597895,11.182076271701742,2.174764317507828,5.0,0.0,49.0,0
929,2015,4,3,kvyat,red_bull,17,43.0,13.772727272727272,11.0,13.772727272727272,13.0,14.157205220969937,14.605240440833482,-4.035259270915822,5.0,0.0,49.0,0
929,2015,4,3,massa,williams,6,43.0,8.6,7.7,8.605911330049262,8.621794871794872,21.141619696141905,5.803459250869015,-0.2217864319655361,5.0,0.0,49.0,0
929,2015,4,3,alonso,mclaren,14,43.0,6.663865546218488,5.6,6.452914798206278,6.2176470588235295,6.269015411552717,10.416856876872243,0.0812776861115901,5.0,0.0,49.0,0
929,2015,4,3,nasr,sauber,12,43.0,8.333333333333334,8.333333333333334,8.333333333333334,8.333333333333334,2.668527516743193,8.508305647840531,3.06312292358804,5.0,0.0,49.0,0
929,2015,4,3,hulkenberg,force_india,8,43.0,11.3875,10.75,11.3875,11.083333333333334,5.534480499597895,11.893211057982814,1.330564857840432,5.0,0.0,49.0,0
929,2015,4,3,ericsson,sauber,13,43.0,17.05263157894737,20.0,17.05263157894737,16.933333333333334,2.668527516743193,15.438169882125164,0.1610021713573747,5.0,0.0,49.0,0
929,2015,4,3,maldonado,lotus_f1,16,43.0,15.325,16.0,15.325,15.4,1.4538093602232938,15.660450501384812,-1.659627244920658,5.0,0.0,49.0,0
929,2015,4,3,stevens,manor,18,43.0,17.333333333333332,17.333333333333332,17.333333333333332,17.5,0.0,17.182724252491692,-4.970099667774086,5.0,0.0,49.0,0
929,2015,4,3,merhi,manor,19,43.0,15.5,15.5,15.5,15.5,0.0,15.55,4.0,5.0,0.0,49.0,0
929,2015,4,3,max_verstappen,toro_rosso,15,43.0,12.333333333333334,12.333333333333334,12.333333333333334,12.333333333333334,2.379753630278497,12.634551495016613,-2.475083056478405,5.0,0.0,49.0,0
929,2015,4,3,sainz,toro_rosso,9,43.0,10.0,10.0,10.0,10.0,2.379753630278497,10.27906976744186,2.166112956810631,5.0,0.0,49.0,0
929,2015,4,3,button,mclaren,20,43.0,9.088560885608857,11.6,8.853174603174603,8.598958333333334,6.269015411552717,10.428181304825346,1.3237826926310703,5.0,0.0,49.0,0
930,2015,5,4,rosberg,mercedes,1,46.0,9.235294117647058,8.222222222222221,9.061349693251534,9.0,39.78798228871412,4.0011082113946825,-1.9639624922828645,5.0,0.0,47.785714285714285,1
930,2015,5,4,hamilton,mercedes,2,46.0,6.342105263157895,6.375,6.374149659863946,6.289473684210527,39.78798228871412,1.841651160376322,0.1883381171093828,5.0,0.0,47.785714285714285,0
930,2015,5,4,vettel,ferrari,3,46.0,6.433566433566433,6.285714285714286,6.294964028776978,6.333333333333333,19.57107186085897,4.591699507198392,1.3937922684680728,5.0,0.0,47.785714285714285,0
930,2015,5,4,bottas,williams,4,46.0,10.071428571428571,10.5,10.071428571428571,10.35483870967742,19.661325205934283,6.656042829079339,-2.049139447004418,5.0,0.0,47.785714285714285,0
930,2015,5,4,raikkonen,ferrari,7,46.0,7.880184331797235,9.166666666666666,7.995,7.769736842105263,19.57107186085897,6.967592333237189,0.5588683300428755,5.0,0.0,47.785714285714285,0
930,2015,5,4,massa,williams,9,46.0,8.606481481481481,8.083333333333334,8.612745098039216,8.630573248407643,19.661325205934283,6.566466659801921,-0.9087343534263482,5.0,0.0,47.785714285714285,0
930,2015,5,4,ricciardo,red_bull,10,46.0,11.767123287671232,8.666666666666666,11.767123287671232,12.127272727272729,13.40134972624813,7.111659975694198,0.1961210886165389,5.0,0.0,47.785714285714285,0
930,2015,5,4,grosjean,lotus_f1,11,46.0,12.647058823529411,11.333333333333334,12.647058823529411,12.764705882352942,2.280392742242489,11.680623717390482,0.2561265732883103,5.0,0.0,47.785714285714285,0
930,2015,5,4,sainz,toro_rosso,5,46.0,12.25,12.25,12.25,12.25,1.9470711520460424,13.152227722772276,-1.8420792079207924,5.0,0.0,47.785714285714285,0
930,2015,5,4,kvyat,red_bull,8,46.0,13.565217391304348,14.0,13.565217391304348,12.764705882352942,13.40134972624813,13.575917612854017,-1.8251547733533449,5.0,0.0,47.785714285714285,0
930,2015,5,4,max_verstappen,toro_rosso,6,46.0,13.75,13.75,13.75,13.75,1.9470711520460424,14.40222772277228,-2.648019801980198,5.0,0.0,47.785714285714285,0
930,2015,5,4,nasr,sauber,15,46.0,9.25,9.25,9.25,9.25,2.183340695517158,9.658663366336633,2.053960396039604,5.0,0.0,47.785714285714285,0
930,2015,5,4,perez,force_india,18,46.0,12.0,11.75,12.0,12.098360655737704,5.255484045125072,10.603516887867231,2.324807184873037,5.0,0.0,47.785714285714285,0
930,2015,5,4,ericsson,sauber,16,46.0,16.9,20.0,16.9,16.75,2.183340695517158,15.171872021926934,-0.0539740965791408,5.0,0.0,47.785714285714285,0
930,2015,5,4,hulkenberg,force_india,17,46.0,11.407407407407408,12.75,11.407407407407408,11.114754098360656,5.255484045125072,12.09444542863739,0.1795529650637552,5.0,0.0,47.785714285714285,0
930,2015,5,4,button,mclaren,14,46.0,9.128676470588236,8.714285714285714,8.897233201581027,8.658031088082902,5.12919442763404,12.168511976675283,1.083094930334512,5.0,0.0,47.785714285714285,0
930,2015,5,4,stevens,manor,19,46.0,17.0,17.0,17.0,17.0,0.0,16.79306930693069,-2.6737623762376237,5.0,0.0,47.785714285714285,0
930,2015,5,4,merhi,manor,20,46.0,16.0,16.0,16.0,16.0,0.0,16.132890365448503,3.1960132890365447,5.0,0.0,47.785714285714285,0
930,2015,5,4,maldonado,lotus_f1,12,46.0,15.320987654320987,11.25,15.320987654320987,15.39344262295082,2.280392742242489,15.540368581563277,-1.1760586127368873,5.0,0.0,47.785714285714285,0
930,2015,5,4,alonso,mclaren,13,46.0,6.682008368200837,4.6923076923076925,6.473214285714286,6.245614035087719,5.12919442763404,10.52288289925911,0.6119544704549377,5.0,0.0,47.785714285714285,0
931,2015,6,6,rosberg,mercedes,2,31.0,9.187134502923977,8.333333333333334,9.01219512195122,9.909090909090908,40.371985509868885,3.455452172959285,-1.6068784027768883,3.0,0.0,31.615384615384617,1
931,2015,6,6,vettel,ferrari,3,31.0,6.409722222222222,7.428571428571429,6.271428571428571,6.742857142857143,20.55814970433916,4.302299596798602,1.140375492382897,3.0,0.0,31.615384615384617,0
931,2015,6,6,hamilton,mercedes,1,31.0,6.313725490196078,4.625,6.344594594594595,6.5,40.371985509868885,1.8704418584897191,0.1540948230894934,3.0,0.0,31.615384615384617,0
931,2015,6,6,kvyat,red_bull,5,31.0,13.416666666666666,19.0,13.416666666666666,15.833333333333334,12.237467957839378,12.92044251669422,-1.8572043629013064,3.0,0.0,31.615384615384617,0
931,2015,6,6,ricciardo,red_bull,4,31.0,11.702702702702704,12.666666666666666,11.702702702702704,10.666666666666666,12.237467957839378,7.091358154713532,0.7059174355750021,3.0,0.0,31.615384615384617,0
931,2015,6,6,raikkonen,ferrari,6,31.0,7.86697247706422,9.666666666666666,7.980099502487562,8.138461538461538,20.55814970433916,6.60984827264861,0.82089227003508,3.0,0.0,31.615384615384617,0
931,2015,6,6,perez,force_india,7,31.0,12.012345679012345,18.0,12.012345679012345,11.68421052631579,4.299941491464625,11.039241128096286,2.811205920977648,3.0,0.0,31.615384615384617,0
931,2015,6,6,button,mclaren,10,31.0,9.153846153846152,11.0,8.9251968503937,10.278481012658228,4.196613622609669,12.86514616273432,0.5225322157282366,3.0,0.0,31.615384615384617,0
931,2015,6,6,nasr,sauber,14,31.0,9.8,9.8,9.8,10.5,1.7863696599685834,10.330797435344405,2.325542636418893,3.0,0.0,31.615384615384617,0
931,2015,6,6,sainz,toro_rosso,22,31.0,11.6,11.6,11.6,10.5,1.9566945789467616,11.960236073802474,-2.4615595772631917,3.0,0.0,31.615384615384617,0
931,2015,6,6,hulkenberg,force_india,11,31.0,11.451219512195122,12.0,11.451219512195122,12.3,4.299941491464625,12.622728115694333,0.5105433586841909,3.0,0.0,31.615384615384617,0
931,2015,6,6,grosjean,lotus_f1,15,31.0,12.579710144927535,16.333333333333332,12.579710144927535,12.294117647058824,2.5930496179535822,11.0114187562089,0.7550131346430871,3.0,0.0,31.615384615384617,0
931,2015,6,6,ericsson,sauber,17,31.0,16.761904761904763,11.0,16.761904761904763,17.5,1.7863696599685834,14.95560671508736,0.3250803820036022,3.0,0.0,31.615384615384617,0
931,2015,6,6,bottas,williams,16,31.0,9.930232558139537,14.0,9.930232558139537,9.272727272727272,19.72290244121896,6.173039555287181,-1.6765019840374304,3.0,0.0,31.615384615384617,0
931,2015,6,6,massa,williams,12,31.0,8.59447004608295,8.833333333333334,8.6,8.542372881355933,19.72290244121896,6.463472721656117,-0.1980553800761026,3.0,0.0,31.615384615384617,0
931,2015,6,6,merhi,manor,19,31.0,16.5,16.5,16.5,10.5,0.0,16.748019801980195,2.801980198019802,3.0,0.0,31.615384615384617,0
931,2015,6,6,stevens,manor,18,31.0,17.0,17.0,17.0,17.0,0.0,16.852473480912135,-1.3320523126997506,3.0,0.0,31.615384615384617,0
931,2015,6,6,max_verstappen,toro_rosso,9,31.0,13.2,13.2,13.2,10.5,1.9566945789467616,13.425540675673028,-3.323209348836297,3.0,0.0,31.615384615384617,0
931,2015,6,6,alonso,mclaren,13,31.0,6.7375,5.769230769230769,6.533333333333333,7.779411764705882,4.196613622609669,12.24599509939382,-0.7720372514459609,3.0,0.0,31.615384615384617,0
931,2015,6,6,maldonado,lotus_f1,8,31.0,15.365853658536585,20.75,15.365853658536585,15.1,2.5930496179535822,16.169392520735503,-2.234957122387883,3.0,0.0,31.615384615384617,0
932,2015,7,7,hamilton,mercedes,1,23.0,6.292207792207792,9.428571428571429,6.322147651006712,6.410256410256411,40.30435178071455,2.075816066037051,-0.2375587811086112,3.0,0.0,34.833333333333336,1
932,2015,7,7,rosberg,mercedes,2,23.0,9.13953488372093,8.875,8.963636363636363,9.71111111111111,40.30435178071455,3.009006323330324,-1.1329005113629085,3.0,0.0,34.833333333333336,0
932,2015,7,7,bottas,williams,4,23.0,10.022727272727272,10.5,10.022727272727272,9.666666666666666,16.136920179179143,7.596331571074344,-1.0079492352572963,3.0,0.0,34.833333333333336,0
932,2015,7,7,raikkonen,ferrari,3,23.0,7.858447488584475,6.636363636363637,7.97029702970297,8.106060606060606,21.547577030822943,6.498966768530681,0.6716391300287017,3.0,0.0,34.833333333333336,0
932,2015,7,7,vettel,ferrari,18,23.0,6.379310344827586,3.6666666666666665,6.24113475177305,6.611111111111111,21.547577030822943,3.88369967010785,1.1148526755860009,3.0,0.0,34.833333333333336,0
932,2015,7,7,massa,williams,15,23.0,8.623853211009175,9.636363636363637,8.631067961165048,8.65,16.136920179179143,8.015568590445916,-0.7074998564259025,3.0,0.0,34.833333333333336,0
932,2015,7,7,maldonado,lotus_f1,6,23.0,15.421686746987952,16.75,15.421686746987952,15.333333333333334,2.121584804134512,16.865866648560072,-4.010419567488179,3.0,0.0,34.833333333333336,0
932,2015,7,7,hulkenberg,force_india,7,23.0,11.44578313253012,12.75,11.44578313253012,12.238095238095235,4.6090430384714125,12.32768662287826,0.4177172880463107,3.0,0.0,34.833333333333336,0
932,2015,7,7,kvyat,red_bull,8,23.0,13.04,16.0,13.04,14.142857142857142,14.012473783686763,11.287725640361902,-1.3342475954865805,3.0,0.0,34.833333333333336,0
932,2015,7,7,grosjean,lotus_f1,5,23.0,12.571428571428571,10.0,12.571428571428571,12.27777777777778,2.121584804134512,11.191160943140527,1.1631928885544442,3.0,0.0,34.833333333333336,0
932,2015,7,7,perez,force_india,10,23.0,11.951219512195122,8.333333333333334,11.951219512195122,11.45,4.6090430384714125,10.304833597825423,2.3000775352154785,3.0,0.0,34.833333333333336,0
932,2015,7,7,sainz,toro_rosso,11,23.0,11.333333333333334,11.333333333333334,11.333333333333334,10.0,1.7827501100473504,11.451095055317229,-4.41955294648905,3.0,0.0,34.833333333333336,0
932,2015,7,7,ricciardo,red_bull,9,23.0,11.613333333333332,10.0,11.613333333333332,10.36842105263158,14.012473783686763,6.7111111068807805,0.3957505388807031,3.0,0.0,34.833333333333336,0
932,2015,7,7,ericsson,sauber,12,23.0,16.59090909090909,20.0,16.59090909090909,16.6,1.825211539974296,14.595687732864317,1.0014297310094336,3.0,0.0,34.833333333333336,0
932,2015,7,7,max_verstappen,toro_rosso,19,23.0,14.0,14.0,14.0,18.0,1.7827501100473504,14.613685772344612,-4.797667967616038,3.0,0.0,34.833333333333336,0
932,2015,7,7,nasr,sauber,14,23.0,9.666666666666666,9.666666666666666,9.666666666666666,9.0,1.825211539974296,9.985143373221948,3.020191594361836,3.0,0.0,34.833333333333336,0
932,2015,7,7,stevens,manor,17,23.0,17.0,17.0,17.0,17.0,0.0,16.890791213753506,-0.7263377737638289,3.0,0.0,34.833333333333336,0
932,2015,7,7,merhi,manor,16,23.0,16.4,16.4,16.4,16.0,0.0,16.533283661104683,2.8588262975235774,3.0,0.0,34.833333333333336,0
932,2015,7,7,button,mclaren,20,23.0,9.14963503649635,10.571428571428571,8.92156862745098,10.25,4.160865691226093,11.980574133146265,0.7911627219594666,3.0,0.0,34.833333333333336,0
932,2015,7,7,alonso,mclaren,13,23.0,6.788381742738589,9.583333333333334,6.588495575221239,7.942028985507246,4.160865691226093,13.473995990413128,-1.7225759330012411,3.0,0.0,34.833333333333336,0
933,2015,8,70,rosberg,mercedes,2,21.0,9.098265895953755,1.0,8.921686746987952,8.937007874015748,40.794469639283854,2.8255506281793554,-0.9269186002060156,4.0,0.0,35.69230769230769,1
933,2015,8,70,hamilton,mercedes,1,21.0,6.258064516129032,2.0,6.286666666666667,6.252173913043478,40.794469639283854,1.8802131449393995,-0.1943662754524987,4.0,0.0,35.69230769230769,0
933,2015,8,70,massa,williams,4,21.0,8.61187214611872,11.5,8.618357487922705,8.613924050632912,17.384752873873843,7.649101574001203,1.0575001174697172,4.0,0.0,35.69230769230769,0
933,2015,8,70,vettel,ferrari,3,21.0,6.36986301369863,21.0,6.232394366197183,6.302752293577981,21.629835752491505,4.086663366451916,3.275788552752591,4.0,0.0,35.69230769230769,0
933,2015,8,70,bottas,williams,6,21.0,9.866666666666667,3.0,9.866666666666667,10.15625,17.384752873873843,6.760534842833679,-0.6428238357184803,4.0,0.0,35.69230769230769,0
933,2015,8,70,hulkenberg,force_india,5,21.0,11.404761904761903,9.0,11.404761904761903,11.17741935483871,4.498307940567415,11.540834472019828,0.1599504960814843,4.0,0.0,35.69230769230769,0
933,2015,8,70,maldonado,lotus_f1,10,21.0,15.321428571428571,12.0,15.321428571428571,15.451612903225806,3.008571304557202,15.072072626723306,-3.463070529056886,4.0,0.0,35.69230769230769,0
933,2015,8,70,max_verstappen,toro_rosso,7,21.0,14.142857142857142,14.142857142857142,14.142857142857142,13.2,1.4586137264023773,14.70677198259382,-2.677783398242217,4.0,0.0,35.69230769230769,0
933,2015,8,70,perez,force_india,13,21.0,11.939759036144578,6.0,11.939759036144578,12.112903225806452,4.498307940567415,10.431227496513378,1.7000634028528572,4.0,0.0,35.69230769230769,0
933,2015,8,70,ricciardo,red_bull,18,21.0,11.63157894736842,8.0,11.63157894736842,12.035714285714286,11.828387641198258,7.854545723227785,-0.4034770220452823,4.0,0.0,35.69230769230769,0
933,2015,8,70,nasr,sauber,8,21.0,10.571428571428571,10.571428571428571,10.571428571428571,9.8,1.493354896342605,11.434482197673836,1.8105270860669624,4.0,0.0,35.69230769230769,0
933,2015,8,70,kvyat,red_bull,15,21.0,12.884615384615383,22.0,12.884615384615383,12.61111111111111,11.828387641198258,10.86950828399148,-1.2731440508607246,4.0,0.0,35.69230769230769,0
933,2015,8,70,ericsson,sauber,11,21.0,16.47826086956522,18.0,16.47826086956522,16.58823529411765,1.493354896342605,14.486298137849298,0.4502597729469586,4.0,0.0,35.69230769230769,0
933,2015,8,70,merhi,manor,16,21.0,16.666666666666668,16.666666666666668,16.666666666666668,16.5,0.0,16.914240557365414,1.5968212753604487,4.0,0.0,35.69230769230769,0
933,2015,8,70,grosjean,lotus_f1,9,21.0,12.535211267605634,14.0,12.535211267605634,12.673076923076923,3.008571304557202,10.974586085618755,0.0426116359500313,4.0,0.0,35.69230769230769,0
933,2015,8,70,sainz,toro_rosso,12,21.0,11.428571428571429,11.428571428571429,11.428571428571429,11.6,1.4586137264023773,11.583359096943855,-3.595578053130664,4.0,0.0,35.69230769230769,0
933,2015,8,70,button,mclaren,20,21.0,9.185454545454546,7.8,8.9609375,8.695876288659793,3.404344656457712,13.256833381665125,0.8291331361486545,4.0,0.0,35.69230769230769,0
933,2015,8,70,stevens,manor,17,21.0,17.0,17.0,17.0,17.0,0.0,16.917106144216465,-0.5513195479768297,4.0,0.0,35.69230769230769,0
933,2015,8,70,raikkonen,ferrari,14,21.0,7.840909090909091,9.0,7.950738916256157,7.751633986928105,21.629835752491505,6.044609174252376,0.3677047427507557,4.0,0.0,35.69230769230769,0
933,2015,8,70,alonso,mclaren,19,21.0,6.8429752066115705,12.0,6.647577092511013,6.325581395348837,3.404344656457712,14.660542173974378,-2.6821075815464708,4.0,0.0,35.69230769230769,0
934,2015,9,9,hamilton,mercedes,1,33.0,6.230769230769231,4.875,6.258278145695364,6.215517241379311,41.19547515976043,1.9019925731322365,-0.340845134461139,4.0,0.0,37.266666666666666,1
934,2015,9,9,rosberg,mercedes,2,33.0,9.051724137931034,8.666666666666666,8.874251497005988,8.875,41.19547515976043,2.493632332146745,-0.5765697638049216,4.0,0.0,37.266666666666666,0
934,2015,9,9,vettel,ferrari,6,33.0,6.35374149659864,8.285714285714286,6.216783216783217,6.281818181818182,19.878956524765773,4.070906390733383,2.498372452252,4.0,0.0,37.266666666666666,0
934,2015,9,9,massa,williams,3,33.0,8.586363636363636,8.833333333333334,8.591346153846153,8.578616352201259,18.769343260442238,6.803810378728256,1.0470455506570413,4.0,0.0,37.266666666666666,0
934,2015,9,9,bottas,williams,4,33.0,9.76086956521739,7.0,9.76086956521739,10.0,18.769343260442238,6.440406235768484,-0.3440993269007122,4.0,0.0,37.266666666666666,0
934,2015,9,9,kvyat,red_bull,7,33.0,12.851851851851851,9.0,12.851851851851851,12.578947368421051,9.85958988825312,11.075967990016949,-0.4927472977910828,4.0,0.0,37.266666666666666,0
934,2015,9,9,hulkenberg,force_india,9,33.0,11.341176470588236,10.0,11.341176470588236,11.095238095238097,5.498615587737746,10.533409983166091,-0.0509496023624502,4.0,0.0,37.266666666666666,0
934,2015,9,9,raikkonen,ferrari,5,33.0,7.891402714932127,6.25,8.004901960784315,7.824675324675325,19.878956524765773,8.400134778933763,-0.6082415741130187,4.0,0.0,37.266666666666666,0
934,2015,9,9,perez,force_india,11,33.0,11.904761904761903,15.0,11.904761904761903,12.063492063492063,5.498615587737746,10.17100430289168,2.118233713229825,4.0,0.0,37.266666666666666,0
934,2015,9,9,alonso,mclaren,17,33.0,6.897119341563786,7.3076923076923075,6.706140350877193,6.404624277456647,2.785372900738128,15.63135268779722,-2.376269839447112,4.0,0.0,37.266666666666666,0
934,2015,9,9,ericsson,sauber,15,33.0,16.333333333333332,19.0,16.333333333333332,16.38888888888889,1.2218358242803131,14.213855783101833,0.0011207171377191,4.0,0.0,37.266666666666666,0
934,2015,9,9,merhi,manor,20,33.0,16.285714285714285,16.285714285714285,16.285714285714285,16.0,0.0,16.212025650898973,1.693971151919703,4.0,0.0,37.266666666666666,0
934,2015,9,9,stevens,manor,19,33.0,17.125,17.125,17.125,17.2,0.0,17.163469715167913,-0.6533965131255128,4.0,0.0,37.266666666666666,0
934,2015,9,9,sainz,toro_rosso,8,33.0,12.0,12.0,12.0,12.333333333333334,1.9206839579655817,12.588166187385648,-3.687585995063048,4.0,0.0,37.266666666666666,0
934,2015,9,9,ricciardo,red_bull,10,33.0,11.61038961038961,10.75,11.61038961038961,12.0,9.85958988825312,8.24462839496598,1.1244281885853122,4.0,0.0,37.266666666666666,0
934,2015,9,9,max_verstappen,toro_rosso,13,33.0,13.375,13.375,13.375,12.333333333333334,1.9206839579655817,13.180949034791228,-2.29607958944654,4.0,0.0,37.266666666666666,0
934,2015,9,9,grosjean,lotus_f1,12,33.0,12.569444444444445,12.333333333333334,12.569444444444445,12.716981132075473,3.552468393954451,11.706479913315864,-1.0560456086434975,4.0,0.0,37.266666666666666,0
934,2015,9,9,maldonado,lotus_f1,14,33.0,15.223529411764703,14.5,15.223529411764703,15.317460317460318,3.552468393954451,13.604423000835354,-2.287966750548361,4.0,0.0,37.266666666666666,0
934,2015,9,9,button,mclaren,18,33.0,9.21376811594203,10.0,8.992217898832685,8.738461538461538,2.785372900738128,13.937409130453286,1.2238362023034448,4.0,0.0,37.266666666666666,0
934,2015,9,9,nasr,sauber,16,33.0,10.625,10.625,10.625,10.0,1.2218358242803131,11.335635403814884,0.7161089907453154,4.0,0.0,37.266666666666666,0
936,2015,10,11,vettel,ferrari,3,96.0,6.331081081081081,9.0,6.194444444444445,6.252252252252252,19.719146247535637,3.876196137872744,2.589577460933466,5.0,0.0,47.642857142857146,1
936,2015,10,11,kvyat,red_bull,7,96.0,12.607142857142858,14.0,12.607142857142858,12.25,9.52148263584346,10.149703241548126,-0.2203501504813821,5.0,0.0,47.642857142857146,0
936,2015,10,11,ricciardo,red_bull,4,96.0,11.653846153846152,11.75,11.653846153846152,12.051724137931034,9.52148263584346,9.47287797339137,0.0108956132461653,5.0,0.0,47.642857142857146,0
936,2015,10,11,max_verstappen,toro_rosso,9,96.0,13.666666666666666,13.666666666666666,13.666666666666666,12.857142857142858,1.57146869288093,13.79427587419826,-2.4492280376041213,5.0,0.0,47.642857142857146,0
936,2015,10,11,alonso,mclaren,15,96.0,6.909836065573771,6.923076923076923,6.720524017467249,6.425287356321839,2.4607596460584675,14.607470380924996,-0.6714935050021813,5.0,0.0,47.642857142857146,0
936,2015,10,11,hamilton,mercedes,1,96.0,6.197452229299363,4.5,6.223684210526316,6.170940170940171,41.52357058549039,1.7379939234718265,-0.2788732918318397,5.0,0.0,47.642857142857146,0
936,2015,10,11,grosjean,lotus_f1,10,96.0,12.63013698630137,10.0,12.63013698630137,12.796296296296296,2.9065641139642477,12.668938529128706,-1.7731285368603051,5.0,0.0,47.642857142857146,0
936,2015,10,11,rosberg,mercedes,2,96.0,9.01142857142857,11.77777777777778,8.833333333333334,8.821705426356589,41.52357058549039,2.403880999029155,-0.4717388976585721,5.0,0.0,47.642857142857146,0
936,2015,10,11,button,mclaren,16,96.0,9.249097472924188,9.266666666666667,9.031007751937985,8.790816326530612,2.4607596460584675,14.857880197643595,0.8195023473391819,5.0,0.0,47.642857142857146,0
936,2015,10,11,ericsson,sauber,17,96.0,16.12,22.0,16.12,16.105263157894736,0.9996838562293472,13.62562077510212,0.7330393051815425,5.0,0.0,47.642857142857146,0
936,2015,10,11,nasr,sauber,18,96.0,11.666666666666666,11.666666666666666,11.666666666666666,11.428571428571429,0.9996838562293472,13.22069793685599,-0.3099512888632534,5.0,0.0,47.642857142857146,0
936,2015,10,11,massa,williams,8,96.0,8.565610859728507,10.75,8.569377990430622,8.55,19.35673539490728,6.294026673504937,0.674855450537579,5.0,0.0,47.642857142857146,0
936,2015,10,11,bottas,williams,6,96.0,9.659574468085106,14.0,9.659574468085106,9.852941176470589,19.35673539490728,6.178493198724325,-0.4633635546059538,5.0,0.0,47.642857142857146,0
936,2015,10,11,maldonado,lotus_f1,14,96.0,15.255813953488373,13.0,15.255813953488373,15.359375,2.9065641139642477,14.403618844435725,-2.59924553313536,5.0,0.0,47.642857142857146,0
936,2015,10,11,merhi,manor,19,96.0,15.75,15.75,15.75,15.333333333333334,0.0,15.253769516419617,3.1286231053300595,5.0,0.0,47.642857142857146,0
936,2015,10,11,stevens,manor,20,96.0,16.666666666666668,16.666666666666668,16.666666666666668,16.5,0.0,16.25764440271858,0.7941497373960134,5.0,0.0,47.642857142857146,0
936,2015,10,11,sainz,toro_rosso,12,96.0,12.22222222222222,12.22222222222222,12.22222222222222,12.571428571428571,1.57146869288093,12.895331818921017,-4.190686361304035,5.0,0.0,47.642857142857146,0
936,2015,10,11,raikkonen,ferrari,5,96.0,7.891891891891892,5.5,8.004878048780487,7.825806451612904,19.719146247535637,8.327383000945806,-1.0431067424561065,5.0,0.0,47.642857142857146,0
936,2015,10,11,perez,force_india,13,96.0,11.870588235294118,14.25,11.870588235294118,12.015625,5.953412753603896,9.958094421312753,2.0967366736201187,5.0,0.0,47.642857142857146,0
936,2015,10,11,hulkenberg,force_india,11,96.0,11.290697674418604,12.0,11.290697674418604,11.03125,5.953412753603896,9.89097178385368,0.3219503372708233,5.0,0.0,47.642857142857146,0
937,2015,11,13,hamilton,mercedes,1,38.0,6.19620253164557,11.75,6.222222222222222,6.169491525423729,36.15564865775202,2.512904119204235,-1.1372599660442473,4.0,0.0,38.07692307692308,1
937,2015,11,13,rosberg,mercedes,2,38.0,9.005681818181818,6.875,8.828402366863905,8.815384615384616,36.15564865775202,3.4213571810238546,-1.4768772799024688,4.0,0.0,38.07692307692308,0
937,2015,11,13,grosjean,lotus_f1,9,38.0,12.554054054054054,17.5,12.554054054054054,12.690909090909091,3.469007668936973,11.6382220664638,-0.905286676152436,4.0,0.0,38.07692307692308,0
937,2015,11,13,kvyat,red_bull,12,38.0,12.241379310344827,9.0,12.241379310344827,11.761904761904765,13.790303974781017,8.66352620355138,0.731631080490962,4.0,0.0,38.07692307692308,0
937,2015,11,13,perez,force_india,4,38.0,11.953488372093023,15.0,11.953488372093023,12.123076923076924,4.870974071129902,11.602077306400911,0.624602685860687,4.0,0.0,38.07692307692308,0
937,2015,11,13,massa,williams,6,38.0,8.58108108108108,6.9,8.585714285714285,8.571428571428571,15.837328959469591,7.331476369231312,-0.1751182677419813,4.0,0.0,38.07692307692308,0
937,2015,11,13,raikkonen,ferrari,16,38.0,7.937219730941704,8.5,8.053398058252426,7.891025641025641,20.679301475256427,10.08604063713748,-3.2170873347368154,4.0,0.0,38.07692307692308,0
937,2015,11,13,max_verstappen,toro_rosso,18,38.0,12.7,12.7,12.7,11.75,3.467565294175308,11.736927845202382,-0.8844717638831515,4.0,0.0,38.07692307692308,0
937,2015,11,13,bottas,williams,3,38.0,9.729166666666666,9.0,9.729166666666666,9.942857142857145,15.837328959469591,7.418848508868605,-1.651920857518987,4.0,0.0,38.07692307692308,0
937,2015,11,13,ericsson,sauber,13,38.0,15.884615384615383,17.0,15.884615384615383,15.8,0.9997413369149204,12.962823843069213,1.8786975467221256,4.0,0.0,38.07692307692308,0
937,2015,11,13,nasr,sauber,14,38.0,11.6,11.6,11.6,11.375,0.9997413369149204,12.754226644637065,1.225549045144824,4.0,0.0,38.07692307692308,0
937,2015,11,13,vettel,ferrari,8,38.0,6.295302013422819,6.625,6.158620689655172,6.205357142857143,20.679301475256427,3.3532513855321904,2.482381558945552,4.0,0.0,38.07692307692308,0
937,2015,11,13,alonso,mclaren,20,38.0,6.90204081632653,10.727272727272728,6.71304347826087,6.417142857142857,4.195166983138747,12.86065758439318,1.2687780413618528,4.0,0.0,38.07692307692308,0
937,2015,11,13,button,mclaren,19,38.0,9.248201438848922,11.076923076923077,9.03088803088803,8.791878172588833,4.195166983138747,13.792811070799306,1.9432291932775128,4.0,0.0,38.07692307692308,0
937,2015,11,13,merhi,manor,17,38.0,15.666666666666666,15.666666666666666,15.666666666666666,15.285714285714286,0.0,15.198558150124944,3.318204224414457,4.0,0.0,38.07692307692308,0
937,2015,11,13,stevens,manor,15,38.0,16.6,16.6,16.6,16.428571428571427,0.0,16.203524607552172,1.4675583490933148,4.0,0.0,38.07692307692308,0
937,2015,11,13,sainz,toro_rosso,10,38.0,12.7,12.7,12.7,13.125,3.467565294175308,13.757542675598176,-4.360687680523249,4.0,0.0,38.07692307692308,0
937,2015,11,13,ricciardo,red_bull,5,38.0,11.544303797468354,10.25,11.544303797468354,11.898305084745765,13.790303974781017,8.295990915722305,0.1907327979172662,4.0,0.0,38.07692307692308,0
937,2015,11,13,maldonado,lotus_f1,7,38.0,15.241379310344827,17.0,15.241379310344827,15.33846153846154,3.469007668936973,14.330233598071796,-2.126655423830244,4.0,0.0,38.07692307692308,0
937,2015,11,13,hulkenberg,force_india,11,38.0,11.39080459770115,10.25,11.39080459770115,11.169230769230769,4.870974071129902,11.728976962177208,-1.3729497684200611,4.0,0.0,38.07692307692308,0
938,2015,12,14,hamilton,mercedes,1,23.0,6.163522012578617,7.375,6.188311688311688,6.275,37.400076175113085,2.2378306429852795,-0.930485426763472,2.0,0.0,27.714285714285715,1
938,2015,12,14,vettel,ferrari,3,23.0,6.333333333333333,7.625,6.198630136986301,6.567567567567568,18.010337570664348,4.925387497253744,1.3037667300462603,2.0,0.0,27.714285714285715,0
938,2015,12,14,massa,williams,5,23.0,8.5695067264574,8.545454545454545,8.57345971563981,8.60655737704918,14.77599642138421,7.089389756643801,-0.1432785826979847,2.0,0.0,27.714285714285715,0
938,2015,12,14,bottas,williams,6,23.0,9.714285714285714,9.5,9.714285714285714,9.153846153846152,14.77599642138421,7.706346024952342,-2.442523124417727,2.0,0.0,27.714285714285715,0
938,2015,12,14,raikkonen,ferrari,2,23.0,7.933035714285714,7.583333333333333,8.048309178743962,8.044776119402986,18.010337570664348,9.524942339476118,-0.9957987284210292,2.0,0.0,27.714285714285715,0
938,2015,12,14,perez,force_india,7,23.0,11.873563218390805,9.5,11.873563218390805,11.428571428571429,5.803524240015768,10.401699582904657,0.329220371608075,2.0,0.0,27.714285714285715,0
938,2015,12,14,hulkenberg,force_india,9,23.0,11.488636363636363,11.25,11.488636363636363,12.045454545454543,5.803524240015768,13.232799364899728,-2.759686203863374,2.0,0.0,27.714285714285715,0
938,2015,12,14,ricciardo,red_bull,19,23.0,11.625,10.0,11.625,10.5,13.464794161184468,10.060356391953242,-2.207582512044611,2.0,0.0,27.714285714285715,0
938,2015,12,14,ericsson,sauber,12,23.0,15.666666666666666,20.0,15.666666666666666,16.166666666666668,0.9997883665667532,12.421728555962568,2.08347903392025,2.0,0.0,27.714285714285715,0
938,2015,12,14,kvyat,red_bull,18,23.0,11.966666666666669,11.0,11.966666666666669,13.5,13.464794161184468,7.81354743036765,2.0563709935092245,2.0,0.0,27.714285714285715,0
938,2015,12,14,sainz,toro_rosso,17,23.0,13.090909090909092,13.090909090909092,13.090909090909092,11.0,3.564371604325252,14.419936169960858,-4.899866190863457,2.0,0.0,27.714285714285715,0
938,2015,12,14,max_verstappen,toro_rosso,20,23.0,12.272727272727272,12.272727272727272,12.272727272727272,16.5,3.564371604325252,10.9735202052818,1.339089740446149,2.0,0.0,27.714285714285715,0
938,2015,12,14,nasr,sauber,17,23.0,11.545454545454543,11.545454545454543,11.545454545454543,12.5,0.9997883665667532,12.39586007237705,1.5880471911392515,2.0,0.0,27.714285714285715,0
938,2015,12,14,button,mclaren,15,23.0,9.265232974910392,9.6,9.05,10.358024691358024,3.4324093498407926,13.830481785199431,2.499005703590693,2.0,0.0,27.714285714285715,0
938,2015,12,14,stevens,manor,13,23.0,16.545454545454547,16.545454545454547,16.545454545454547,17.0,0.0,16.161947074682054,0.9634670276443082,2.0,0.0,27.714285714285715,0
938,2015,12,14,merhi,manor,14,23.0,15.6,15.6,15.6,17.0,0.0,15.156849786582033,3.0413073003593007,2.0,0.0,27.714285714285715,0
938,2015,12,14,rosberg,mercedes,4,23.0,8.966101694915254,11.22222222222222,8.788235294117648,9.543478260869565,37.400076175113085,3.162928602655881,-1.2083541381020195,2.0,0.0,27.714285714285715,0
938,2015,12,14,alonso,mclaren,16,23.0,6.926829268292683,7.538461538461538,6.740259740259741,8.114285714285714,3.4324093498407926,12.885992569048964,2.31081839747788,2.0,0.0,27.714285714285715,0
938,2015,12,14,grosjean,lotus_f1,8,23.0,12.426666666666666,13.0,12.426666666666666,12.157894736842104,5.565553762153244,10.06763577932136,0.3502203574601097,2.0,0.0,27.714285714285715,0
938,2015,12,14,maldonado,lotus_f1,10,23.0,15.284090909090908,12.5,15.284090909090908,14.954545454545457,5.565553762153244,15.179282052971168,-3.921809021582934,2.0,0.0,27.714285714285715,0
939,2015,13,15,vettel,ferrari,1,42.0,6.304635761589404,2.2857142857142856,6.170068027210885,6.256637168141593,19.82663983054356,4.393498861389389,1.248536415492391,4.0,0.0,45.583333333333336,1
939,2015,13,15,ricciardo,red_bull,2,42.0,11.580246913580249,13.25,11.580246913580249,12.0,11.925740677332744,9.685746106180794,0.1937963360631932,4.0,0.0,45.583333333333336,0
939,2015,13,15,raikkonen,ferrari,3,42.0,7.92,8.4,8.033653846153847,7.885350318471337,19.82663983054356,8.70222555048046,-1.3601989596172062,4.0,0.0,45.583333333333336,0
939,2015,13,15,rosberg,mercedes,6,42.0,9.01123595505618,7.857142857142857,8.836257309941521,8.763358778625955,35.14551686967442,5.678759765809359,-3.3522897493562,4.0,0.0,45.583333333333336,0
939,2015,13,15,bottas,williams,7,42.0,9.6,12.0,9.6,9.916666666666666,16.99854252658708,7.032435343009053,-1.6347561841025198,4.0,0.0,45.583333333333336,0
939,2015,13,15,kvyat,red_bull,4,42.0,11.903225806451612,14.0,11.903225806451612,11.409090909090908,11.925740677332744,8.211876007464546,3.1391830873226345,4.0,0.0,45.583333333333336,0
939,2015,13,15,perez,force_india,13,42.0,11.806818181818182,8.75,11.806818181818182,12.015151515151516,7.293792560013414,9.60139055068984,0.4511803066551421,4.0,0.0,45.583333333333336,0
939,2015,13,15,max_verstappen,toro_rosso,8,42.0,12.25,12.25,12.25,11.333333333333334,2.916304039902478,11.178608989599988,2.669927419486354,4.0,0.0,45.583333333333336,0
939,2015,13,15,sainz,toro_rosso,14,42.0,12.916666666666666,12.916666666666666,12.916666666666666,13.555555555555555,2.916304039902478,13.736639182380484,-2.7220928748979096,4.0,0.0,45.583333333333336,0
939,2015,13,15,nasr,sauber,16,42.0,11.666666666666666,11.666666666666666,11.666666666666666,11.333333333333334,1.18164502719098,12.51656612421734,2.069950947986104,4.0,0.0,45.583333333333336,0
939,2015,13,15,ericsson,sauber,17,42.0,15.428571428571429,15.0,15.428571428571429,15.523809523809524,1.18164502719098,11.797330106947395,2.250726160730722,4.0,0.0,45.583333333333336,0
939,2015,13,15,maldonado,lotus_f1,18,42.0,15.337078651685394,14.0,15.337078651685394,15.393939393939394,4.553634093458447,16.055776240517954,-5.0269346733886735,4.0,0.0,45.583333333333336,0
939,2015,13,15,grosjean,lotus_f1,10,42.0,12.513157894736842,15.25,12.513157894736842,12.517857142857142,4.553634093458447,11.691702387799406,-1.7134565623350653,4.0,0.0,45.583333333333336,0
939,2015,13,15,rossi,manor,20,42.0,10.5,10.5,10.5,10.5,0.0,10.5,0.0,4.0,0.0,45.583333333333336,0
939,2015,13,15,stevens,manor,19,42.0,16.416666666666668,16.416666666666668,16.416666666666668,16.375,0.0,15.929792175759726,0.3713717392675378,4.0,0.0,45.583333333333336,0
939,2015,13,15,button,mclaren,15,42.0,9.282142857142857,6.714285714285714,9.06896551724138,8.818181818181818,2.808334922597012,13.861303278799538,2.226459212028749,4.0,0.0,45.583333333333336,0
939,2015,13,15,alonso,mclaren,12,42.0,6.97165991902834,2.571428571428572,6.788793103448276,6.454545454545454,2.808334922597012,13.815812101949152,1.5270332343000832,4.0,0.0,45.583333333333336,0
939,2015,13,15,hamilton,mercedes,5,42.0,6.13125,8.285714285714286,6.15483870967742,6.126050420168068,35.14551686967442,2.0127705260788624,-0.7613062582610206,4.0,0.0,45.583333333333336,0
939,2015,13,15,massa,williams,9,42.0,8.544642857142858,8.166666666666666,8.547169811320755,8.555555555555555,16.99854252658708,6.345864346344928,0.2464084323380127,4.0,0.0,45.583333333333336,0
939,2015,13,15,hulkenberg,force_india,11,42.0,11.438202247191011,10.5,11.438202247191011,11.303030303030305,7.293792560013414,12.09956309687726,-1.8942886970865864,4.0,0.0,45.583333333333336,0
940,2015,14,22,hamilton,mercedes,2,45.0,6.204968944099379,6.5,6.230769230769231,6.225,30.93724107385545,4.919539521337279,-2.9865233022135835,4.0,0.0,44.66666666666666,1
940,2015,14,22,rosberg,mercedes,1,45.0,8.983240223463687,10.857142857142858,8.80813953488372,8.727272727272727,30.93724107385545,5.373530717480384,-2.3791461585641627,4.0,0.0,44.66666666666666,0
940,2015,14,22,vettel,ferrari,4,45.0,6.269736842105263,1.6666666666666667,6.135135135135135,6.2105263157894735,23.494523497717456,3.776499068409465,1.0215297944937616,4.0,0.0,44.66666666666666,0
940,2015,14,22,raikkonen,ferrari,6,45.0,7.898230088495575,6.5,8.009569377990431,7.8544303797468356,23.494523497717456,7.66545726857492,-1.1128900578686232,4.0,0.0,44.66666666666666,0
940,2015,14,22,bottas,williams,3,45.0,9.509803921568627,11.5,9.509803921568627,9.783783783783784,15.726080249025792,6.662888370008893,-0.9738676839842078,4.0,0.0,44.66666666666666,0
940,2015,14,22,hulkenberg,force_india,13,45.0,11.533333333333331,10.25,11.533333333333331,11.432835820895525,7.058557549101818,13.536006190767818,-3.186236225230964,4.0,0.0,44.66666666666666,0
940,2015,14,22,grosjean,lotus_f1,8,45.0,12.51948051948052,13.25,12.51948051948052,12.526315789473683,3.725700084476513,11.929574727248053,-1.9473735965524592,4.0,0.0,44.66666666666666,0
940,2015,14,22,maldonado,lotus_f1,11,45.0,15.3,13.5,15.3,15.343283582089551,3.725700084476513,15.318362368032664,-3.0220374312993514,4.0,0.0,44.66666666666666,0
940,2015,14,22,max_verstappen,toro_rosso,17,45.0,11.923076923076923,11.923076923076923,11.923076923076923,11.0,3.476976032647482,10.554745783916507,2.1459027645782363,4.0,0.0,44.66666666666666,0
940,2015,14,22,sainz,toro_rosso,10,45.0,12.615384615384617,12.615384615384617,12.615384615384617,13.1,3.476976032647482,12.806982557688896,-1.2064834900123456,4.0,0.0,44.66666666666666,0
940,2015,14,22,alonso,mclaren,12,45.0,7.012096774193548,9.272727272727272,6.832618025751073,6.514124293785311,2.2977285730339183,14.394755356140214,0.3402999189727945,4.0,0.0,44.66666666666666,0
940,2015,14,22,perez,force_india,9,45.0,11.752808988764045,13.75,11.752808988764045,11.940298507462687,7.058557549101818,9.12841044227589,1.46005663221562,4.0,0.0,44.66666666666666,0
940,2015,14,22,kvyat,red_bull,20,45.0,11.71875,11.0,11.71875,11.173913043478262,14.4846969178177,7.80906164586415,2.203264099331802,4.0,0.0,44.66666666666666,0
940,2015,14,22,ericsson,sauber,15,45.0,15.275862068965518,17.0,15.275862068965518,15.318181818181818,1.1486186586108018,11.651929266999312,2.9344424291559053,4.0,0.0,44.66666666666666,0
940,2015,14,22,ricciardo,red_bull,7,45.0,11.46341463414634,12.25,11.46341463414634,11.836065573770492,14.4846969178177,8.288337623466765,0.1585606360814022,4.0,0.0,44.66666666666666,0
940,2015,14,22,button,mclaren,14,45.0,9.306049822064058,5.0,9.095419847328245,8.85427135678392,2.2977285730339183,14.250157228108712,1.6398302643871578,4.0,0.0,44.66666666666666,0
940,2015,14,22,massa,williams,5,45.0,8.591111111111111,9.666666666666666,8.5962441314554,8.61963190184049,15.726080249025792,8.646616283373124,-1.616574918996173,4.0,0.0,44.66666666666666,0
940,2015,14,22,rossi,manor,19,45.0,14.0,14.0,14.0,14.0,0.0,14.0,6.0,4.0,0.0,44.66666666666666,0
940,2015,14,22,stevens,manor,18,45.0,16.307692307692307,16.307692307692307,16.307692307692307,16.22222222222222,0.0,15.7473025618164,1.0835598902420636,4.0,0.0,44.66666666666666,0
940,2015,14,22,nasr,sauber,16,45.0,11.538461538461538,11.538461538461538,11.538461538461538,11.2,1.1486186586108018,12.022641575867576,2.8412987319081693,4.0,0.0,44.66666666666666,0
941,2015,15,71,hamilton,mercedes,2,19.0,6.172839506172839,1.0,6.197452229299363,6.146341463414634,33.13046997008638,4.206895972003222,-2.26170088362929,1.0,0.0,24.5,1
941,2015,15,71,vettel,ferrari,4,19.0,6.248366013071895,8.0,6.114093959731544,6.447368421052632,24.131882861768823,3.635317419607737,1.0176152864039865,1.0,0.0,24.5,0
941,2015,15,71,perez,force_india,7,19.0,11.755555555555556,10.0,11.755555555555556,11.181818181818182,7.229728903810617,9.65051764207526,0.6491372329132076,1.0,0.0,24.5,0
941,2015,15,71,massa,williams,15,19.0,8.628318584070797,11.0,8.63551401869159,8.516129032258064,14.68497474920292,10.16541332275983,-3.5044703882695973,1.0,0.0,24.5,0
941,2015,15,71,kvyat,red_bull,11,19.0,11.757575757575758,14.0,11.757575757575758,13.11111111111111,11.85111566003266,8.754126112515948,3.076559897965724,1.0,0.0,24.5,0
941,2015,15,71,nasr,sauber,12,19.0,12.142857142857142,12.142857142857142,12.142857142857142,12.666666666666666,0.9397789024997468,13.566047867777938,1.5176897192149987,1.0,0.0,24.5,0
941,2015,15,71,maldonado,lotus_f1,14,19.0,15.21978021978022,18.0,15.21978021978022,15.173913043478262,4.866482493183914,13.987751012780995,-1.927121521855041,1.0,0.0,24.5,0
941,2015,15,71,raikkonen,ferrari,5,19.0,7.881057268722467,9.0,7.9904761904761905,8.0,24.131882861768823,6.999010492470389,-0.546910047347055,1.0,0.0,24.5,0
941,2015,15,71,button,mclaren,13,19.0,9.329787234042554,4.0,9.12167300380228,10.402439024390244,1.8799597415732052,14.568310459361673,0.9780429435894924,1.0,0.0,24.5,0
941,2015,15,71,max_verstappen,toro_rosso,9,19.0,11.714285714285714,11.714285714285714,11.714285714285714,15.0,3.390253117620667,10.253943902185986,3.278514592482615,1.0,0.0,24.5,0
941,2015,15,71,alonso,mclaren,19,19.0,7.028112449799197,6.0,6.85042735042735,8.253521126760564,1.8799597415732052,13.777527109569268,0.4602453882504683,1.0,0.0,24.5,0
941,2015,15,71,bottas,williams,3,19.0,9.423076923076923,3.0,9.423076923076923,8.785714285714286,14.68497474920292,6.360536144053845,-1.16044267931605,1.0,0.0,24.5,0
941,2015,15,71,merhi,manor,18,19.0,15.636363636363637,15.636363636363637,15.636363636363637,16.666666666666668,0.0,15.329094834168464,2.0114312450261345,1.0,0.0,24.5,0
941,2015,15,71,stevens,manor,17,19.0,16.5,16.5,16.5,16.5,0.0,16.37661284535418,0.6804465696165835,1.0,0.0,24.5,0
941,2015,15,71,ricciardo,red_bull,10,19.0,11.50602409638554,7.0,11.50602409638554,10.38095238095238,11.85111566003266,9.508639945031309,-1.3248141116778454,1.0,0.0,24.5,0
941,2015,15,71,sainz,toro_rosso,20,19.0,12.428571428571429,12.428571428571429,12.428571428571429,11.0,3.390253117620667,12.263906227093804,-0.9730610824221364,1.0,0.0,24.5,0
941,2015,15,71,grosjean,lotus_f1,8,19.0,12.448717948717947,17.0,12.448717948717947,12.5,4.866482493183914,11.033288270401334,-1.4114874027078423,1.0,0.0,24.5,0
941,2015,15,71,rosberg,mercedes,1,19.0,8.944444444444445,2.0,8.76878612716763,9.702127659574469,33.13046997008638,4.760161496120314,-2.1283923115524965,1.0,0.0,24.5,0
941,2015,15,71,hulkenberg,force_india,6,19.0,11.472527472527473,12.0,11.472527472527473,11.826086956521738,7.229728903810617,12.16582323091827,-1.334193253462705,1.0,0.0,24.5,0
941,2015,15,71,ericsson,sauber,17,19.0,15.233333333333333,19.0,15.233333333333333,15.142857142857142,0.9397789024997468,12.079890898149728,2.5818690906644504,1.0,0.0,24.5,0
942,2015,16,69,hamilton,mercedes,2,47.0,6.141104294478527,2.0,6.1645569620253164,6.023809523809524,31.65220270248456,3.623823977093542,-1.6686643593330517,3.0,0.0,32.916666666666664,1
942,2015,16,69,rosberg,mercedes,1,47.0,8.994475138121548,8.0,8.82183908045977,9.875,31.65220270248456,7.167404860462077,-4.832320982179317,3.0,0.0,32.916666666666664,0
942,2015,16,69,vettel,ferrari,13,47.0,6.220779220779221,3.333333333333333,6.086666666666667,6.333333333333333,23.74426779599268,3.3379869796790462,1.1962306888759957,3.0,0.0,32.916666666666664,0
942,2015,16,69,max_verstappen,toro_rosso,8,47.0,11.6,11.6,11.6,13.75,2.955661641689636,10.205378561075452,2.460272772767117,3.0,0.0,32.916666666666664,0
942,2015,16,69,perez,force_india,5,47.0,11.65934065934066,11.666666666666666,11.65934065934066,10.826086956521738,8.642505466754407,8.441332602058479,1.258385015894239,3.0,0.0,32.916666666666664,0
942,2015,16,69,button,mclaren,11,47.0,9.328621908127207,9.0,9.12121212121212,10.385542168674698,1.90178524310535,13.555890375841368,1.5274896811186758,3.0,0.0,32.916666666666664,0
942,2015,16,69,sainz,toro_rosso,20,47.0,12.666666666666666,12.666666666666666,12.666666666666666,12.25,2.955661641689636,12.978413119916311,-0.0219911581107948,3.0,0.0,32.916666666666664,0
942,2015,16,69,maldonado,lotus_f1,12,47.0,15.130434782608695,11.666666666666666,15.130434782608695,14.833333333333334,5.072576674889987,12.717250816444649,-0.3040085023026473,3.0,0.0,32.916666666666664,0
942,2015,16,69,nasr,sauber,15,47.0,11.733333333333333,11.733333333333333,11.733333333333333,11.0,2.223455465681612,12.119083824167436,2.374906316564702,3.0,0.0,32.916666666666664,0
942,2015,16,69,ricciardo,red_bull,3,47.0,11.547619047619047,8.666666666666666,11.547619047619047,10.590909090909092,11.51454917639036,10.507069093654932,-1.9930297596739897,3.0,0.0,32.916666666666664,0
942,2015,16,69,alonso,mclaren,9,47.0,7.044,4.666666666666667,6.868085106382979,8.291666666666666,1.90178524310535,13.27252218055667,1.8311098631140208,3.0,0.0,32.916666666666664,0
942,2015,16,69,rossi,manor,17,47.0,16.0,16.0,16.0,10.5,0.0,16.2,3.25,3.0,0.0,32.916666666666664,0
942,2015,16,69,kvyat,red_bull,4,47.0,11.558823529411764,15.0,11.558823529411764,12.3,11.51454917639036,8.07081383065977,3.608673755390755,3.0,0.0,32.916666666666664,0
942,2015,16,69,hulkenberg,force_india,6,47.0,11.554347826086955,10.0,11.554347826086955,12.125,8.642505466754407,13.408400837223112,-3.4552490459184337,3.0,0.0,32.916666666666664,0
942,2015,16,69,ericsson,sauber,14,47.0,15.387096774193548,15.387096774193548,15.387096774193548,15.75,2.223455465681612,13.522778721471084,1.5649625255248336,3.0,0.0,32.916666666666664,0
942,2015,16,69,raikkonen,ferrari,18,47.0,7.881578947368421,9.5,7.990521327014218,8.0,23.74426779599268,7.181008584748501,-0.9929264023748634,3.0,0.0,32.916666666666664,0
942,2015,16,69,massa,williams,7,47.0,8.607929515418503,7.0,8.613953488372093,8.444444444444445,14.196797522075114,9.044429082258045,-0.8672939540387596,3.0,0.0,32.916666666666664,0
942,2015,16,69,grosjean,lotus_f1,10,47.0,12.50632911392405,6.666666666666667,12.50632911392405,12.714285714285714,5.072576674889987,12.118145089929437,-2.7912171457100308,3.0,0.0,32.916666666666664,0
942,2015,16,69,bottas,williams,16,47.0,9.471698113207546,6.5,9.471698113207546,9.0,14.196797522075114,7.3859178649777935,-2.585851012820865,3.0,0.0,32.916666666666664,0
942,2015,16,69,stevens,manor,19,47.0,16.333333333333332,16.333333333333332,16.333333333333332,16.0,0.0,15.922099023487457,1.1240480997221427,3.0,0.0,32.916666666666664,0
943,2015,17,32,rosberg,mercedes,1,38.0,8.956043956043956,8.782857142857143,8.782857142857143,9.714285714285714,33.715438575117965,6.227876704014426,-4.135535349055804,2.0,0.0,27.88888888888889,1
943,2015,17,32,hamilton,mercedes,2,38.0,6.109756097560975,6.132075471698113,6.132075471698113,5.906976744186046,33.715438575117965,3.1467650721674407,-1.1834526576361304,2.0,0.0,27.88888888888889,0
943,2015,17,32,bottas,williams,6,38.0,9.648148148148149,9.648148148148149,9.648148148148149,9.625,11.615561608970546,9.497610707493308,-2.6611523101419863,2.0,0.0,27.88888888888889,0
943,2015,17,32,kvyat,red_bull,4,38.0,11.6,11.6,11.6,12.363636363636363,9.6028129625012,8.96782849157905,1.3141438218931245,2.0,0.0,27.88888888888889,0
943,2015,17,32,ricciardo,red_bull,5,38.0,11.529411764705882,11.529411764705882,11.529411764705882,10.565217391304348,9.6028129625012,10.414874709385115,-2.903388020787597,2.0,0.0,27.88888888888889,0
943,2015,17,32,massa,williams,7,38.0,8.644736842105264,8.652777777777779,8.652777777777779,8.578125,11.615561608970546,10.49089652184749,-2.52778596239535,2.0,0.0,27.88888888888889,0
943,2015,17,32,hulkenberg,force_india,10,38.0,11.580645161290322,11.580645161290322,11.580645161290322,12.2,8.889322654617281,13.515964322209058,-4.281567407695041,2.0,0.0,27.88888888888889,0
943,2015,17,32,perez,force_india,9,38.0,11.58695652173913,11.58695652173913,11.58695652173913,10.583333333333334,8.889322654617281,7.815635759315092,1.0295877380810925,2.0,0.0,27.88888888888889,0
943,2015,17,32,max_verstappen,toro_rosso,8,38.0,11.125,11.125,11.125,11.8,5.690995888655158,9.029716865407318,2.751987179071006,2.0,0.0,27.88888888888889,0
943,2015,17,32,grosjean,lotus_f1,12,38.0,12.575,12.575,12.575,12.954545454545457,4.877562664665852,13.187573369457924,-3.738268674771632,2.0,0.0,27.88888888888889,0
943,2015,17,32,maldonado,lotus_f1,13,38.0,15.053763440860216,15.053763440860216,15.053763440860216,14.56,4.877562664665852,11.859568843083,0.4785385042613301,2.0,0.0,27.88888888888889,0
943,2015,17,32,ericsson,sauber,14,38.0,15.375,15.375,15.375,15.666666666666666,2.182827199194046,13.791801914563738,1.0978460421589424,2.0,0.0,27.88888888888889,0
943,2015,17,32,sainz,toro_rosso,11,38.0,12.3125,12.3125,12.3125,11.2,5.690995888655158,11.845751955607374,2.445135715010499,2.0,0.0,27.88888888888889,0
943,2015,17,32,button,mclaren,20,38.0,9.316901408450704,9.10943396226415,9.10943396226415,10.333333333333334,3.010551562540741,12.182092125688389,2.158855193642553,2.0,0.0,27.88888888888889,0
943,2015,17,32,rossi,manor,16,38.0,14.666666666666666,14.666666666666666,14.666666666666666,12.0,0.0,14.511627906976743,3.953488372093023,2.0,0.0,27.88888888888889,0
943,2015,17,32,stevens,manor,17,38.0,16.5625,16.5625,16.5625,16.666666666666668,0.0,16.694692013524566,0.7216291391346309,2.0,0.0,27.88888888888889,0
943,2015,17,32,nasr,sauber,15,38.0,11.5625,11.5625,11.5625,10.6,2.182827199194046,11.528146890737831,3.061711117412302,2.0,0.0,27.88888888888889,0
943,2015,17,32,vettel,ferrari,3,38.0,6.2,6.066225165562914,6.066225165562914,6.25,22.154400923994007,3.2765348015555813,2.7969160181713195,2.0,0.0,27.88888888888889,0
943,2015,17,32,raikkonen,ferrari,19,38.0,7.91703056768559,8.028301886792454,8.028301886792454,8.114285714285714,22.154400923994007,8.784461569339683,-0.4487579655794333,2.0,0.0,27.88888888888889,0
943,2015,17,32,alonso,mclaren,18,38.0,7.059760956175299,6.885593220338983,6.885593220338983,8.32876712328767,3.010551562540741,12.859336329546366,1.1345444334569257,2.0,0.0,27.88888888888889,0
944,2015,18,18,rosberg,mercedes,1,49.0,8.912568306010929,9.77777777777778,8.738636363636363,8.676691729323307,35.40354065260882,5.277353666920893,-3.383619831045657,5.0,0.0,53.92307692307692,1
944,2015,18,18,hamilton,mercedes,2,49.0,6.084848484848485,9.0,6.10625,6.181818181818182,35.40354065260882,2.9382623317733603,-0.9682794471568332,5.0,0.0,53.92307692307692,0
944,2015,18,18,vettel,ferrari,3,49.0,6.2756410256410255,5.125,6.144736842105263,6.182608695652174,18.12632802872237,5.95352847400009,-0.4388868942235487,5.0,0.0,53.92307692307692,0
944,2015,18,18,raikkonen,ferrari,4,49.0,7.965217391304348,5.636363636363637,8.07981220657277,7.830188679245283,18.12632802872237,10.641832193096109,-0.3671656082013544,5.0,0.0,53.92307692307692,0
944,2015,18,18,bottas,williams,7,49.0,9.527272727272727,15.5,9.527272727272727,9.657894736842104,13.685459498248632,8.316207925655746,-1.6318353213764252,5.0,0.0,53.92307692307692,0
944,2015,18,18,hulkenberg,force_india,5,49.0,11.53191489361702,7.25,11.53191489361702,11.352941176470589,9.091263990141435,12.331243528740853,-2.9576460523349994,5.0,0.0,53.92307692307692,0
944,2015,18,18,kvyat,red_bull,6,49.0,11.38888888888889,11.0,11.38888888888889,11.25,11.856846969319166,8.063928207410498,1.0750343244414573,5.0,0.0,53.92307692307692,0
944,2015,18,18,grosjean,lotus_f1,14,49.0,12.54320987654321,18.25,12.54320987654321,12.43103448275862,4.172551066005627,12.608014524436332,-2.694947006495867,5.0,0.0,53.92307692307692,0
944,2015,18,18,max_verstappen,toro_rosso,9,49.0,11.0,11.0,11.0,10.818181818181818,5.019905727081492,9.024129442423682,2.046531233051587,5.0,0.0,53.92307692307692,0
944,2015,18,18,maldonado,lotus_f1,15,49.0,15.01063829787234,18.25,15.01063829787234,15.235294117647058,4.172551066005627,11.703283597881937,0.7551678689002926,5.0,0.0,53.92307692307692,0
944,2015,18,18,ricciardo,red_bull,19,49.0,11.453488372093023,15.25,11.453488372093023,11.887096774193548,11.856846969319166,9.430352003451452,-2.3754992728453987,5.0,0.0,53.92307692307692,0
944,2015,18,18,perez,force_india,11,49.0,11.548387096774194,14.5,11.548387096774194,11.941176470588236,9.091263990141435,7.849156530611949,1.02420814929683,5.0,0.0,53.92307692307692,0
944,2015,18,18,nasr,sauber,13,49.0,11.882352941176473,11.882352941176473,11.882352941176473,12.0,1.7859495266133103,12.556975382798305,2.1099983224620686,5.0,0.0,53.92307692307692,0
944,2015,18,18,button,mclaren,16,49.0,9.333333333333334,7.733333333333333,9.12781954887218,8.89,2.4631785511696966,12.51262083010868,2.8572451584348166,5.0,0.0,53.92307692307692,0
944,2015,18,18,alonso,mclaren,20,49.0,7.111111111111111,5.6923076923076925,6.940928270042194,6.53932584269663,2.4631785511696966,14.157638815083391,0.5646272637374841,5.0,0.0,53.92307692307692,0
944,2015,18,18,ericsson,sauber,12,49.0,15.272727272727272,15.272727272727272,15.272727272727272,15.26086956521739,1.7859495266133103,13.46558568828479,1.2620925792663555,5.0,0.0,53.92307692307692,0
944,2015,18,18,stevens,manor,18,49.0,16.529411764705884,16.529411764705884,16.529411764705884,16.5,0.0,16.56407466644865,0.7739689712351879,5.0,0.0,53.92307692307692,0
944,2015,18,18,rossi,manor,17,49.0,14.75,14.75,14.75,16.0,0.0,14.672524752475248,2.980445544554455,5.0,0.0,53.92307692307692,0
944,2015,18,18,sainz,toro_rosso,10,49.0,12.352941176470589,12.352941176470589,12.352941176470589,12.818181818181818,5.019905727081492,12.062775923770207,1.6093526295805858,5.0,0.0,53.92307692307692,0
944,2015,18,18,massa,williams,8,49.0,8.633187772925764,6.545454545454546,8.640552995391705,8.670731707317072,13.685459498248632,9.674369881511582,-1.886370332868922,5.0,0.0,53.92307692307692,0
945,2015,19,24,rosberg,mercedes,1,42.0,8.869565217391305,9.833333333333334,8.694915254237289,9.54,36.78471507956759,4.499653000208003,-2.768416225400992,3.0,0.0,31.857142857142858,1
945,2015,19,24,hamilton,mercedes,2,42.0,6.0602409638554215,8.5,6.080745341614906,5.818181818181818,36.78471507956759,2.7676691805418394,-0.7922286385828629,3.0,0.0,31.857142857142858,0
945,2015,19,24,raikkonen,ferrari,3,42.0,7.9480519480519485,11.25,8.060747663551401,8.267605633802816,19.73972293259103,9.434226339805903,-0.3004082248920172,3.0,0.0,31.857142857142858,0
945,2015,19,24,vettel,ferrari,15,42.0,6.254777070063694,6.333333333333333,6.124183006535947,6.536585365853658,19.73972293259103,5.416523296909154,-0.3590892770919928,3.0,0.0,31.857142857142858,0
945,2015,19,24,perez,force_india,4,42.0,11.5531914893617,10.5,11.5531914893617,10.48,8.892852355570247,8.603855348077014,0.656170301605434,3.0,0.0,31.857142857142858,0
945,2015,19,24,ricciardo,red_bull,5,42.0,11.448275862068966,12.75,11.448275862068966,10.333333333333334,10.791965702170224,9.715742555749385,-0.4890448102173743,3.0,0.0,31.857142857142858,0
945,2015,19,24,hulkenberg,force_india,7,42.0,11.473684210526317,15.0,11.473684210526317,12.0,8.892852355570247,11.180108335645608,-2.601710404584775,3.0,0.0,31.857142857142858,0
945,2015,19,24,massa,williams,8,42.0,8.682608695652174,6.4,8.692660550458715,8.538461538461538,13.015375953112516,11.551757175782203,-3.7252120905291193,3.0,0.0,31.857142857142858,0
945,2015,19,24,grosjean,lotus_f1,18,42.0,12.48780487804878,13.5,12.48780487804878,12.826086956521738,4.322996362538656,11.770193641992869,-1.114047437896396,3.0,0.0,31.857142857142858,0
945,2015,19,24,kvyat,red_bull,9,42.0,11.27027027027027,20.0,11.27027027027027,11.666666666666666,10.791965702170224,7.870371302835298,0.6975302617343238,3.0,0.0,31.857142857142858,0
945,2015,19,24,sainz,toro_rosso,10,42.0,12.72222222222222,12.72222222222222,12.72222222222222,11.5,4.470831958521221,13.359084325706176,-0.3731396182842354,3.0,0.0,31.857142857142858,0
945,2015,19,24,button,mclaren,12,42.0,9.34965034965035,5.0,9.146067415730338,10.376470588235296,2.015327905502479,12.783053406452556,2.701382402355759,3.0,0.0,31.857142857142858,0
945,2015,19,24,bottas,williams,6,42.0,9.446428571428571,9.0,9.446428571428571,9.235294117647058,13.015375953112516,7.713253089086602,-0.9714929297836088,3.0,0.0,31.857142857142858,0
945,2015,19,24,ericsson,sauber,17,42.0,15.294117647058824,15.294117647058824,15.294117647058824,15.3,1.4612314308654355,13.926890496541873,0.3043057655284417,3.0,0.0,31.857142857142858,0
945,2015,19,24,nasr,sauber,14,42.0,11.944444444444445,11.944444444444445,11.944444444444445,11.666666666666666,1.4612314308654355,12.63976015769275,1.7157183448481852,3.0,0.0,31.857142857142858,0
945,2015,19,24,max_verstappen,toro_rosso,11,42.0,10.88888888888889,10.88888888888889,10.88888888888889,11.333333333333334,4.470831958521221,9.01962054973056,1.6641108869481132,3.0,0.0,31.857142857142858,0
945,2015,19,24,alonso,mclaren,16,42.0,7.142292490118577,6.5,6.974789915966387,8.486486486486486,2.015327905502479,14.310795394159138,1.3710586703306693,3.0,0.0,31.857142857142858,0
945,2015,19,24,stevens,manor,19,42.0,16.555555555555557,17.0,16.555555555555557,16.571428571428573,0.0,16.64553285005204,0.816205738920123,3.0,0.0,31.857142857142858,0
945,2015,19,24,merhi,manor,20,42.0,15.416666666666666,15.416666666666666,15.416666666666666,15.75,0.0,14.863745949018208,2.608541812582091,3.0,0.0,31.857142857142858,0
945,2015,19,24,maldonado,lotus_f1,13,42.0,14.957894736842103,12.25,14.957894736842103,14.423076923076923,4.322996362538656,11.3935956693663,1.5269555331574838,3.0,0.0,31.857142857142858,0
948,2016,1,1,rosberg,mercedes,2,45.0,8.827027027027027,9.4,8.651685393258427,8.619402985074627,37.91476688338993,3.8633524547156384,-2.2650678207826296,4.0,0.0,35.0,1
948,2016,1,1,hamilton,mercedes,1,45.0,6.035928143712575,6.666666666666667,6.055555555555555,6.147540983606557,37.91476688338993,2.6280929658978684,-0.6481870679314329,4.0,0.0,35.0,0
948,2016,1,1,vettel,ferrari,3,45.0,6.2405063291139244,9.625,6.1103896103896105,6.155172413793103,21.05977330848357,5.15897360656203,1.7061996823793142,4.0,0.0,35.0,0
948,2016,1,1,ricciardo,red_bull,8,45.0,11.386363636363637,14.0,11.386363636363637,11.873015873015872,10.466153756321091,9.04015298568862,-0.5819457558039935,4.0,0.0,35.0,0
948,2016,1,1,massa,williams,6,45.0,8.67965367965368,11.923076923076923,8.689497716894977,8.73939393939394,11.37621668891024,10.905983143821803,-3.047900801342006,4.0,0.0,35.0,0
948,2016,1,1,grosjean,haas,19,45.0,12.44578313253012,15.0,12.44578313253012,12.35593220338983,0.0,11.266522041298714,0.7248703855078815,4.0,0.0,35.0,0
948,2016,1,1,hulkenberg,force_india,10,45.0,11.427083333333334,15.8,11.427083333333334,11.27536231884058,10.185061018193949,10.42008863498655,-2.128672147171123,4.0,0.0,35.0,0
948,2016,1,1,bottas,williams,16,45.0,9.508771929824562,12.333333333333334,9.508771929824562,9.538461538461538,11.37621668891024,8.674490158032684,-2.067596935506547,4.0,0.0,35.0,0
948,2016,1,1,sainz,toro_rosso,7,45.0,12.63157894736842,9.0,12.63157894736842,13.333333333333334,3.6579534206082713,12.920472052051638,-0.4896885073138795,4.0,0.0,35.0,0
948,2016,1,1,max_verstappen,toro_rosso,5,45.0,11.157894736842104,13.0,11.157894736842104,10.666666666666666,3.6579534206082713,10.317446179909163,0.4250874251075577,4.0,0.0,35.0,0
948,2016,1,1,jolyon_palmer,renault,13,45.0,10.5,10.5,10.5,10.5,1.4026183755958552,10.5,0.0,4.0,0.0,35.0,0
948,2016,1,1,kevin_magnussen,renault,14,45.0,10.2,9.5,10.2,10.785714285714286,1.4026183755958552,11.0149553001973,-1.01257037562485,4.0,0.0,35.0,0
948,2016,1,1,perez,force_india,9,45.0,11.48421052631579,12.2,11.48421052631579,11.942028985507246,10.185061018193949,7.948608917709327,0.3550484270032834,4.0,0.0,35.0,0
948,2016,1,1,button,mclaren,12,45.0,9.358885017421605,9.1875,9.156716417910449,8.91542288557214,1.6489046499565734,12.64068005982482,2.2102219655638025,4.0,0.0,35.0,0
948,2016,1,1,nasr,sauber,17,45.0,12.105263157894736,5.0,12.105263157894736,12.083333333333334,1.1955529888899017,13.078587270536424,1.210798963688449,4.0,0.0,35.0,0
948,2016,1,1,wehrlein,manor,21,45.0,10.5,10.5,10.5,10.5,0.0,10.5,0.0,4.0,0.0,35.0,0
948,2016,1,1,ericsson,sauber,15,45.0,15.257142857142858,12.5,15.257142857142858,15.291666666666666,1.1955529888899017,13.940194984179684,0.7948689470769741,4.0,0.0,35.0,0
948,2016,1,1,raikkonen,ferrari,4,45.0,7.926724137931035,7.153846153846154,8.037209302325582,7.80625,21.05977330848357,8.264367005295739,-0.2457885476389231,4.0,0.0,35.0,0
948,2016,1,1,haryanto,manor,22,45.0,10.5,10.5,10.5,10.5,0.0,10.5,0.0,4.0,0.0,35.0,0
948,2016,1,1,gutierrez,haas,20,45.0,15.078947368421051,12.5,15.078947368421051,15.11111111111111,0.0,15.35068625710496,-0.9092782774211216,4.0,0.0,35.0,0
948,2016,1,1,alonso,mclaren,11,45.0,7.181102362204724,4.307692307692308,7.01673640167364,6.58659217877095,1.6489046499565734,14.799741686130204,0.939957093906911,4.0,0.0,35.0,0
948,2016,1,1,kvyat,red_bull,18,45.0,11.236842105263158,12.5,11.236842105263158,11.08,10.466153756321091,8.257765513819436,0.3887377491044064,4.0,0.0,35.0,0
949,2016,2,3,rosberg,mercedes,2,53.0,8.78494623655914,6.444444444444445,8.608938547486034,8.562962962962963,38.83935472284545,3.3427429174946126,-1.6714191260948783,5.0,0.0,49.0,1
949,2016,2,3,raikkonen,ferrari,4,53.0,7.969957081545064,5.3,8.083333333333334,7.869565217391305,19.95799634330474,10.03448209524197,-2.7465542662500297,5.0,0.0,49.0,0
949,2016,2,3,hamilton,mercedes,1,53.0,6.011904761904762,4.625,6.030674846625767,6.113821138211383,38.83935472284545,2.5138942448255284,-0.7121530555802634,5.0,0.0,49.0,0
949,2016,2,3,ricciardo,red_bull,5,53.0,11.303370786516854,10.25,11.303370786516854,11.75,10.74503489153544,8.123761517686349,0.2511353053047738,5.0,0.0,49.0,0
949,2016,2,3,grosjean,haas,9,53.0,12.36904761904762,6.25,12.36904761904762,12.25,8.0,10.30897253347803,2.9567122402689217,5.0,0.0,49.0,0
949,2016,2,3,max_verstappen,toro_rosso,10,53.0,11.1,18.0,11.1,10.615384615384617,3.538325525952222,10.25866644916345,-0.5794456211273309,5.0,0.0,49.0,0
949,2016,2,3,kvyat,red_bull,15,53.0,11.512820512820513,10.0,11.512820512820513,11.5,10.74503489153544,10.757351328005628,-0.4095332039110198,5.0,0.0,49.0,0
949,2016,2,3,massa,williams,7,53.0,8.663793103448276,7.909090909090909,8.672727272727272,8.716867469879517,11.85326820001747,9.832168026763297,-2.311918837461641,5.0,0.0,49.0,0
949,2016,2,3,bottas,williams,6,53.0,9.482758620689657,8.666666666666666,9.482758620689657,9.5,11.85326820001747,8.55185450264361,-0.2371086271522318,5.0,0.0,49.0,0
949,2016,2,3,vandoorne,mclaren,12,53.0,10.5,10.5,10.5,10.5,1.3491038045099235,10.5,0.0,5.0,0.0,49.0,0
949,2016,2,3,kevin_magnussen,renault,22,53.0,10.285714285714286,18.0,10.285714285714286,10.866666666666667,1.147596852760245,11.196742210600052,-0.4566099597519535,5.0,0.0,49.0,0
949,2016,2,3,ericsson,sauber,17,53.0,15.305555555555555,17.0,15.305555555555555,15.36,0.9781797181826466,14.49692890283017,0.2863403535961342,5.0,0.0,49.0,0
949,2016,2,3,wehrlein,manor,16,53.0,16.0,16.0,16.0,16.0,0.0,16.0,5.0,5.0,0.0,49.0,0
949,2016,2,3,nasr,sauber,21,53.0,12.25,12.0,12.25,12.307692307692308,0.9781797181826466,13.434364501566812,1.356930898342397,5.0,0.0,49.0,0
949,2016,2,3,hulkenberg,force_india,8,53.0,11.381443298969073,11.2,11.381443298969073,11.214285714285714,9.424140833067725,9.798254335527965,-1.1961862989493972,5.0,0.0,49.0,0
949,2016,2,3,perez,force_india,18,53.0,11.5,7.0,11.5,11.957142857142856,9.424140833067725,8.867043663894307,-0.4367785631303418,5.0,0.0,49.0,0
949,2016,2,3,haryanto,manor,20,53.0,19.0,19.0,19.0,19.0,0.0,19.0,3.0,5.0,0.0,49.0,0
949,2016,2,3,sainz,toro_rosso,11,53.0,12.45,19.0,12.45,13.0,3.538325525952222,12.194540205331563,-0.7693444253899777,5.0,0.0,49.0,0
949,2016,2,3,gutierrez,haas,13,53.0,15.205128205128204,18.5,15.205128205128204,15.285714285714286,8.0,16.19635358210425,-0.7438889380327507,5.0,0.0,49.0,0
949,2016,2,3,button,mclaren,14,53.0,9.375,12.363636363636363,9.17472118959108,8.94059405940594,1.3491038045099235,12.88782913985667,1.4447270627340196,5.0,0.0,49.0,0
949,2016,2,3,vettel,ferrari,3,53.0,6.220125786163522,5.857142857142857,6.090322580645161,6.128205128205129,19.95799634330474,4.766432950823474,1.3959815583103437,5.0,0.0,49.0,0
949,2016,2,3,jolyon_palmer,renault,19,53.0,11.0,11.0,11.0,11.0,1.147596852760245,11.0,2.0,5.0,0.0,49.0,0
950,2016,3,17,rosberg,mercedes,1,66.0,8.743315508021391,8.9,8.566666666666666,8.507352941176471,39.05038113688697,2.91678965976832,-1.185706557713991,5.0,0.0,50.8,1
950,2016,3,17,vettel,ferrari,4,66.0,6.3125,4.333333333333333,6.185897435897436,6.254237288135593,19.60199700815842,7.717990596128332,-2.130560543200669,5.0,0.0,50.8,0
950,2016,3,17,kvyat,red_bull,6,66.0,11.4,14.5,11.4,11.333333333333334,12.064119456710817,10.073973361779,1.11997234298028,5.0,0.0,50.8,0
950,2016,3,17,ricciardo,red_bull,2,66.0,11.22222222222222,9.25,11.22222222222222,11.63076923076923,12.064119456710817,7.373986685538668,0.3872925244742902,5.0,0.0,50.8,0
950,2016,3,17,raikkonen,ferrari,3,66.0,7.944444444444445,6.8,8.055299539170507,7.833333333333333,19.60199700815842,8.573667168834337,-1.8835443996591148,5.0,0.0,50.8,0
950,2016,3,17,massa,williams,10,66.0,8.660944206008583,9.166666666666666,8.669683257918551,8.7125748502994,10.78903761819611,9.499046567351789,-2.0733881397413425,5.0,0.0,50.8,0
950,2016,3,17,hamilton,mercedes,22,66.0,5.994082840236686,4.111111111111111,6.012195121951219,6.088709677419355,39.05038113688697,2.602277109402705,-0.9463070454747616,5.0,0.0,50.8,0
950,2016,3,17,max_verstappen,toro_rosso,9,66.0,10.857142857142858,17.0,10.857142857142858,10.285714285714286,4.349539066688182,9.472742910481044,0.2656767078277863,5.0,0.0,50.8,0
950,2016,3,17,sainz,toro_rosso,8,66.0,12.714285714285714,13.0,12.714285714285714,13.357142857142858,4.349539066688182,13.265919605425346,-1.9191923733246328,5.0,0.0,50.8,0
950,2016,3,17,bottas,williams,5,66.0,9.47457627118644,8.666666666666666,9.47457627118644,9.48780487804878,10.78903761819611,8.633336089921718,-0.7394561367548842,5.0,0.0,50.8,0
950,2016,3,17,perez,force_india,7,66.0,11.54639175257732,11.8,11.54639175257732,12.014084507042254,7.710660681600767,10.163944820477465,0.006272086270683,5.0,0.0,50.8,0
950,2016,3,17,alonso,mclaren,11,66.0,7.235294117647059,4.833333333333333,7.075,6.666666666666667,1.2856303855081193,15.927061379561076,-1.0491260140761651,5.0,0.0,50.8,0
950,2016,3,17,button,mclaren,12,66.0,9.411764705882351,6.25,9.214814814814815,8.995073891625616,1.2856303855081193,14.180951114428186,0.091140324055106,5.0,0.0,50.8,0
950,2016,3,17,gutierrez,haas,18,66.0,15.3,19.0,15.3,15.413793103448276,9.1,16.706274007378173,-1.6998576974660111,5.0,0.0,50.8,0
950,2016,3,17,hulkenberg,force_india,13,66.0,11.418367346938776,13.2,11.418367346938776,11.267605633802816,7.710660681600767,10.744026277246016,-2.251425156724191,5.0,0.0,50.8,0
950,2016,3,17,ericsson,sauber,15,66.0,15.216216216216216,15.0,15.216216216216216,15.23076923076923,0.8003288603312562,14.042670968873836,1.1438807064358891,5.0,0.0,50.8,0
950,2016,3,17,kevin_magnussen,renault,17,66.0,10.318181818181818,13.0,10.318181818181818,10.875,0.9389428795311094,11.16053285641182,1.651917979239161,5.0,0.0,50.8,0
950,2016,3,17,wehrlein,manor,21,66.0,14.5,14.5,14.5,14.5,0.0,14.35,3.9,5.0,0.0,50.8,0
950,2016,3,17,grosjean,haas,14,66.0,12.282352941176471,10.75,12.282352941176471,12.131147540983608,9.1,9.34370476237135,3.146400931274214,5.0,0.0,50.8,0
950,2016,3,17,nasr,sauber,16,66.0,12.333333333333334,8.0,12.333333333333334,12.428571428571429,0.8003288603312562,13.53875075905836,2.398341605272796,5.0,0.0,50.8,0
950,2016,3,17,haryanto,manor,20,66.0,18.0,18.0,18.0,18.0,0.0,17.900000000000002,3.0,5.0,0.0,50.8,0
950,2016,3,17,jolyon_palmer,renault,19,66.0,16.5,16.5,16.5,16.5,0.9389428795311094,17.05,-0.7500000000000001,5.0,0.0,50.8,0
951,2016,4,71,rosberg,mercedes,1,26.0,8.702127659574469,10.0,8.524861878453038,9.372549019607844,37.58667547555863,2.568282448901352,-0.970123547220538,1.0,0.0,24.5,1
951,2016,4,71,hamilton,mercedes,10,26.0,6.0,1.0,6.0181818181818185,5.733333333333333,37.58667547555863,3.4018630895113056,1.953021508247928,1.0,0.0,24.5,0
951,2016,4,71,raikkonen,ferrari,3,26.0,7.931914893617021,8.5,8.041284403669724,8.194444444444445,21.12890664303871,7.923909501773548,-1.9047181451756396,1.0,0.0,24.5,0
951,2016,4,71,bottas,williams,2,26.0,9.483333333333333,7.5,9.483333333333333,9.444444444444445,10.463758051251364,8.881821903739032,-1.5141050474019715,1.0,0.0,24.5,0
951,2016,4,71,massa,williams,4,26.0,8.649572649572649,7.5,8.657657657657658,8.530303030303031,10.463758051251364,8.862856282378734,-0.9691357506974616,1.0,0.0,24.5,0
951,2016,4,71,alonso,mclaren,14,26.0,7.25390625,8.5,7.095435684647303,8.6,1.051879406324825,15.21305021964088,-1.0401940115168624,1.0,0.0,24.5,0
951,2016,4,71,kevin_magnussen,renault,17,26.0,10.608695652173912,5.0,10.608695652173912,8.833333333333334,0.7682259923436349,12.23286809297798,1.3485666950384532,1.0,0.0,24.5,0
951,2016,4,71,grosjean,haas,15,26.0,12.36046511627907,17.0,12.36046511627907,12.666666666666666,5.44186046511628,11.099394861750223,1.6652370781978527,1.0,0.0,24.5,0
951,2016,4,71,perez,force_india,6,26.0,11.540816326530612,6.5,11.540816326530612,10.26923076923077,6.308722375855107,10.315954853555604,-0.7221410224212867,1.0,0.0,24.5,0
951,2016,4,71,button,mclaren,12,26.0,9.424137931034483,6.5,9.228782287822876,10.395348837209305,1.051879406324825,13.966232729986698,-0.1072488257730951,1.0,0.0,24.5,0
951,2016,4,71,ricciardo,red_bull,5,26.0,11.142857142857142,11.0,11.142857142857142,10.16,14.779734100945213,6.760534553698883,-0.0467606668856286,1.0,0.0,24.5,0
951,2016,4,71,sainz,toro_rosso,11,26.0,12.545454545454543,16.0,12.545454545454543,11.428571428571429,4.649622872744876,12.4807998618774,-1.7500199211532317,1.0,0.0,24.5,0
951,2016,4,71,jolyon_palmer,renault,18,26.0,18.33333333333333,18.33333333333333,18.33333333333333,10.5,0.7682259923436349,19.03986710963455,-1.6544850498338872,1.0,0.0,24.5,0
951,2016,4,71,ericsson,sauber,22,26.0,15.236842105263158,19.5,15.236842105263158,15.181818181818182,0.6548145220892094,14.398722677164102,0.7538939562481327,1.0,0.0,24.5,0
951,2016,4,71,kvyat,red_bull,8,26.0,11.195121951219512,9.5,11.195121951219512,11.538461538461538,14.779734100945213,8.787452623549118,1.4618869142550213,1.0,0.0,24.5,0
951,2016,4,71,nasr,sauber,19,26.0,12.681818181818182,6.0,12.681818181818182,12.142857142857142,0.6548145220892094,14.727909209347922,1.2207609696988988,1.0,0.0,24.5,0
951,2016,4,71,gutierrez,haas,16,26.0,15.268292682926829,15.0,15.268292682926829,15.0,5.44186046511628,16.214092675082497,-0.6632429467843501,1.0,0.0,24.5,0
951,2016,4,71,wehrlein,manor,20,26.0,15.666666666666666,15.666666666666666,15.666666666666666,10.5,0.0,15.817275747508306,3.538205980066445,1.0,0.0,24.5,0
951,2016,4,71,max_verstappen,toro_rosso,9,26.0,10.727272727272728,10.0,10.727272727272728,12.0,4.649622872744876,9.20169243528728,0.4008249919394478,1.0,0.0,24.5,0
951,2016,4,71,vettel,ferrari,7,26.0,6.285714285714286,5.0,6.159235668789809,6.476190476190476,21.12890664303871,6.678355942286808,-1.3795495353459946,1.0,0.0,24.5,0
951,2016,4,71,hulkenberg,force_india,13,26.0,11.454545454545457,15.5,11.454545454545457,11.814814814814817,6.308722375855107,11.517839683206027,-2.2057114917575564,1.0,0.0,24.5,0
951,2016,4,71,haryanto,manor,21,26.0,19.0,19.0,19.0,10.5,0.0,19.14617940199336,1.3920265780730898,1.0,0.0,24.5,0
952,2016,5,4,max_verstappen,red_bull,4,47.0,11.08695652173913,11.0,11.08695652173913,10.133333333333333,12.092509718955172,11.00101251056009,-1.5091388547551825,5.0,0.0,47.785714285714285,1
952,2016,5,4,raikkonen,ferrari,5,47.0,7.911016949152542,8.846153846153847,8.018264840182649,7.815950920245399,20.01455998066804,7.028653228723811,-1.5584057551437047,5.0,0.0,47.785714285714285,0
952,2016,5,4,vettel,ferrari,6,47.0,6.37037037037037,5.875,6.246835443037975,6.218487394957983,20.01455998066804,9.100473043689226,-3.492358710737649,5.0,0.0,47.785714285714285,0
952,2016,5,4,ricciardo,red_bull,3,47.0,11.141304347826088,8.25,11.141304347826088,11.515151515151516,12.092509718955172,7.531346460424664,-1.129167828749987,5.0,0.0,47.785714285714285,0
952,2016,5,4,bottas,williams,7,47.0,9.39344262295082,8.333333333333334,9.39344262295082,9.5,12.56125658738748,7.994213635157597,-1.6024500108381985,5.0,0.0,47.785714285714285,0
952,2016,5,4,sainz,toro_rosso,8,47.0,12.521739130434783,9.0,12.521739130434783,13.066666666666666,3.804236895882171,12.39250779327772,-1.6122894108510577,5.0,0.0,47.785714285714285,0
952,2016,5,4,perez,force_india,9,47.0,11.515151515151516,12.0,11.515151515151516,12.0,5.525318307517786,10.07669033416366,-1.1362972011385273,5.0,0.0,47.785714285714285,0
952,2016,5,4,massa,williams,18,47.0,8.63404255319149,7.923076923076923,8.641255605381167,8.696428571428571,12.56125658738748,8.160518776491692,-0.9747474323888322,5.0,0.0,47.785714285714285,0
952,2016,5,4,button,mclaren,12,47.0,9.426116838487973,9.2,9.231617647058824,9.014705882352942,2.4969922415384938,13.245099506352751,0.2758873243674678,5.0,0.0,47.785714285714285,0
952,2016,5,4,kvyat,toro_rosso,13,47.0,11.285714285714286,12.0,11.285714285714286,11.035714285714286,3.804236895882171,9.917253690656576,-0.0769744072226685,5.0,0.0,47.785714285714285,0
952,2016,5,4,gutierrez,haas,16,47.0,15.30952380952381,13.5,15.30952380952381,15.366666666666667,4.9668316831683175,16.357016162105726,-0.7244848907124074,5.0,0.0,47.785714285714285,0
952,2016,5,4,ericsson,sauber,19,47.0,15.205128205128204,17.0,15.205128205128204,15.25925925925926,0.5357573362548076,14.326198696538102,2.071893870546278,5.0,0.0,47.785714285714285,0
952,2016,5,4,jolyon_palmer,renault,17,47.0,17.0,17.0,17.0,18.33333333333333,1.7194576300993385,17.049999999999997,0.537871287128713,5.0,0.0,47.785714285714285,0
952,2016,5,4,kevin_magnussen,renault,15,47.0,10.458333333333334,12.0,10.458333333333334,11.235294117647058,1.7194576300993385,11.27366961924729,2.934397156317937,5.0,0.0,47.785714285714285,0
952,2016,5,4,nasr,sauber,20,47.0,12.826086956521738,12.0,12.826086956521738,12.933333333333334,0.5357573362548076,14.961510622864791,1.5474929573187994,5.0,0.0,47.785714285714285,0
952,2016,5,4,wehrlein,manor,21,47.0,16.25,16.25,16.25,15.666666666666666,0.0,16.536386138613864,3.031435643564357,5.0,0.0,47.785714285714285,0
952,2016,5,4,haryanto,manor,22,47.0,19.75,19.75,19.75,19.0,0.0,20.086386138613864,0.6039603960396039,5.0,0.0,47.785714285714285,0
952,2016,5,4,grosjean,haas,14,47.0,12.310344827586206,10.5,12.310344827586206,12.241935483870968,4.9668316831683175,10.53586850849825,2.6351939984624004,5.0,0.0,47.785714285714285,0
952,2016,5,4,alonso,mclaren,10,47.0,7.249027237354086,5.785714285714286,7.090909090909091,6.696132596685083,2.4969922415384938,13.537950179706174,0.60347762694075,5.0,0.0,47.785714285714285,0
952,2016,5,4,hulkenberg,force_india,11,47.0,11.55,13.2,11.55,11.319444444444445,5.525318307517786,13.241868835037,-3.259218495286761,5.0,0.0,47.785714285714285,0
952,2016,5,4,hamilton,mercedes,1,47.0,5.976608187134503,5.888888888888889,5.993975903614458,6.096,38.57091629822624,3.1469788914183408,3.052472143111942,5.0,0.0,47.785714285714285,0
952,2016,5,4,rosberg,mercedes,2,47.0,8.661375661375661,7.5,8.483516483516484,8.452554744525548,38.57091629822624,2.283140185464742,-0.7937374477258945,5.0,0.0,47.785714285714285,0
953,2016,6,6,hamilton,mercedes,3,45.0,6.063953488372093,4.444444444444445,6.083832335329341,5.652173913043479,31.558022425577192,6.392982729342283,-1.1388864283629618,3.0,0.0,31.615384615384617,1
953,2016,6,6,ricciardo,red_bull,1,45.0,11.064516129032258,10.75,11.064516129032258,10.192307692307692,16.621144315508783,6.8892834625780806,-1.1056827687928346,3.0,0.0,31.615384615384617,0
953,2016,6,6,perez,force_india,7,45.0,11.47,15.8,11.47,10.22222222222222,5.611624069787282,9.51729209051024,-0.5660613452869683,3.0,0.0,31.615384615384617,0
953,2016,6,6,vettel,ferrari,4,45.0,6.349693251533743,6.75,6.226415094339623,6.790697674418604,22.37554907509203,7.991296126654814,-2.3119298542398874,3.0,0.0,31.615384615384617,0
953,2016,6,6,alonso,mclaren,9,45.0,7.294573643410852,6.714285714285714,7.139917695473251,8.56578947368421,2.406630015804222,14.531050147032325,-1.1426092143212057,3.0,0.0,31.615384615384617,0
953,2016,6,6,hulkenberg,force_india,5,45.0,11.633663366336634,11.8,11.633663366336634,12.142857142857142,5.611624069787282,14.470619957877105,-4.302996952335209,3.0,0.0,31.615384615384617,0
953,2016,6,6,rosberg,mercedes,2,45.0,8.73157894736842,7.6,8.557377049180328,9.211538461538462,31.558022425577192,5.868023788107519,-4.285785184503007,3.0,0.0,31.615384615384617,0
953,2016,6,6,sainz,toro_rosso,6,45.0,12.25,10.0,12.25,11.5,4.748921096630868,11.220744314880152,-0.9501472685311628,3.0,0.0,31.615384615384617,0
953,2016,6,6,button,mclaren,13,45.0,9.424657534246576,10.8,9.23076923076923,10.39080459770115,2.406630015804222,12.473263232470435,0.7711805381188376,3.0,0.0,31.615384615384617,0
953,2016,6,6,massa,williams,14,45.0,8.63135593220339,9.307692307692308,8.638392857142858,8.477611940298507,12.822846298771577,8.131333544402294,1.020661191681866,3.0,0.0,31.615384615384617,0
953,2016,6,6,gutierrez,haas,12,45.0,15.209302325581396,14.0,15.209302325581396,15.166666666666666,3.540989392364856,15.38283897048587,0.3165167500428529,3.0,0.0,31.615384615384617,0
953,2016,6,6,bottas,williams,10,45.0,9.32258064516129,14.0,9.32258064516129,9.157894736842104,12.822846298771577,7.449809005184113,-0.9474565120041986,3.0,0.0,31.615384615384617,0
953,2016,6,6,grosjean,haas,15,45.0,12.375,15.25,12.375,12.48,3.540989392364856,11.892983354201997,1.4287950638120677,3.0,0.0,31.615384615384617,0
953,2016,6,6,wehrlein,manor,20,45.0,16.2,16.2,16.2,18.0,0.0,16.38240426658301,3.596556930256269,3.0,0.0,31.615384615384617,0
953,2016,6,6,haryanto,manor,19,45.0,19.2,19.2,19.2,22.0,0.0,19.200368620223134,1.865943805023431,3.0,0.0,31.615384615384617,0
953,2016,6,6,ericsson,sauber,17,45.0,15.125,12.0,15.125,15.083333333333334,0.4383469114812061,13.90311530733504,2.968205886671381,3.0,0.0,31.615384615384617,0
953,2016,6,6,nasr,sauber,22,45.0,12.916666666666666,9.0,12.916666666666666,12.625,0.4383469114812061,14.968565826846044,2.180346571635616,3.0,0.0,31.615384615384617,0
953,2016,6,6,max_verstappen,red_bull,22,45.0,10.666666666666666,18.0,10.666666666666666,12.875,16.621144315508783,9.167800634120168,-0.682601852394111,3.0,0.0,31.615384615384617,0
953,2016,6,6,kevin_magnussen,renault,16,45.0,10.6,10.0,10.6,8.571428571428571,1.4068289700812766,11.77267240019476,2.580342648737301,3.0,0.0,31.615384615384617,0
953,2016,6,6,kvyat,toro_rosso,8,45.0,11.255813953488373,11.5,11.255813953488373,11.785714285714286,4.748921096630868,9.93230116574603,0.48257557284237,3.0,0.0,31.615384615384617,0
953,2016,6,6,raikkonen,ferrari,11,45.0,7.886075949367089,9.384615384615383,7.990909090909091,8.123287671232877,22.37554907509203,6.1143526416831175,-0.7296047087539397,3.0,0.0,31.615384615384617,0
953,2016,6,6,jolyon_palmer,renault,18,45.0,16.2,16.2,16.2,13.0,1.4068289700812766,15.88735514989902,1.5317542793278565,3.0,0.0,31.615384615384617,0
954,2016,7,7,hamilton,mercedes,1,36.0,6.034682080924855,8.375,6.053571428571429,5.553191489361702,31.456563802742085,5.4124404149164125,-0.5681798050242409,3.0,0.0,34.833333333333336,1
954,2016,7,7,vettel,ferrari,3,36.0,6.335365853658536,3.857142857142857,6.2125,6.727272727272728,20.48908560689348,7.26560592180848,-1.8915789716508145,3.0,0.0,34.833333333333336,0
954,2016,7,7,bottas,williams,7,36.0,9.365079365079366,8.0,9.365079365079366,9.3,10.673237880813106,8.27711913306943,-1.13882867388724,3.0,0.0,34.833333333333336,0
954,2016,7,7,max_verstappen,red_bull,5,36.0,10.96,15.0,10.96,13.444444444444445,16.87184534905264,10.78436628462644,-3.8522213143039696,3.0,0.0,34.833333333333336,0
954,2016,7,7,rosberg,mercedes,2,36.0,8.722513089005236,8.11111111111111,8.548913043478262,9.169811320754716,31.456563802742085,6.073837644815242,-4.415642423684279,3.0,0.0,34.833333333333336,0
954,2016,7,7,raikkonen,ferrari,6,36.0,7.9411764705882355,6.416666666666667,8.049773755656108,8.297297297297296,20.48908560689348,8.820833979558916,-2.415131125344134,3.0,0.0,34.833333333333336,0
954,2016,7,7,ricciardo,red_bull,4,36.0,10.96808510638298,10.75,10.96808510638298,9.88888888888889,16.87184534905264,6.000322827306721,-1.0864677197979504,3.0,0.0,34.833333333333336,0
954,2016,7,7,hulkenberg,force_india,9,36.0,11.57843137254902,11.8,11.57843137254902,11.93103448275862,8.773146966189675,12.930507236275918,-3.702452051135758,3.0,0.0,34.833333333333336,0
954,2016,7,7,sainz,toro_rosso,20,36.0,12.08,12.0,12.08,11.11111111111111,4.612753624516165,10.631248492513157,-1.142302788744971,3.0,0.0,34.833333333333336,0
954,2016,7,7,perez,force_india,11,36.0,11.386138613861386,9.0,11.386138613861386,9.964285714285714,8.773146966189675,8.332329890366962,0.2641316278926059,3.0,0.0,34.833333333333336,0
954,2016,7,7,alonso,mclaren,10,36.0,7.285714285714286,10.384615384615383,7.131147540983607,8.519480519480519,4.150879103839819,12.798131938480992,-0.2075893571718949,3.0,0.0,34.833333333333336,0
954,2016,7,7,kvyat,toro_rosso,15,36.0,11.454545454545457,12.5,11.454545454545457,12.333333333333334,4.612753624516165,11.763059794125576,-1.7873158204746538,3.0,0.0,34.833333333333336,0
954,2016,7,7,gutierrez,haas,13,36.0,15.113636363636363,17.0,15.113636363636363,14.846153846153848,2.621272134954682,14.585842517362456,0.440804621364012,3.0,0.0,34.833333333333336,0
954,2016,7,7,grosjean,haas,14,36.0,12.382022471910112,10.0,12.382022471910112,12.5,2.621272134954682,12.094259111510617,1.5326505085752955,3.0,0.0,34.833333333333336,0
954,2016,7,7,ericsson,sauber,21,36.0,15.146341463414634,17.0,15.146341463414634,15.153846153846152,0.3586474730300777,14.284468968824068,2.610254624939167,3.0,0.0,34.833333333333336,0
954,2016,7,7,kevin_magnussen,renault,22,36.0,10.923076923076923,9.0,10.923076923076923,9.875,1.1510418846119534,13.093894573468727,1.5602045215854607,3.0,0.0,34.833333333333336,0
954,2016,7,7,wehrlein,manor,17,36.0,15.833333333333334,15.833333333333334,15.833333333333334,16.0,0.0,15.763611585975552,4.220814114763088,3.0,0.0,34.833333333333336,0
954,2016,7,7,nasr,sauber,18,36.0,13.08,16.0,13.08,13.11111111111111,0.3586474730300777,15.340381109715644,-1.330250070045054,3.0,0.0,34.833333333333336,0
954,2016,7,7,haryanto,manor,19,36.0,18.5,18.5,18.5,18.5,0.0,18.10938780118053,2.420231913040673,3.0,0.0,34.833333333333336,0
954,2016,7,7,massa,williams,8,36.0,8.637130801687764,9.333333333333334,8.644444444444444,8.5,10.673237880813106,8.471091081783696,1.562359156830618,3.0,0.0,34.833333333333336,0
954,2016,7,7,jolyon_palmer,renault,16,36.0,17.166666666666668,17.166666666666668,17.166666666666668,17.5,1.1510418846119534,17.475020159339415,0.0949666161339223,3.0,0.0,34.833333333333336,0
954,2016,7,7,button,mclaren,12,36.0,9.42320819112628,11.133333333333333,9.22992700729927,10.375,4.150879103839819,11.84176082656672,1.3582386220972311,3.0,0.0,34.833333333333336,0
955,2016,8,73,rosberg,mercedes,1,33.0,8.703125,8.52972972972973,8.52972972972973,8.55072463768116,32.10082492953127,5.878594436667016,-4.158252892105319,4.0,0.0,36.125,1
955,2016,8,73,vettel,ferrari,3,33.0,6.3090909090909095,6.186335403726708,6.186335403726708,6.191666666666666,21.49107004200376,6.308223026934208,-1.3658373404415731,4.0,0.0,36.125,0
955,2016,8,73,perez,force_india,7,33.0,11.372549019607844,11.372549019607844,11.372549019607844,11.931506849315069,8.087120245064265,8.635542637964196,0.3979258775393089,4.0,0.0,36.125,0
955,2016,8,73,raikkonen,ferrari,4,33.0,7.933054393305439,8.04054054054054,8.04054054054054,7.780487804878049,21.49107004200376,8.307955074184568,-1.976016375281564,4.0,0.0,36.125,0
955,2016,8,73,hamilton,mercedes,10,33.0,6.005747126436781,6.023668639053255,6.023668639053255,6.214285714285714,32.10082492953127,4.6101785212952455,-0.4648743859289242,4.0,0.0,36.125,0
955,2016,8,73,bottas,williams,8,33.0,9.265625,9.265625,9.265625,9.395348837209305,11.459921902483453,7.317640389451278,-0.2044937166200561,4.0,0.0,36.125,0
955,2016,8,73,ricciardo,red_bull,2,33.0,10.926315789473684,10.926315789473684,10.926315789473684,11.402985074626866,17.076964376497617,6.182082314206453,-1.4343826816636562,4.0,0.0,36.125,0
955,2016,8,73,max_verstappen,red_bull,9,33.0,10.692307692307692,10.692307692307692,10.692307692307692,9.5625,17.076964376497617,9.544121527061783,-2.965190485610978,4.0,0.0,36.125,0
955,2016,8,73,hulkenberg,force_india,12,33.0,11.54368932038835,11.54368932038835,11.54368932038835,11.438356164383562,8.087120245064265,12.03405137418847,-2.847460768208478,4.0,0.0,36.125,0
955,2016,8,73,massa,williams,5,33.0,8.684873949579831,8.694690265486726,8.694690265486726,8.692307692307692,11.459921902483453,10.567256339641208,-0.903524326229496,4.0,0.0,36.125,0
955,2016,8,73,button,mclaren,19,33.0,9.465986394557824,9.276363636363635,9.276363636363635,9.014634146341464,3.396173812232579,13.688713403554592,-0.7068956728295395,4.0,0.0,36.125,0
955,2016,8,73,nasr,sauber,15,33.0,13.26923076923077,13.26923076923077,13.26923076923077,13.0625,0.2934388415700635,15.82658398370695,-1.0870680827514183,4.0,0.0,36.125,0
955,2016,8,73,grosjean,haas,11,33.0,12.4,12.4,12.4,12.333333333333334,1.989650849464664,12.440757459840365,1.2539867757479837,4.0,0.0,36.125,0
955,2016,8,73,kevin_magnussen,renault,22,33.0,11.11111111111111,11.11111111111111,11.11111111111111,11.38888888888889,0.9417615419552344,13.624631476308748,2.371036530618735,4.0,0.0,36.125,0
955,2016,8,73,jolyon_palmer,renault,21,33.0,17.714285714285715,17.714285714285715,17.714285714285715,17.0,0.9417615419552344,18.324398699092956,-1.13271566862316,4.0,0.0,36.125,0
955,2016,8,73,gutierrez,haas,14,33.0,15.066666666666666,15.066666666666666,15.066666666666666,15.225806451612904,1.989650849464664,14.297472984612083,0.3606487286412223,4.0,0.0,36.125,0
955,2016,8,73,ericsson,sauber,20,33.0,15.142857142857142,15.142857142857142,15.142857142857142,15.142857142857142,0.2934388415700635,14.414593968053111,3.2267067354668395,4.0,0.0,36.125,0
955,2016,8,73,haryanto,manor,16,33.0,18.571428571428573,18.571428571428573,18.571428571428573,18.5,0.0,18.32398956434358,1.8370532450519923,4.0,0.0,36.125,0
955,2016,8,73,alonso,mclaren,13,33.0,7.3,7.146938775510204,7.146938775510204,6.763736263736264,3.396173812232579,12.471198858757177,-0.3516640195042777,4.0,0.0,36.125,0
955,2016,8,73,wehrlein,manor,17,33.0,16.0,16.0,16.0,15.75,0.0,16.061531526838387,3.2037674672858825,4.0,0.0,36.125,0
955,2016,8,73,sainz,toro_rosso,18,33.0,11.961538461538462,11.961538461538462,11.961538461538462,12.625,4.137707510967771,10.33304121621836,1.0774222005482412,4.0,0.0,36.125,0
955,2016,8,73,kvyat,toro_rosso,6,33.0,11.466666666666669,11.466666666666669,11.466666666666669,11.0,4.137707510967771,11.80614499061244,-0.9167905248262704,4.0,0.0,36.125,0
956,2016,9,70,hamilton,mercedes,1,76.0,6.0,2.0,6.017647058823529,6.2047244094488185,32.62794766962655,4.681055153787019,0.5287391387854264,4.0,0.0,35.69230769230769,1
956,2016,9,70,max_verstappen,red_bull,8,76.0,10.592592592592592,8.0,10.592592592592592,9.470588235294118,15.790243580770776,9.262121338975165,-2.2410347484201982,4.0,0.0,35.69230769230769,0
956,2016,9,70,raikkonen,ferrari,4,76.0,7.916666666666667,11.0,8.022421524663677,7.757575757575758,23.03814821618489,7.524690515241918,-1.6167406706849157,4.0,0.0,35.69230769230769,0
956,2016,9,70,rosberg,mercedes,6,76.0,8.663212435233161,1.0,8.489247311827956,8.496402877697841,32.62794766962655,4.9915772663639215,-3.4022069117225326,4.0,0.0,35.69230769230769,0
956,2016,9,70,ricciardo,red_bull,5,76.0,10.885416666666666,9.0,10.885416666666666,11.338235294117649,15.790243580770776,6.330794621354002,-2.082676742331392,4.0,0.0,35.69230769230769,0
956,2016,9,70,button,mclaren,3,76.0,9.471186440677966,9.333333333333334,9.282608695652174,9.024271844660197,2.778687664553928,13.19985642109012,0.8761762676849232,4.0,0.0,35.69230769230769,0
956,2016,9,70,grosjean,haas,13,76.0,12.406593406593409,14.5,12.406593406593409,12.34375,1.5369956925416155,12.542437922880382,0.6623528095806356,4.0,0.0,35.69230769230769,0
956,2016,9,70,sainz,toro_rosso,15,76.0,12.296296296296296,16.0,12.296296296296296,13.117647058823527,3.385397054428176,12.281129064629209,0.3327697834220316,4.0,0.0,35.69230769230769,0
956,2016,9,70,bottas,williams,7,76.0,9.215384615384616,4.0,9.215384615384616,9.318181818181818,11.012663374759189,7.07806889114062,0.1963241900980558,4.0,0.0,35.69230769230769,0
956,2016,9,70,wehrlein,manor,12,76.0,16.5,16.5,16.5,16.6,0.0,16.957552085035882,1.7923804708317264,4.0,0.0,35.69230769230769,0
956,2016,9,70,gutierrez,haas,11,76.0,15.08695652173913,19.0,15.08695652173913,15.25,1.5369956925416155,14.607053680583851,-0.0686021847083696,4.0,0.0,35.69230769230769,0
956,2016,9,70,jolyon_palmer,renault,19,76.0,17.375,17.375,17.375,16.6,0.7705321706906463,17.56808197386572,0.4900115204898472,4.0,0.0,35.69230769230769,0
956,2016,9,70,nasr,sauber,21,76.0,13.22222222222222,11.0,13.22222222222222,13.0,0.240086324920961,15.127741707226312,-0.3406540551898351,4.0,0.0,35.69230769230769,0
956,2016,9,70,kevin_magnussen,renault,17,76.0,11.214285714285714,7.0,11.214285714285714,11.526315789473683,0.7705321706906463,13.693128880520872,3.398212123995402,4.0,0.0,35.69230769230769,0
956,2016,9,70,ericsson,sauber,18,76.0,15.186046511627907,15.5,15.186046511627907,15.20689655172414,0.240086324920961,14.884751890147008,3.185479954700216,4.0,0.0,35.69230769230769,0
956,2016,9,70,haryanto,manor,20,76.0,18.5,18.5,18.5,18.4,0.0,18.250280377061383,0.9641051399970672,4.0,0.0,35.69230769230769,0
956,2016,9,70,perez,force_india,16,76.0,11.29126213592233,7.5,11.29126213592233,11.81081081081081,9.707643836870789,7.61089852088901,1.0528484459508227,4.0,0.0,35.69230769230769,0
956,2016,9,70,alonso,mclaren,14,76.0,7.344827586206897,14.0,7.195121951219512,6.830601092896175,2.778687664553928,13.658253611710418,-1.378634197776228,4.0,0.0,35.69230769230769,0
956,2016,9,70,hulkenberg,force_india,2,76.0,11.51923076923077,7.5,11.51923076923077,11.405405405405403,9.707643836870789,11.482405669314089,-1.78428608216136,4.0,0.0,35.69230769230769,0
956,2016,9,70,massa,williams,22,76.0,8.690376569037657,8.666666666666666,8.700440528634362,8.7,11.012663374759189,10.464118823342806,-1.6483380850968612,4.0,0.0,35.69230769230769,0
956,2016,9,70,vettel,ferrari,9,76.0,6.283132530120482,12.5,6.160493827160494,6.1570247933884295,23.03814821618489,5.524909749309804,-0.935685096724922,4.0,0.0,35.69230769230769,0
956,2016,9,70,kvyat,toro_rosso,22,76.0,11.695652173913045,17.0,11.695652173913045,11.366666666666667,3.385397054428176,13.659754771789652,-3.659460946269373,4.0,0.0,35.69230769230769,0
957,2016,10,9,hamilton,mercedes,1,47.0,5.971590909090909,4.444444444444445,5.988304093567251,6.1640625,33.422866275161404,4.011772398553015,0.4326047499153488,4.0,0.0,37.266666666666666,1
957,2016,10,9,max_verstappen,red_bull,3,47.0,10.285714285714286,16.0,10.285714285714286,9.055555555555555,18.01019929335791,7.93692641878942,-0.7372073024274249,4.0,0.0,37.266666666666666,0
957,2016,10,9,rosberg,mercedes,2,47.0,8.639175257731958,8.0,8.46524064171123,8.464285714285714,33.422866275161404,4.81129049066139,-2.419987473227526,4.0,0.0,37.266666666666666,0
957,2016,10,9,ricciardo,red_bull,4,47.0,10.824742268041238,11.6,10.824742268041238,11.246376811594205,18.01019929335791,6.088831962074507,-1.7040082423931078,4.0,0.0,37.266666666666666,0
957,2016,10,9,raikkonen,ferrari,5,47.0,7.896265560165975,6.384615384615385,8.0,7.728915662650603,21.57666672233309,6.702019512470659,-1.1409696396512945,4.0,0.0,37.266666666666666,0
957,2016,10,9,perez,force_india,10,47.0,11.346153846153848,13.8,11.346153846153848,11.88,7.942617684712438,9.318007882201869,0.679603273637378,4.0,0.0,37.266666666666666,0
957,2016,10,9,hulkenberg,force_india,8,47.0,11.59047619047619,9.4,11.59047619047619,11.506666666666666,7.942617684712438,12.849241003132006,-4.550779523723451,4.0,0.0,37.266666666666666,0
957,2016,10,9,sainz,toro_rosso,7,47.0,12.142857142857142,14.0,12.142857142857142,12.833333333333334,3.497143044532144,11.49990685361245,1.549408724346815,4.0,0.0,37.266666666666666,0
957,2016,10,9,vettel,ferrari,11,47.0,6.37125748502994,7.625,6.251533742331288,6.278688524590164,21.57666672233309,8.338562522162576,-2.947378715502215,4.0,0.0,37.266666666666666,0
957,2016,10,9,kvyat,toro_rosso,15,47.0,11.914893617021276,7.5,11.914893617021276,11.709677419354838,3.497143044532144,15.176284555658713,-6.994371727203865,4.0,0.0,37.266666666666666,0
957,2016,10,9,massa,williams,12,47.0,8.7375,8.461538461538462,8.75,8.76608187134503,9.373997306621153,12.197915400916845,-4.985003887806525,4.0,0.0,37.266666666666666,0
957,2016,10,9,button,mclaren,17,47.0,9.45945945945946,10.5625,9.270758122743684,9.009661835748792,3.728017180089578,11.890791617255552,0.1714169462876639,4.0,0.0,37.266666666666666,0
957,2016,10,9,alonso,mclaren,9,47.0,7.385496183206107,7.5,7.238866396761134,6.891304347826087,3.728017180089578,14.447662045944886,-1.855246161816914,4.0,0.0,37.266666666666666,0
957,2016,10,9,bottas,williams,6,47.0,9.212121212121213,6.333333333333333,9.212121212121213,9.311111111111112,9.373997306621153,7.4275115296107,-0.2030081878345825,4.0,0.0,37.266666666666666,0
957,2016,10,9,nasr,sauber,21,47.0,13.214285714285714,20.0,13.214285714285714,13.0,0.1964342658444226,14.73947051616941,1.181351963305581,4.0,0.0,37.266666666666666,0
957,2016,10,9,gutierrez,haas,14,47.0,15.0,17.0,15.0,15.12121212121212,2.507989250279835,13.95117316521036,-0.0561280603268911,4.0,0.0,37.266666666666666,0
957,2016,10,9,kevin_magnussen,renault,16,47.0,11.310344827586206,7.0,11.310344827586206,11.65,0.630435412383256,13.74908979073772,3.325594300082901,4.0,0.0,37.266666666666666,0
957,2016,10,9,jolyon_palmer,renault,18,47.0,16.77777777777778,16.77777777777778,16.77777777777778,15.833333333333334,0.630435412383256,16.35666218730027,1.9063572013557013,4.0,0.0,37.266666666666666,0
957,2016,10,9,haryanto,manor,19,47.0,18.22222222222222,18.22222222222222,18.22222222222222,18.0,0.1826282343354301,17.76069811392535,1.6246096226181403,4.0,0.0,37.266666666666666,0
957,2016,10,9,grosjean,haas,13,47.0,12.347826086956522,13.5,12.347826086956522,12.261538461538462,2.507989250279835,11.534721927230004,1.632834126244357,4.0,0.0,37.266666666666666,0
957,2016,10,9,ericsson,sauber,22,47.0,15.181818181818182,15.0,15.181818181818182,15.2,0.1964342658444226,14.905709159031526,3.151751390402729,4.0,0.0,37.266666666666666,0
957,2016,10,9,wehrlein,manor,20,47.0,15.77777777777778,15.77777777777778,15.77777777777778,15.5,0.1826282343354301,15.443832225767975,1.8375512148854876,4.0,0.0,37.266666666666666,0
958,2016,11,11,hamilton,mercedes,2,45.0,5.943502824858757,4.666666666666667,5.959302325581396,6.124031007751938,34.61870877060188,3.464177416997921,0.3539493408398308,5.0,0.0,47.642857142857146,1
958,2016,11,11,rosberg,mercedes,1,45.0,8.61025641025641,11.4,8.436170212765957,8.425531914893616,34.61870877060188,4.481964946904774,-2.161807932640703,5.0,0.0,47.642857142857146,0
958,2016,11,11,ricciardo,red_bull,3,45.0,10.755102040816327,10.0,10.755102040816327,11.142857142857142,20.19016305820193,5.709044331512903,-1.3941885610659417,5.0,0.0,47.642857142857146,0
958,2016,11,11,vettel,ferrari,5,45.0,6.386904761904762,8.11111111111111,6.2682926829268295,6.300813008130081,19.8354545909998,8.45882388176938,-2.047855312683628,5.0,0.0,47.642857142857146,0
958,2016,11,11,max_verstappen,red_bull,4,45.0,10.0,4.0,10.0,8.68421052631579,20.19016305820193,6.854270589691402,-0.4204107852308715,5.0,0.0,47.642857142857146,0
958,2016,11,11,raikkonen,ferrari,14,45.0,7.884297520661157,6.461538461538462,7.986666666666666,7.712574850299402,19.8354545909998,6.392561419294175,-0.93352061426015,5.0,0.0,47.642857142857146,0
958,2016,11,11,alonso,mclaren,7,45.0,7.406844106463878,6.785714285714286,7.262096774193548,6.924324324324324,3.050195874618745,14.184450764864,-2.24520140512293,5.0,0.0,47.642857142857146,0
958,2016,11,11,sainz,toro_rosso,6,45.0,12.0,17.0,12.0,12.578947368421051,3.770389763708117,10.861665061635472,1.0844994393955911,5.0,0.0,47.642857142857146,0
958,2016,11,11,bottas,williams,10,45.0,9.28358208955224,13.666666666666666,9.28358208955224,9.41304347826087,7.669634159962761,8.622511164353446,-1.6206451163141182,5.0,0.0,47.642857142857146,0
958,2016,11,11,hulkenberg,force_india,9,45.0,11.547169811320757,13.6,11.547169811320757,11.447368421052632,9.043959923855644,11.78574263831127,-3.5415468824629164,5.0,0.0,47.642857142857146,0
958,2016,11,11,perez,force_india,13,45.0,11.295238095238096,15.2,11.295238095238096,11.802631578947368,9.043959923855644,8.714733721375197,1.2833117697663103,5.0,0.0,47.642857142857146,0
958,2016,11,11,jolyon_palmer,renault,17,45.0,16.9,16.9,16.9,16.142857142857142,0.5158107919499366,16.701855426020323,1.5059151185363526,5.0,0.0,47.642857142857146,0
958,2016,11,11,gutierrez,haas,15,45.0,15.020833333333334,19.0,15.020833333333334,15.147058823529411,1.981170646527933,14.32371156737426,-0.4095825027036263,5.0,0.0,47.642857142857146,0
958,2016,11,11,grosjean,haas,11,45.0,12.43010752688172,9.25,12.43010752688172,12.37878787878788,1.981170646527933,13.073863407093192,0.0632279091465929,5.0,0.0,47.642857142857146,0
958,2016,11,11,kevin_magnussen,renault,19,45.0,11.5,12.0,11.5,11.904761904761903,0.5158107919499366,14.341603813559114,2.537207320789177,5.0,0.0,47.642857142857146,0
958,2016,11,11,kvyat,toro_rosso,12,45.0,11.875,8.0,11.875,11.65625,3.770389763708117,14.235080182128156,-4.813433835168112,5.0,0.0,47.642857142857146,0
958,2016,11,11,nasr,sauber,16,45.0,13.275862068965518,11.0,13.275862068965518,13.105263157894736,0.1607189447818003,14.78698058188766,2.0600789370454207,5.0,0.0,47.642857142857146,0
958,2016,11,11,massa,williams,18,45.0,8.746887966804978,10.846153846153848,8.759825327510917,8.779069767441861,7.669634159962761,11.980112600750145,-3.8968213627507926,5.0,0.0,47.642857142857146,0
958,2016,11,11,wehrlein,manor,20,45.0,16.4,16.4,16.4,16.428571428571427,0.1493021582307919,16.82099568545934,1.0314499237309054,5.0,0.0,47.642857142857146,0
958,2016,11,11,ericsson,sauber,22,45.0,15.311111111111112,16.0,15.311111111111112,15.387096774193548,0.1607189447818003,16.013894734215764,2.760477013374803,5.0,0.0,47.642857142857146,0
958,2016,11,11,haryanto,manor,21,45.0,18.3,18.3,18.3,18.142857142857142,0.1493021582307919,18.02102111538004,1.2833503556838437,5.0,0.0,47.642857142857146,0
958,2016,11,11,button,mclaren,8,45.0,9.468013468013469,9.25,9.280575539568344,9.024038461538462,3.050195874618745,11.910647686845454,1.0493411378717257,5.0,0.0,47.642857142857146,0
959,2016,12,10,hamilton,mercedes,2,60.0,5.915730337078652,8.0,5.930635838150289,6.084615384615384,36.14257990323564,3.0161451593619346,0.4714130970507707,5.0,0.0,58.6,1
959,2016,12,10,ricciardo,red_bull,3,60.0,10.676767676767676,9.5,10.676767676767676,11.028169014084508,21.06467886580158,5.216490815532033,-1.140699731184064,5.0,0.0,58.6,0
959,2016,12,10,max_verstappen,red_bull,4,60.0,9.833333333333334,9.833333333333334,9.833333333333334,8.5,21.06467886580158,6.516309447803458,-0.5260472732053209,5.0,0.0,58.6,0
959,2016,12,10,rosberg,mercedes,1,60.0,8.576530612244898,9.8,8.402116402116402,8.380281690140846,36.14257990323564,4.030698592922087,-1.9505701267060296,5.0,0.0,58.6,0
959,2016,12,10,vettel,ferrari,6,60.0,6.372781065088757,5.0,6.254545454545455,6.282258064516129,19.865371938090743,7.648128630538583,-1.4936998012866036,5.0,0.0,58.6,0
959,2016,12,10,raikkonen,ferrari,5,60.0,7.876543209876543,12.22222222222222,7.977876106194691,7.702380952380952,19.865371938090743,6.321186615786144,0.6907558610598784,5.0,0.0,58.6,0
959,2016,12,10,hulkenberg,force_india,8,60.0,11.532710280373832,9.666666666666666,11.532710280373832,11.428571428571429,7.581421755881877,11.461062158464712,-3.0794474490692325,5.0,0.0,58.6,0
959,2016,12,10,button,mclaren,12,60.0,9.51006711409396,6.818181818181818,9.32616487455197,9.086124401913876,3.5865238974153373,13.74507538014628,-1.6869027053776808,5.0,0.0,58.6,0
959,2016,12,10,bottas,williams,7,60.0,9.279411764705882,2.0,9.279411764705882,9.404255319148936,6.638791585424076,8.6911455794522,-1.14416362135399,5.0,0.0,58.6,0
959,2016,12,10,perez,force_india,9,60.0,11.29245283018868,8.0,11.29245283018868,11.792207792207792,7.581421755881877,9.130236681365409,1.4136187207932345,5.0,0.0,58.6,0
959,2016,12,10,gutierrez,haas,11,60.0,14.979591836734691,14.0,14.979591836734691,15.085714285714284,1.5764422519223062,14.083023821914084,0.0285469164012017,5.0,0.0,58.6,0
959,2016,12,10,alonso,mclaren,13,60.0,7.40530303030303,4.555555555555555,7.261044176706827,6.924731182795699,3.5865238974153373,12.87818698943418,-1.8369829678278515,5.0,0.0,58.6,0
959,2016,12,10,grosjean,haas,20,60.0,12.4468085106383,19.5,12.4468085106383,12.402985074626866,1.5764422519223062,13.242251879612716,-0.4937226233676438,5.0,0.0,58.6,0
959,2016,12,10,sainz,toro_rosso,15,60.0,11.866666666666667,11.866666666666667,11.866666666666667,12.35,3.812137079397551,10.34009523395886,0.5223156036133801,5.0,0.0,58.6,0
959,2016,12,10,kvyat,toro_rosso,18,60.0,11.959183673469388,20.0,11.959183673469388,11.787878787878787,3.812137079397551,14.555991914224135,-4.665528837815859,5.0,0.0,58.6,0
959,2016,12,10,kevin_magnussen,renault,16,60.0,11.612903225806452,9.0,11.612903225806452,12.045454545454543,0.4220270115954027,14.461550625922449,2.803699324590468,5.0,0.0,58.6,0
959,2016,12,10,wehrlein,manor,17,60.0,16.636363636363637,16.636363636363637,16.636363636363637,16.75,0.1220754687785009,17.266139025134972,1.025025097497796,5.0,0.0,58.6,0
959,2016,12,10,ericsson,sauber,22,60.0,15.41304347826087,18.0,15.41304347826087,15.53125,0.1314973184578366,16.738712156344626,2.62219491802875,5.0,0.0,58.6,0
959,2016,12,10,jolyon_palmer,renault,14,60.0,16.454545454545453,16.454545454545453,16.454545454545453,15.625,0.4220270115954027,15.74132514480705,2.2197129769737005,5.0,0.0,58.6,0
959,2016,12,10,haryanto,manor,19,60.0,18.545454545454547,18.545454545454547,18.545454545454547,18.5,0.1220754687785009,18.629589258487396,1.0211779223890325,5.0,0.0,58.6,0
959,2016,12,10,nasr,sauber,21,60.0,13.4,13.4,13.4,13.3,0.1314973184578366,15.190327630437844,1.5023460055193756,5.0,0.0,58.6,0
959,2016,12,10,massa,williams,10,60.0,8.785123966942148,8.625,8.8,8.832369942196532,6.638791585424076,13.074637582431937,-3.188308387705194,5.0,0.0,58.6,0
960,2016,13,13,rosberg,mercedes,1,51.0,8.553299492385786,6.333333333333333,8.378947368421052,8.34965034965035,36.29847446628504,4.025117030572616,-2.1413755582140244,4.0,0.0,38.07692307692308,1
960,2016,13,13,ricciardo,red_bull,5,51.0,10.59,11.8,10.59,10.90277777777778,23.234737253837658,4.631674302489915,-0.7514815974913093,4.0,0.0,38.07692307692308,0
960,2016,13,13,hamilton,mercedes,21,51.0,5.888268156424581,10.555555555555555,5.902298850574713,6.0458015267175576,36.29847446628504,2.6495733122052187,0.5675198066779034,4.0,0.0,38.07692307692308,0
960,2016,13,13,hulkenberg,force_india,7,51.0,11.49074074074074,12.2,11.49074074074074,11.371794871794872,7.475708709357899,10.649959947520816,-2.3377297307695537,4.0,0.0,38.07692307692308,0
960,2016,13,13,perez,force_india,6,51.0,11.280373831775702,13.0,11.280373831775702,11.76923076923077,7.475708709357899,9.288375466646508,0.9747789531686778,4.0,0.0,38.07692307692308,0
960,2016,13,13,vettel,ferrari,4,51.0,6.364705882352941,7.222222222222222,6.246987951807229,6.272,19.52621340389243,7.1666506977133855,-1.0402998374163113,4.0,0.0,38.07692307692308,0
960,2016,13,13,alonso,mclaren,22,51.0,7.422641509433962,10.916666666666666,7.28,6.951871657754011,3.661701370612549,12.718516627718872,-1.321167882768242,4.0,0.0,38.07692307692308,0
960,2016,13,13,bottas,williams,8,51.0,9.27536231884058,9.0,9.27536231884058,9.395833333333334,5.795374933528789,8.747300983096665,-1.2997703865453116,4.0,0.0,38.07692307692308,0
960,2016,13,13,raikkonen,ferrari,3,51.0,7.868852459016393,8.363636363636363,7.969162995594714,7.6923076923076925,19.52621340389243,6.262789049279572,0.3833457045035366,4.0,0.0,38.07692307692308,0
960,2016,13,13,massa,williams,10,51.0,8.839506172839506,6.818181818181818,8.857142857142858,8.908045977011493,5.795374933528789,14.697430749262494,-4.79043413539516,4.0,0.0,38.07692307692308,0
960,2016,13,13,max_verstappen,red_bull,2,51.0,9.612903225806452,8.0,9.612903225806452,8.238095238095237,23.234737253837658,5.875707150534579,-0.2480315287244388,4.0,0.0,38.07692307692308,0
960,2016,13,13,gutierrez,haas,18,51.0,14.9,14.5,14.9,14.97222222222222,1.2614719751977377,13.52244942538287,0.0233563400843131,4.0,0.0,38.07692307692308,0
960,2016,13,13,grosjean,haas,11,51.0,12.452631578947368,14.6,12.452631578947368,12.411764705882351,1.2614719751977377,13.198206083087948,0.8687724062253966,4.0,0.0,38.07692307692308,0
960,2016,13,13,kvyat,toro_rosso,19,51.0,12.02,6.5,12.02,11.882352941176473,3.119021246779813,14.636724201457731,-3.271735130544595,4.0,0.0,38.07692307692308,0
960,2016,13,13,jolyon_palmer,renault,13,51.0,16.666666666666668,16.666666666666668,16.666666666666668,16.0,0.3452948276689658,16.392402416837758,0.7772275377154794,4.0,0.0,38.07692307692308,0
960,2016,13,13,ocon,manor,17,51.0,10.5,10.5,10.5,10.5,0.0998258763758331,10.5,0.0,4.0,0.0,38.07692307692308,0
960,2016,13,13,nasr,sauber,16,51.0,13.64516129032258,11.0,13.64516129032258,13.666666666666666,0.1075887151018663,16.24873546443718,1.2286481650094554,4.0,0.0,38.07692307692308,0
960,2016,13,13,kevin_magnussen,renault,12,51.0,11.75,12.0,11.75,12.217391304347826,0.3452948276689658,14.741724333843782,2.2931054442178698,4.0,0.0,38.07692307692308,0
960,2016,13,13,ericsson,sauber,20,51.0,15.46808510638298,13.5,15.46808510638298,15.606060606060606,0.1075887151018663,16.96805560232215,2.8727250146868206,4.0,0.0,38.07692307692308,0
960,2016,13,13,sainz,toro_rosso,14,51.0,11.935483870967742,17.0,11.935483870967742,12.428571428571429,3.119021246779813,11.00685776885915,0.6093402885101886,4.0,0.0,38.07692307692308,0
960,2016,13,13,button,mclaren,9,51.0,9.505016722408026,11.285714285714286,9.321428571428571,9.08095238095238,3.661701370612549,12.700516220119685,-0.6529203953090109,4.0,0.0,38.07692307692308,0
960,2016,13,13,wehrlein,manor,15,51.0,16.666666666666668,16.666666666666668,16.666666666666668,16.77777777777778,0.0998258763758331,17.212964935001477,0.8202269590218549,4.0,0.0,38.07692307692308,0
961,2016,14,14,rosberg,mercedes,2,39.0,8.515151515151516,11.8,8.340314136125654,9.092592592592592,36.97147910878337,3.475095752286686,-1.752034547629656,2.0,0.0,27.714285714285715,1
961,2016,14,14,hamilton,mercedes,1,39.0,5.872222222222222,6.666666666666667,5.885714285714286,5.458333333333333,36.97147910878337,2.7132872554406333,3.737061660009196,2.0,0.0,27.714285714285715,0
961,2016,14,14,vettel,ferrari,3,39.0,6.362573099415204,7.0,6.245508982035928,6.622222222222222,17.794174603184715,6.954532389038224,-1.214790776067891,2.0,0.0,27.714285714285715,0
961,2016,14,14,raikkonen,ferrari,4,39.0,7.873469387755102,7.384615384615385,7.973684210526316,8.266666666666667,17.794174603184715,6.760463767592377,-0.7772626054061981,2.0,0.0,27.714285714285715,0
961,2016,14,14,ricciardo,red_bull,6,39.0,10.504950495049505,9.6,10.504950495049505,9.785714285714286,22.282966844048996,4.153188064918993,-0.0693940332354174,2.0,0.0,27.714285714285715,0
961,2016,14,14,bottas,williams,5,39.0,9.257142857142858,7.666666666666667,9.257142857142858,9.0,5.650761309250828,8.611427969278557,-1.0634483105865338,2.0,0.0,27.714285714285715,0
961,2016,14,14,max_verstappen,red_bull,7,39.0,9.65625,12.0,9.65625,12.5,22.282966844048996,6.808914412535216,-1.8418905789633444,2.0,0.0,27.714285714285715,0
961,2016,14,14,perez,force_india,8,39.0,11.22222222222222,8.8,11.22222222222222,9.96551724137931,10.116488944020116,8.508670836045349,0.9793645980488748,2.0,0.0,27.714285714285715,0
961,2016,14,14,massa,williams,11,39.0,8.844262295081966,8.083333333333334,8.862068965517242,8.666666666666666,5.650761309250828,13.843352431214768,-3.9194461107778578,2.0,0.0,27.714285714285715,0
961,2016,14,14,hulkenberg,force_india,9,39.0,11.422018348623851,10.4,11.422018348623851,11.8,10.116488944020116,9.44087632031595,-1.367233415776836,2.0,0.0,27.714285714285715,0
961,2016,14,14,grosjean,haas,17,39.0,12.458333333333334,14.5,12.458333333333334,12.555555555555555,1.0138838154392864,13.162168613280594,0.3471774210318736,2.0,0.0,27.714285714285715,0
961,2016,14,14,button,mclaren,14,39.0,9.543333333333331,9.875,9.362989323843417,10.50561797752809,4.086846575955722,14.209513271007015,-2.716025777980101,2.0,0.0,27.714285714285715,0
961,2016,14,14,gutierrez,haas,10,39.0,14.84313725490196,16.0,14.84313725490196,14.714285714285714,1.0138838154392864,13.245630495505814,1.110057858447254,2.0,0.0,27.714285714285715,0
961,2016,14,14,alonso,mclaren,12,39.0,7.421052631578948,8.285714285714286,7.278884462151394,8.551282051282051,4.086846575955722,11.678786331769988,1.6463171868259856,2.0,0.0,27.714285714285715,0
961,2016,14,14,sainz,toro_rosso,15,39.0,12.1875,11.0,12.1875,10.9,2.551926474638029,12.64463802163701,-0.5943154227192242,2.0,0.0,27.714285714285715,0
961,2016,14,14,ericsson,sauber,19,39.0,15.541666666666666,14.5,15.541666666666666,15.142857142857142,0.0880271305378905,17.337524269143138,2.5322072252781185,2.0,0.0,27.714285714285715,0
961,2016,14,14,kevin_magnussen,renault,21,39.0,11.93939393939394,10.0,11.93939393939394,10.555555555555555,0.2825139499109719,15.334927401298255,0.7832591045320236,2.0,0.0,27.714285714285715,0
961,2016,14,14,ocon,manor,22,39.0,16.0,16.0,16.0,10.5,0.0816395686340089,16.0,1.0,2.0,0.0,27.714285714285715,0
961,2016,14,14,kvyat,toro_rosso,16,39.0,12.058823529411764,10.5,12.058823529411764,12.3125,2.551926474638029,14.5209520062467,-1.7677292641507305,2.0,0.0,27.714285714285715,0
961,2016,14,14,wehrlein,manor,13,39.0,17.076923076923077,17.076923076923077,17.076923076923077,16.333333333333332,0.0816395686340089,18.152512721829144,-0.714643129054535,2.0,0.0,27.714285714285715,0
961,2016,14,14,jolyon_palmer,renault,20,39.0,16.53846153846154,16.53846153846154,16.53846153846154,18.666666666666668,0.2825139499109719,16.11911663736252,0.2321431689678611,2.0,0.0,27.714285714285715,0
961,2016,14,14,nasr,sauber,18,39.0,13.75,13.0,13.75,13.6,0.0880271305378905,16.38555151708411,0.8227793528379989,2.0,0.0,27.714285714285715,0
962,2016,15,15,rosberg,mercedes,1,68.0,8.477386934673367,7.375,8.302083333333334,8.29861111111111,38.06757381628358,3.025078342780016,-1.251664629878809,4.0,0.0,45.583333333333336,1
962,2016,15,15,ricciardo,red_bull,2,68.0,10.450980392156865,11.0,10.450980392156865,10.780821917808218,21.140609236040085,4.307153871496016,0.1250412457855333,4.0,0.0,45.583333333333336,0
962,2016,15,15,hamilton,mercedes,3,68.0,5.850828729281768,9.5,5.863636363636363,6.0227272727272725,38.06757381628358,2.5835986635423365,2.875777721825705,4.0,0.0,45.583333333333336,0
962,2016,15,15,raikkonen,ferrari,5,68.0,7.857723577235772,7.5,7.956331877729258,7.7,19.467961038969317,6.258561264393762,-0.6359421316959801,4.0,0.0,45.583333333333336,0
962,2016,15,15,vettel,ferrari,22,68.0,6.343023255813954,2.125,6.226190476190476,6.26984126984127,19.467961038969317,6.235526500122182,-0.9939197258737288,4.0,0.0,45.583333333333336,0
962,2016,15,15,max_verstappen,red_bull,4,68.0,9.575757575757576,8.0,9.575757575757576,8.363636363636363,21.140609236040085,6.843703536674664,-1.5065551889269615,4.0,0.0,45.583333333333336,0
962,2016,15,15,alonso,mclaren,9,68.0,7.4456928838951315,4.375,7.305555555555555,6.952127659574468,3.34378356214559,12.10082518053908,0.9833504255848968,4.0,0.0,45.583333333333336,0
962,2016,15,15,perez,force_india,17,68.0,11.192660550458717,8.4,11.192660550458717,11.683544303797468,9.186218226925543,8.41618522946236,0.8012983074381426,4.0,0.0,45.583333333333336,0
962,2016,15,15,kvyat,toro_rosso,7,68.0,12.192307692307692,10.0,12.192307692307692,11.942857142857145,2.08793984288566,15.335348303373705,-1.9917850737185725,4.0,0.0,45.583333333333336,0
962,2016,15,15,kevin_magnussen,renault,15,68.0,12.088235294117649,10.0,12.088235294117649,12.458333333333334,0.2311477771998861,15.63799781576352,1.3687584978779812,4.0,0.0,45.583333333333336,0
962,2016,15,15,gutierrez,haas,13,68.0,14.807692307692308,16.0,14.807692307692308,14.891891891891891,0.8177243129050543,13.200969092841587,0.3627526485978879,4.0,0.0,45.583333333333336,0
962,2016,15,15,massa,williams,11,68.0,8.844897959183674,9.714285714285714,8.86266094420601,8.914285714285715,6.441531980296133,12.962742898266628,-2.843183181545519,4.0,0.0,45.583333333333336,0
962,2016,15,15,nasr,sauber,16,68.0,14.0,10.0,14.0,13.818181818181818,0.0720221977128195,17.407720419711005,-0.0552579278855752,4.0,0.0,45.583333333333336,0
962,2016,15,15,sainz,toro_rosso,6,68.0,12.272727272727272,9.0,12.272727272727272,12.772727272727272,2.08793984288566,13.073456235222617,-0.4861141015558594,4.0,0.0,45.583333333333336,0
962,2016,15,15,jolyon_palmer,renault,18,68.0,16.857142857142858,16.857142857142858,16.857142857142858,15.9,0.2311477771998861,17.063437512952934,-0.006243702777367,4.0,0.0,45.583333333333336,0
962,2016,15,15,wehrlein,manor,19,68.0,17.285714285714285,17.285714285714285,17.285714285714285,17.3,0.0667718316498112,18.50995228236429,-1.9306922051713933,4.0,0.0,45.583333333333336,0
962,2016,15,15,ericsson,sauber,14,68.0,15.551020408163266,13.0,15.551020408163266,15.705882352941176,0.0720221977128195,17.094324988595254,2.617265021149548,4.0,0.0,45.583333333333336,0
962,2016,15,15,ocon,manor,21,68.0,17.0,17.0,17.0,16.0,0.0667718316498112,17.1,2.6500000000000004,4.0,0.0,45.583333333333336,0
962,2016,15,15,button,mclaren,12,68.0,9.551495016611296,7.875,9.372340425531917,9.137440758293838,3.34378356214559,13.807783585369377,-1.8585665456200824,4.0,0.0,45.583333333333336,0
962,2016,15,15,bottas,williams,10,68.0,9.211267605633802,9.666666666666666,9.211267605633802,9.36734693877551,6.441531980296133,8.136622575740612,-1.0519122466277488,4.0,0.0,45.583333333333336,0
962,2016,15,15,hulkenberg,force_india,8,68.0,11.409090909090908,12.4,11.409090909090908,11.278481012658228,9.186218226925543,9.542535171193936,-1.3004637038001108,4.0,0.0,45.583333333333336,0
962,2016,15,15,grosjean,haas,20,68.0,12.443298969072163,14.8,12.443298969072163,12.420289855072465,0.8177243129050543,12.769047045846138,1.374963348097517,4.0,0.0,45.583333333333336,0
963,2016,16,2,ricciardo,red_bull,4,44.0,10.368932038834952,14.0,10.368932038834952,10.66216216216216,22.02413482948734,3.887671348962992,0.1023064738005266,5.0,0.0,53.85714285714285,1
963,2016,16,2,max_verstappen,red_bull,3,44.0,9.470588235294118,7.0,9.470588235294118,8.26086956521739,22.02413482948734,6.69013570981524,-1.596370205716165,5.0,0.0,53.85714285714285,0
963,2016,16,2,rosberg,mercedes,2,44.0,8.44,9.9,8.264248704663212,8.248275862068965,38.41892403150639,2.6568822804563763,-1.0240892426281163,5.0,0.0,53.85714285714285,0
963,2016,16,2,raikkonen,ferrari,6,44.0,7.842105263157895,10.384615384615383,7.939130434782609,7.678362573099415,19.928331759156716,5.847913761776715,-0.3384981077512563,5.0,0.0,53.85714285714285,0
963,2016,16,2,bottas,williams,11,44.0,9.36111111111111,8.0,9.36111111111111,9.58,5.2703443475150165,10.293601434842932,-2.678838156777761,5.0,0.0,53.85714285714285,0
963,2016,16,2,perez,force_india,7,44.0,11.163636363636364,13.4,11.163636363636364,11.6375,8.243269458393623,8.340515187722325,2.291971342835635,5.0,0.0,53.85714285714285,0
963,2016,16,2,alonso,mclaren,22,44.0,7.4440298507462686,7.857142857142857,7.304347826086956,6.9523809523809526,3.826732005391847,11.173402420441064,1.168195802751279,5.0,0.0,53.85714285714285,0
963,2016,16,2,hulkenberg,force_india,8,44.0,11.495495495495495,9.2,11.495495495495495,11.4,8.243269458393623,11.625710595054848,-3.427652121741959,5.0,0.0,53.85714285714285,0
963,2016,16,2,button,mclaren,9,44.0,9.582781456953642,9.4375,9.406360424028268,9.183962264150944,3.826732005391847,14.751822933484034,-2.7933726282346134,5.0,0.0,53.85714285714285,0
963,2016,16,2,jolyon_palmer,renault,19,44.0,16.733333333333334,16.733333333333334,16.733333333333334,15.818181818181818,0.3709390904362706,16.668816709640883,0.5686834745637497,5.0,0.0,53.85714285714285,0
963,2016,16,2,sainz,toro_rosso,16,44.0,12.323529411764708,8.0,12.323529411764708,12.826086956521738,2.071950780542813,13.24210233691826,-1.8537640858638935,5.0,0.0,53.85714285714285,0
963,2016,16,2,ericsson,sauber,17,44.0,15.58,16.5,15.58,15.742857142857142,0.058927252674125,17.0771742377046,1.5958992675006414,5.0,0.0,53.85714285714285,0
963,2016,16,2,massa,williams,10,44.0,8.857723577235772,8.23076923076923,8.876068376068377,8.931818181818182,5.2703443475150165,12.787698734945424,-2.5080589667190605,5.0,0.0,53.85714285714285,0
963,2016,16,2,kvyat,toro_rosso,15,44.0,12.132075471698114,9.5,12.132075471698114,11.86111111111111,2.071950780542813,14.18343909499807,-1.993278732595175,5.0,0.0,53.85714285714285,0
963,2016,16,2,wehrlein,manor,21,44.0,17.2,17.2,17.2,17.181818181818183,0.0546153232961308,18.02993804412159,-0.9877250900176654,5.0,0.0,53.85714285714285,0
963,2016,16,2,ocon,manor,20,44.0,17.333333333333332,17.333333333333332,17.333333333333332,17.0,0.0546153232961308,17.461794019933553,2.7906976744186047,5.0,0.0,53.85714285714285,0
963,2016,16,2,nasr,sauber,18,44.0,13.970588235294118,12.0,13.970588235294118,13.782608695652174,0.058927252674125,16.605443296485035,0.5008489272897114,5.0,0.0,53.85714285714285,0
963,2016,16,2,hamilton,mercedes,1,44.0,5.835164835164835,4.111111111111111,5.8474576271186445,6.0,38.41892403150639,2.65930799744373,2.352909045130122,5.0,0.0,53.85714285714285,0
963,2016,16,2,gutierrez,haas,13,44.0,14.735849056603774,14.5,14.735849056603774,14.789473684210526,0.6613391433902316,12.80078327132262,0.6604411433984658,5.0,0.0,53.85714285714285,0
963,2016,16,2,kevin_magnussen,renault,14,44.0,12.028571428571428,9.0,12.028571428571428,12.36,0.3709390904362706,14.611993415599487,2.0295728296641125,5.0,0.0,53.85714285714285,0
963,2016,16,2,grosjean,haas,12,44.0,12.540816326530612,13.0,12.540816326530612,12.557142857142855,0.6613391433902316,14.447402133252009,0.7613336466766156,5.0,0.0,53.85714285714285,0
963,2016,16,2,vettel,ferrari,5,44.0,6.335260115606936,6.375,6.218934911242603,6.25984251968504,19.928331759156716,6.010885318281785,2.2777020424669527,5.0,0.0,53.85714285714285,0
964,2016,17,22,rosberg,mercedes,1,38.0,8.412935323383085,9.75,8.237113402061855,8.212328767123287,34.160937843943465,2.719267320373399,-1.0197093803320951,4.0,0.0,44.66666666666666,1
964,2016,17,22,max_verstappen,red_bull,3,38.0,9.257142857142858,9.0,9.257142857142858,8.0,25.837928496853284,5.836623517564557,-1.1238820383615236,4.0,0.0,44.66666666666666,0
964,2016,17,22,hamilton,mercedes,2,38.0,5.901639344262295,5.714285714285714,5.915730337078652,6.08955223880597,34.160937843943465,5.448524725181236,-1.1658016903480846,4.0,0.0,44.66666666666666,0
964,2016,17,22,vettel,ferrari,6,38.0,6.425287356321839,1.8571428571428568,6.311764705882353,6.3828125,18.48681689385549,8.91799707859419,-1.227334692527042,4.0,0.0,44.66666666666666,0
964,2016,17,22,raikkonen,ferrari,8,38.0,7.826612903225806,6.2727272727272725,7.922077922077922,7.656976744186046,18.48681689385549,5.511929441453676,0.0866833663853359,4.0,0.0,44.66666666666666,0
964,2016,17,22,ricciardo,red_bull,4,38.0,10.278846153846152,12.8,10.278846153846152,10.533333333333331,25.837928496853284,3.362640194152596,0.6291598426554941,4.0,0.0,44.66666666666666,0
964,2016,17,22,perez,force_india,5,38.0,11.117117117117116,13.4,11.117117117117116,11.567901234567902,8.92631137504933,7.914966971682596,2.057067462270266,4.0,0.0,44.66666666666666,0
964,2016,17,22,hulkenberg,force_india,9,38.0,11.464285714285714,9.4,11.464285714285714,11.358024691358024,8.92631137504933,10.966490486748716,-2.804442644953505,4.0,0.0,44.66666666666666,0
964,2016,17,22,massa,williams,12,38.0,8.874493927125506,10.4,8.893617021276595,8.954802259887005,6.130281738875922,12.826298964955344,-2.5975027909519586,4.0,0.0,44.66666666666666,0
964,2016,17,22,bottas,williams,11,38.0,9.3013698630137,9.333333333333334,9.3013698630137,9.490196078431373,6.130281738875922,9.33112802844934,-1.1008668971148328,4.0,0.0,44.66666666666666,0
964,2016,17,22,grosjean,haas,7,38.0,12.626262626262626,12.0,12.626262626262626,12.67605633802817,0.5360428232580524,15.638783566376445,-1.0134542932637591,4.0,0.0,44.66666666666666,0
964,2016,17,22,jolyon_palmer,renault,16,38.0,16.3125,16.3125,16.3125,15.333333333333334,0.4853138012660397,15.405352718880328,2.166068031436173,4.0,0.0,44.66666666666666,0
964,2016,17,22,kvyat,toro_rosso,13,38.0,12.166666666666666,12.0,12.166666666666666,11.91891891891892,1.6952324568077557,14.150085876083178,-1.449035528372041,4.0,0.0,44.66666666666666,0
964,2016,17,22,kevin_magnussen,renault,17,38.0,12.25,14.0,12.25,12.653846153846152,0.4853138012660397,15.59234543278308,0.5685857656403909,4.0,0.0,44.66666666666666,0
964,2016,17,22,ericsson,sauber,18,38.0,15.509803921568627,15.5,15.509803921568627,15.63888888888889,0.048213206733375,16.15401848891689,2.214848906321778,4.0,0.0,44.66666666666666,0
964,2016,17,22,alonso,mclaren,15,38.0,7.442379182156134,9.416666666666666,7.303149606299213,6.9526315789473685,4.585508004411511,10.41460198036087,3.683069293160139,4.0,0.0,44.66666666666666,0
964,2016,17,22,sainz,toro_rosso,14,38.0,12.285714285714286,10.0,12.285714285714286,12.75,1.6952324568077557,12.834083934203669,-0.6065142039782504,4.0,0.0,44.66666666666666,0
964,2016,17,22,button,mclaren,22,38.0,9.58085808580858,5.785714285714286,9.404929577464788,9.183098591549296,4.585508004411511,13.706036945577845,-2.2854866958283195,4.0,0.0,44.66666666666666,0
964,2016,17,22,nasr,sauber,19,38.0,14.057142857142855,20.0,14.057142857142855,13.916666666666666,0.048213206733375,16.67724483439779,0.591684577405691,4.0,0.0,44.66666666666666,0
964,2016,17,22,gutierrez,haas,10,38.0,14.814814814814817,10.0,14.814814814814817,14.897435897435898,0.5360428232580524,13.927935761115602,-0.5505719807551888,4.0,0.0,44.66666666666666,0
964,2016,17,22,ocon,manor,20,38.0,17.0,17.0,17.0,16.666666666666668,0.0446744422315942,16.98019801980198,3.1891089108910893,4.0,0.0,44.66666666666666,0
964,2016,17,22,wehrlein,manor,21,38.0,17.0625,17.0625,17.0625,17.0,0.0446744422315942,17.455890536195817,0.3361588031785563,4.0,0.0,44.66666666666666,0
965,2016,18,69,hamilton,mercedes,1,43.0,5.885869565217392,1.75,5.899441340782123,5.387755102040816,35.22258550868435,5.00333841151192,-1.1356559284666146,3.0,0.0,32.916666666666664,1
965,2016,18,69,rosberg,mercedes,2,43.0,8.376237623762377,6.5,8.2,8.945454545454545,35.22258550868435,2.40667326212369,-0.8343076748171686,3.0,0.0,32.916666666666664,0
965,2016,18,69,ricciardo,red_bull,3,43.0,10.238095238095235,9.0,10.238095238095235,9.620689655172416,25.86739604287996,3.842160159190998,0.1511307800166746,3.0,0.0,32.916666666666664,0
965,2016,18,69,vettel,ferrari,6,43.0,6.411428571428571,3.25,6.298245614035087,6.543478260869565,19.12557745860904,8.023815791577064,-0.6405465666130339,3.0,0.0,32.916666666666664,0
965,2016,18,69,alonso,mclaren,12,43.0,7.474074074074074,6.25,7.337254901960784,8.620253164556962,3.7517792763366895,11.43012889302253,2.8316021489492047,3.0,0.0,32.916666666666664,0
965,2016,18,69,sainz,toro_rosso,10,43.0,12.416666666666666,7.0,12.416666666666666,11.272727272727272,1.3870083737518,13.59207562455261,-1.0420108188160504,3.0,0.0,32.916666666666664,0
965,2016,18,69,massa,williams,9,43.0,8.875,9.5,8.89406779661017,8.67142857142857,5.561139604534845,12.130608244054375,-1.5797750107788744,3.0,0.0,32.916666666666664,0
965,2016,18,69,perez,force_india,11,43.0,11.080357142857142,10.0,11.080357142857142,9.9,9.121527488676724,7.7486093404387235,1.319418832638634,3.0,0.0,32.916666666666664,0
965,2016,18,69,button,mclaren,19,43.0,9.608552631578949,8.25,9.435087719298243,10.522222222222222,3.7517792763366895,14.486757500927329,-1.1426709329504423,3.0,0.0,32.916666666666664,0
965,2016,18,69,grosjean,haas,17,43.0,12.61,9.5,12.61,12.5,0.4352550063119237,14.795368370864178,-1.5564626046260592,3.0,0.0,32.916666666666664,0
965,2016,18,69,kvyat,toro_rosso,13,43.0,12.181818181818182,14.0,12.181818181818182,12.705882352941176,1.3870083737518,13.940975987152802,-1.185570282258425,3.0,0.0,32.916666666666664,0
965,2016,18,69,kevin_magnussen,renault,18,43.0,12.297297297297296,8.0,12.297297297297296,11.2,0.3970749283085778,15.302655347646503,1.0109248348226667,3.0,0.0,32.916666666666664,0
965,2016,18,69,jolyon_palmer,renault,15,43.0,16.058823529411764,16.058823529411764,16.058823529411764,19.25,0.3970749283085778,14.765071660024912,2.5108874964479875,3.0,0.0,32.916666666666664,0
965,2016,18,69,ericsson,sauber,16,43.0,15.5,15.0,15.5,15.2,0.0394471691454886,15.944190778764924,2.3576078462278773,3.0,0.0,32.916666666666664,0
965,2016,18,69,nasr,sauber,21,43.0,14.194444444444445,9.0,14.194444444444445,14.363636363636363,0.0394471691454886,17.099871955644172,0.4840271052200607,3.0,0.0,32.916666666666664,0
965,2016,18,69,bottas,williams,8,43.0,9.31081081081081,10.666666666666666,9.31081081081081,8.863636363636363,5.561139604534845,9.452741157424008,-0.7188909618321446,3.0,0.0,32.916666666666664,0
965,2016,18,69,wehrlein,manor,20,43.0,17.352941176470587,17.352941176470587,17.352941176470587,17.25,0.0365445748917499,18.31028285887894,0.0849316194113952,3.0,0.0,32.916666666666664,0
965,2016,18,69,ocon,manor,22,43.0,17.8,17.8,17.8,18.0,0.0365445748917499,18.134173839728632,1.986529675888708,3.0,0.0,32.916666666666664,0
965,2016,18,69,raikkonen,ferrari,5,43.0,7.815261044176707,11.666666666666666,7.9094827586206895,8.210526315789474,19.12557745860904,5.418851361189371,0.6163772997698207,3.0,0.0,32.916666666666664,0
965,2016,18,69,max_verstappen,red_bull,4,43.0,9.055555555555555,4.0,9.055555555555555,12.0,25.86739604287996,5.1385468642234,-0.7374400383468951,3.0,0.0,32.916666666666664,0
965,2016,18,69,gutierrez,haas,14,43.0,14.909090909090908,14.0,14.909090909090908,14.6,0.4352550063119237,15.031965212286254,-2.2686774584864606,3.0,0.0,32.916666666666664,0
965,2016,18,69,hulkenberg,force_india,7,43.0,11.43362831858407,11.0,11.43362831858407,11.741935483870968,9.121527488676724,10.427128579990589,-2.1127258003183385,3.0,0.0,32.916666666666664,0
966,2016,19,32,hamilton,mercedes,1,28.0,5.859459459459459,2.0,5.872222222222222,5.3,36.63666087074537,4.275458700327934,-0.9291730323817754,2.0,0.0,27.88888888888889,1
966,2016,19,32,rosberg,mercedes,2,28.0,8.344827586206897,1.0,8.168367346938776,8.821428571428571,36.63666087074537,2.332732669010292,-0.6826153703049561,2.0,0.0,27.88888888888889,0
966,2016,19,32,ricciardo,red_bull,4,28.0,10.169811320754716,5.0,10.169811320754716,9.4,23.891505853265425,3.6890401301586455,0.1236524563613911,2.0,0.0,27.88888888888889,0
966,2016,19,32,max_verstappen,red_bull,3,28.0,9.35135135135135,9.0,9.35135135135135,12.666666666666666,23.891505853265425,7.8422413864802625,-3.514106585482767,2.0,0.0,27.88888888888889,0
966,2016,19,32,vettel,ferrari,7,28.0,6.3977272727272725,18.0,6.284883720930233,6.48936170212766,17.83001792068012,7.292212920381234,-0.1604471908652092,2.0,0.0,27.88888888888889,0
966,2016,19,32,raikkonen,ferrari,6,28.0,7.86,19.0,7.957081545064377,8.35064935064935,17.83001792068012,7.888151113700396,-2.041145845642876,2.0,0.0,27.88888888888889,0
966,2016,19,32,hulkenberg,force_india,5,28.0,11.526315789473683,7.0,11.526315789473683,12.0625,8.190340672553681,12.531287020236617,-4.455866564168892,2.0,0.0,27.88888888888889,0
966,2016,19,32,bottas,williams,8,28.0,9.4,3.0,9.4,9.173913043478262,5.640932403710329,10.64315220235926,-2.0427293538702247,2.0,0.0,27.88888888888889,0
966,2016,19,32,massa,williams,9,28.0,8.867469879518072,6.0,8.886075949367088,8.647887323943662,5.640932403710329,11.197770381499032,-0.9289068270008968,2.0,0.0,27.88888888888889,0
966,2016,19,32,perez,force_india,12,28.0,11.053097345132745,8.0,11.053097345132745,9.838709677419354,8.190340672553681,7.794316733092715,1.6249790449295187,2.0,0.0,27.88888888888889,0
966,2016,19,32,ericsson,sauber,15,28.0,15.471698113207546,12.0,15.471698113207546,15.125,0.0322749565735816,15.590693046097924,2.2925866743314707,2.0,0.0,27.88888888888889,0
966,2016,19,32,button,mclaren,13,28.0,9.60655737704918,14.0,9.433566433566432,10.505494505494504,5.251455771548202,13.48916522803145,0.883269236676912,2.0,0.0,27.88888888888889,0
966,2016,19,32,alonso,mclaren,11,28.0,7.464944649446495,20.0,7.328125,8.575,5.251455771548202,10.261014548836616,3.589492667322077,2.0,0.0,27.88888888888889,0
966,2016,19,32,jolyon_palmer,renault,21,28.0,15.88888888888889,15.88888888888889,15.88888888888889,18.0,0.3248794867979273,14.43524560888878,2.415421680898105,2.0,0.0,27.88888888888889,0
966,2016,19,32,nasr,sauber,19,28.0,14.216216216216216,17.0,14.216216216216216,14.416666666666666,0.0322749565735816,16.717849265665862,1.4875296270987548,2.0,0.0,27.88888888888889,0
966,2016,19,32,sainz,toro_rosso,10,28.0,12.243243243243244,13.0,12.243243243243244,10.833333333333334,2.58937048761511,12.21087466855403,-0.1247346340817483,2.0,0.0,27.88888888888889,0
966,2016,19,32,kevin_magnussen,renault,14,28.0,12.289473684210526,12.289473684210526,12.289473684210526,11.272727272727272,0.3248794867979273,14.701879463917365,1.9184721644241125,2.0,0.0,27.88888888888889,0
966,2016,19,32,kvyat,toro_rosso,18,28.0,12.160714285714286,4.0,12.160714285714286,12.61111111111111,2.58937048761511,13.406246037933212,-0.6063680573138474,2.0,0.0,27.88888888888889,0
966,2016,19,32,gutierrez,haas,17,28.0,15.017857142857142,15.017857142857142,15.017857142857142,15.0,0.5407847790603049,16.1170767374791,-3.128929250210316,2.0,0.0,27.88888888888889,0
966,2016,19,32,grosjean,haas,22,28.0,12.584158415841584,10.0,12.584158415841584,12.413793103448276,0.5407847790603049,13.923483211150272,-0.0007421286043098,2.0,0.0,27.88888888888889,0
966,2016,19,32,ocon,manor,20,28.0,17.833333333333332,17.833333333333332,17.833333333333332,18.0,0.029895260873469,18.09932425894268,2.509497467986969,2.0,0.0,27.88888888888889,0
966,2016,19,32,wehrlein,manor,16,28.0,17.333333333333332,17.333333333333332,17.333333333333332,17.2,0.029895260873469,18.06543986977939,0.6296491595183856,2.0,0.0,27.88888888888889,0
967,2016,20,18,hamilton,mercedes,1,62.0,5.833333333333333,8.222222222222221,5.845303867403315,6.066666666666666,37.79363162152136,3.679920754813764,-0.7602324810396343,5.0,0.0,53.92307692307692,1
967,2016,20,18,rosberg,mercedes,2,62.0,8.313725490196079,8.9,8.137055837563452,8.16326530612245,37.79363162152136,2.2722358200993296,-0.558503484794964,5.0,0.0,53.92307692307692,0
967,2016,20,18,max_verstappen,red_bull,4,62.0,9.210526315789474,9.0,9.210526315789474,7.76,24.45668660721717,7.143311064820061,-3.0567731835100207,5.0,0.0,53.92307692307692,0
967,2016,20,18,perez,force_india,9,62.0,11.043859649122806,14.0,11.043859649122806,11.51219512195122,7.973915095725738,8.19535005439515,1.693164673132069,5.0,0.0,53.92307692307692,0
967,2016,20,18,vettel,ferrari,5,62.0,6.389830508474576,4.888888888888889,6.277456647398844,6.364341085271318,17.860923753283735,6.875446934857372,0.2323613892921018,5.0,0.0,53.92307692307692,0
967,2016,20,18,sainz,toro_rosso,15,62.0,12.342105263157896,19.0,12.342105263157896,12.92,2.1185758535032715,12.900142811892726,-1.193486099434635,5.0,0.0,53.92307692307692,0
967,2016,20,18,hulkenberg,force_india,8,62.0,11.486956521739131,7.0,11.486956521739131,11.317073170731708,7.973915095725738,11.525598471007145,-4.009345370641218,5.0,0.0,53.92307692307692,0
967,2016,20,18,ricciardo,red_bull,6,62.0,10.102803738317755,14.4,10.102803738317755,10.473684210526317,24.45668660721717,3.56376010643417,0.2829883734619708,5.0,0.0,53.92307692307692,0
967,2016,20,18,nasr,sauber,21,62.0,14.236842105263158,13.0,14.236842105263158,14.12,0.0264067826511122,16.405360585480295,1.9445653906696223,5.0,0.0,53.92307692307692,0
967,2016,20,18,alonso,mclaren,10,62.0,7.485294117647059,6.357142857142857,7.3501945525291825,7.0,4.296645631266711,10.759011903593596,2.573221273263517,5.0,0.0,53.92307692307692,0
967,2016,20,18,bottas,williams,11,62.0,9.38157894736842,12.0,9.38157894736842,9.5,5.706217421217541,10.162578960278593,-1.6713239284064478,5.0,0.0,53.92307692307692,0
967,2016,20,18,ocon,manor,22,62.0,18.285714285714285,18.285714285714285,18.285714285714285,17.75,0.0244565159320031,18.798270589590647,1.6638495581059074,5.0,0.0,53.92307692307692,0
967,2016,20,18,kvyat,toro_rosso,14,62.0,12.263157894736842,9.0,12.263157894736842,11.947368421052632,2.1185758535032715,14.241483031185387,-0.496118131615363,5.0,0.0,53.92307692307692,0
967,2016,20,18,kevin_magnussen,renault,18,62.0,12.41025641025641,9.0,12.41025641025641,12.703703703703704,0.2658104891983041,15.1198864115545,1.0238474029249998,5.0,0.0,53.92307692307692,0
967,2016,20,18,wehrlein,manor,19,62.0,17.57894736842105,17.57894736842105,17.57894736842105,17.384615384615383,0.0244565159320031,18.79697216209368,-0.6029670126558748,5.0,0.0,53.92307692307692,0
967,2016,20,18,button,mclaren,17,62.0,9.61437908496732,8.125,9.442508710801391,9.22429906542056,4.296645631266711,13.218407913843912,0.9044930118265644,5.0,0.0,53.92307692307692,0
967,2016,20,18,gutierrez,haas,12,62.0,15.087719298245617,13.0,15.087719298245617,15.025,0.4402394789551874,16.641250251656892,-2.923667174721217,5.0,0.0,53.92307692307692,0
967,2016,20,18,massa,williams,13,62.0,8.868,7.666666666666667,8.88655462184874,8.955056179775282,5.706217421217541,10.798175766681029,-0.7600146766370973,5.0,0.0,53.92307692307692,0
967,2016,20,18,jolyon_palmer,renault,16,62.0,15.789473684210526,15.789473684210526,15.789473684210526,15.076923076923077,0.2658104891983041,14.354322657541664,3.2678084728313,5.0,0.0,53.92307692307692,0
967,2016,20,18,raikkonen,ferrari,3,62.0,7.852589641434263,5.5,7.948717948717949,7.641618497109826,17.860923753283735,7.544850911209415,-1.670028419162353,5.0,0.0,53.92307692307692,0
967,2016,20,18,ericsson,sauber,20,62.0,15.38888888888889,16.0,15.38888888888889,15.62162162162162,0.0264067826511122,14.75600516160311,2.6030315684791865,5.0,0.0,53.92307692307692,0
967,2016,20,18,grosjean,haas,7,62.0,12.65686274509804,16.2,12.65686274509804,12.65277777777778,0.4402394789551874,15.02830444691211,0.3630291679749295,5.0,0.0,53.92307692307692,0
968,2016,21,24,hamilton,mercedes,1,37.0,5.807486631016043,7.571428571428571,5.818681318681318,5.215686274509804,38.74024405397365,3.192662435756715,-0.6220083935778825,3.0,0.0,31.857142857142858,1
968,2016,21,24,rosberg,mercedes,2,37.0,8.282926829268293,8.571428571428571,8.106060606060606,8.701754385964913,38.74024405397365,2.222738398263088,-0.456957396650425,3.0,0.0,31.857142857142858,0
968,2016,21,24,vettel,ferrari,5,37.0,6.382022471910112,6.0,6.270114942528736,6.458333333333333,16.431664889050328,6.534456583065122,0.1901138639662651,3.0,0.0,31.857142857142858,0
968,2016,21,24,max_verstappen,red_bull,6,37.0,9.051282051282053,16.0,9.051282051282053,12.0,23.46456176954132,6.38968096399478,-2.318883525822268,3.0,0.0,31.857142857142858,0
968,2016,21,24,ricciardo,red_bull,3,37.0,10.083333333333334,11.4,10.083333333333334,9.193548387096774,23.46456176954132,4.370349178303795,-0.1321004218735982,3.0,0.0,31.857142857142858,0
968,2016,21,24,raikkonen,ferrari,4,37.0,7.900793650793651,9.6,8.0,8.320512820512821,16.431664889050328,9.809423472807705,-4.457295979314654,3.0,0.0,31.857142857142858,0
968,2016,21,24,hulkenberg,force_india,7,37.0,11.448275862068966,13.4,11.448275862068966,11.909090909090908,9.796839623775607,10.702762385305522,-3.098555303181111,3.0,0.0,31.857142857142858,0
968,2016,21,24,perez,force_india,8,37.0,10.982608695652171,9.4,10.982608695652171,9.84375,9.796839623775607,7.432559135341747,2.294407459892448,3.0,0.0,31.857142857142858,0
968,2016,21,24,massa,williams,10,37.0,8.904382470119522,6.666666666666667,8.92468619246862,8.652777777777779,4.668723344632533,12.107598354557206,-1.5309210990667166,3.0,0.0,31.857142857142858,0
968,2016,21,24,alonso,mclaren,9,37.0,7.4945054945054945,8.0,7.360465116279069,8.62962962962963,3.697255516490944,10.621009739303853,2.1053628599428773,3.0,0.0,31.857142857142858,0
968,2016,21,24,grosjean,haas,14,37.0,12.74757281553398,12.6,12.74757281553398,12.666666666666666,0.3587228009342895,16.29588545790261,-2.430248865514773,3.0,0.0,31.857142857142858,0
968,2016,21,24,gutierrez,haas,13,37.0,15.120689655172416,14.0,15.120689655172416,15.235294117647058,0.3587228009342895,16.706478053700803,-3.3011855622046022,3.0,0.0,31.857142857142858,0
968,2016,21,24,ocon,manor,20,37.0,17.5,17.5,17.5,19.0,0.0200077062848035,17.251631267739544,3.5603639578182893,3.0,0.0,31.857142857142858,0
968,2016,21,24,wehrlein,manor,16,37.0,17.45,17.45,17.45,18.0,0.0200077062848035,18.093908098129507,0.2493386024652011,3.0,0.0,31.857142857142858,0
968,2016,21,24,ericsson,sauber,22,37.0,15.49090909090909,14.0,15.49090909090909,14.882352941176473,0.3852419130781829,15.891295224972769,1.9479243745161896,3.0,0.0,31.857142857142858,0
968,2016,21,24,nasr,sauber,19,37.0,14.102564102564102,15.0,14.102564102564102,14.461538461538462,0.3852419130781829,15.05839373762055,3.773556282233488,3.0,0.0,31.857142857142858,0
968,2016,21,24,jolyon_palmer,renault,15,37.0,15.95,15.95,15.95,17.333333333333332,0.2174813093440669,15.214536705161652,2.1072334912575714,3.0,0.0,31.857142857142858,0
968,2016,21,24,sainz,toro_rosso,21,37.0,12.17948717948718,11.0,12.17948717948718,11.23076923076923,3.1879256983208597,11.645070421313868,0.6606150859929305,3.0,0.0,31.857142857142858,0
968,2016,21,24,kvyat,toro_rosso,17,37.0,12.275862068965518,15.0,12.275862068965518,12.894736842105264,3.1879256983208597,14.015756853611634,-0.224094254876695,3.0,0.0,31.857142857142858,0
968,2016,21,24,button,mclaren,12,37.0,9.635179153094462,6.0,9.46527777777778,10.521739130434783,3.697255516490944,13.724151929508654,0.9218579187671893,3.0,0.0,31.857142857142858,0
968,2016,21,24,bottas,williams,11,37.0,9.402597402597404,10.333333333333334,9.402597402597404,9.125,4.668723344632533,10.314837360786557,-1.3674467913398802,3.0,0.0,31.857142857142858,0
968,2016,21,24,kevin_magnussen,renault,18,37.0,12.45,11.0,12.45,11.75,0.2174813093440669,14.916204181301316,1.565142834579178,3.0,0.0,31.857142857142858,0
969,2017,1,1,vettel,ferrari,2,20.0,6.363128491620111,8.88888888888889,6.251428571428572,6.3538461538461535,17.625907636495725,5.891828113416917,0.5191840705178534,4.0,0.0,35.0,1
969,2017,1,1,hamilton,mercedes,1,20.0,5.781914893617022,6.2,5.7923497267759565,6.029411764705882,39.51474513507044,2.793996538346403,-0.5089159583819038,4.0,0.0,35.0,0
969,2017,1,1,bottas,mercedes,3,20.0,9.551282051282053,11.25,9.551282051282053,9.528301886792454,39.51474513507044,12.257594513811378,-2.9370021702579487,4.0,0.0,35.0,0
969,2017,1,1,raikkonen,ferrari,4,20.0,7.893280632411067,7.928571428571429,7.991525423728813,7.712643678160919,17.625907636495725,9.116801023206303,-4.010514892166534,4.0,0.0,35.0,0
969,2017,1,1,max_verstappen,red_bull,5,20.0,8.925,11.5,8.925,7.576923076923077,23.198277811442896,5.955051573622588,-1.5333754424425063,4.0,0.0,35.0,0
969,2017,1,1,massa,williams,7,20.0,8.904761904761905,11.428571428571429,8.925,9.005586592178771,4.183500918335708,11.542580471910442,-1.0707536265091315,4.0,0.0,35.0,0
969,2017,1,1,perez,force_india,10,20.0,10.95689655172414,12.333333333333334,10.95689655172414,11.421686746987952,9.833777873998224,7.535730201651266,1.877242467152305,4.0,0.0,35.0,0
969,2017,1,1,sainz,toro_rosso,8,20.0,12.325,9.0,12.325,12.653846153846152,2.608302844080703,12.800889633274837,1.0860967525167715,4.0,0.0,35.0,0
969,2017,1,1,kvyat,toro_rosso,9,20.0,12.389830508474576,15.666666666666666,12.389830508474576,11.974358974358974,2.608302844080703,14.921989417239912,-0.546988537699044,4.0,0.0,35.0,0
969,2017,1,1,ocon,force_india,13,20.0,17.0,17.0,17.0,16.6,9.833777873998224,16.326625086599538,4.308708393054703,4.0,0.0,35.0,0
969,2017,1,1,hulkenberg,renault,11,20.0,11.41025641025641,14.333333333333334,11.41025641025641,11.265060240963855,0.177939253099691,10.029532860661703,-2.535181611657808,4.0,0.0,35.0,0
969,2017,1,1,giovinazzi,sauber,16,20.0,10.5,10.5,10.5,10.5,0.3151979288821496,10.5,0.0,4.0,0.0,35.0,0
969,2017,1,1,vandoorne,mclaren,18,20.0,10.0,10.0,10.0,10.0,3.2068454225835,10.0,2.0,4.0,0.0,35.0,0
969,2017,1,1,alonso,mclaren,12,20.0,7.503649635036496,5.5,7.370656370656371,7.015625,3.2068454225835,10.50809887761224,1.5407514308623538,4.0,0.0,35.0,0
969,2017,1,1,kevin_magnussen,haas,17,20.0,12.682926829268292,10.333333333333334,12.682926829268292,12.75,0.2925216329203632,16.20451129811665,0.553028241869291,4.0,0.0,35.0,0
969,2017,1,1,stroll,williams,20,20.0,10.5,10.5,10.5,10.5,4.183500918335708,10.5,0.0,4.0,0.0,35.0,0
969,2017,1,1,ricciardo,red_bull,22,20.0,10.036697247706424,12.0,10.036697247706424,10.441558441558442,23.198277811442896,4.484831145921178,-0.4717185270950424,4.0,0.0,35.0,0
969,2017,1,1,ericsson,sauber,14,20.0,15.482142857142858,14.0,15.482142857142858,15.763157894736842,0.3151979288821496,15.729239413408406,2.866495676855804,4.0,0.0,35.0,0
969,2017,1,1,jolyon_palmer,renault,19,20.0,16.0,11.0,16.0,15.357142857142858,0.177939253099691,15.544038357290937,1.349256430086668,4.0,0.0,35.0,0
969,2017,1,1,grosjean,haas,6,20.0,12.73076923076923,13.2,12.73076923076923,12.780821917808218,0.2925216329203632,15.332997191997723,-1.4429308891138486,4.0,0.0,35.0,0
970,2017,2,17,hamilton,mercedes,1,82.0,5.761904761904762,4.4,5.771739130434782,6.0,38.33024601960173,2.6496335313743296,-0.5982039659488304,5.0,0.0,50.8,1
970,2017,2,17,vettel,ferrari,2,82.0,6.333333333333333,4.1,6.221590909090909,6.312977099236641,21.1484698844056,5.002404820068386,0.6066051486055165,5.0,0.0,50.8,0
970,2017,2,17,max_verstappen,red_bull,16,82.0,8.829268292682928,12.5,8.829268292682928,7.481481481481482,20.79859093663509,5.781359421743245,-1.2545053922874694,5.0,0.0,50.8,0
970,2017,2,17,ricciardo,red_bull,5,82.0,10.1,8.2,10.1,10.525641025641026,20.79859093663509,6.760316392706924,-3.476860613856419,5.0,0.0,50.8,0
970,2017,2,17,raikkonen,ferrari,4,82.0,7.877952755905512,6.636363636363637,7.974683544303797,7.691428571428571,21.1484698844056,8.18647356444152,-3.281330366318073,5.0,0.0,50.8,0
970,2017,2,17,bottas,mercedes,3,82.0,9.468354430379748,9.0,9.468354430379748,9.407407407407408,38.33024601960173,10.574395291882528,-2.4030017060546136,5.0,0.0,50.8,0
970,2017,2,17,sainz,toro_rosso,11,82.0,12.21951219512195,11.0,12.21951219512195,12.48148148148148,3.224975054247848,11.92776730735083,0.8885718362672202,5.0,0.0,50.8,0
970,2017,2,17,kevin_magnussen,haas,12,82.0,12.738095238095235,15.0,12.738095238095235,12.827586206896552,0.2386845870631048,15.985461354914024,0.8161715448253735,5.0,0.0,50.8,0
970,2017,2,17,perez,force_india,8,82.0,10.923076923076923,11.666666666666666,10.923076923076923,11.36904761904762,9.318545533271276,7.43832471043575,2.081380200410323,5.0,0.0,50.8,0
970,2017,2,17,ocon,force_india,17,82.0,16.3,16.3,16.3,15.5,9.318545533271276,14.99767848357393,4.033806126918376,5.0,0.0,50.8,0
970,2017,2,17,grosjean,haas,19,82.0,12.8,12.4,12.8,12.87837837837838,0.2386845870631048,16.18154315768871,-3.726034365433878,5.0,0.0,50.8,0
970,2017,2,17,hulkenberg,renault,7,82.0,11.40677966101695,13.5,11.40677966101695,11.261904761904765,0.1455866616270199,10.205981431459666,-2.0742395004233125,5.0,0.0,50.8,0
970,2017,2,17,jolyon_palmer,renault,20,82.0,16.136363636363637,22.0,16.136363636363637,15.6,0.1455866616270199,16.180089659144933,1.1009329827758418,5.0,0.0,50.8,0
970,2017,2,17,massa,williams,6,82.0,8.893280632411066,8.923076923076923,8.91286307053942,8.988888888888889,4.877409842274672,10.534838567926723,-0.6942529671438346,5.0,0.0,50.8,0
970,2017,2,17,ericsson,sauber,14,82.0,15.526315789473683,15.333333333333334,15.526315789473683,15.82051282051282,0.2578892145399406,16.142109423513823,1.6180284644899523,5.0,0.0,50.8,0
970,2017,2,17,alonso,mclaren,13,82.0,7.527272727272727,5.384615384615385,7.3961538461538465,7.051813471502591,2.6237826184774087,11.142989990773652,0.8969784434328345,5.0,0.0,50.8,0
970,2017,2,17,kvyat,toro_rosso,9,82.0,12.333333333333334,10.666666666666666,12.333333333333334,11.9,3.224975054247848,13.845257713922964,-0.4475354893405015,5.0,0.0,50.8,0
970,2017,2,17,vandoorne,mclaren,15,82.0,11.5,11.5,11.5,11.5,2.6237826184774087,11.65,3.65,5.0,0.0,50.8,0
970,2017,2,17,giovinazzi,sauber,18,82.0,12.0,12.0,12.0,12.0,0.2578892145399406,12.0,4.0,5.0,0.0,50.8,0
970,2017,2,17,stroll,williams,10,82.0,16.0,16.0,16.0,16.0,4.877409842274672,16.0,4.0,5.0,0.0,50.8,0
971,2017,3,3,vettel,ferrari,3,31.0,6.30939226519337,7.75,6.19774011299435,6.28030303030303,22.39420263269549,4.456513034601406,0.4963133034045134,5.0,0.0,49.0,1
971,2017,3,3,hamilton,mercedes,2,31.0,5.7368421052631575,4.444444444444445,5.745945945945946,5.963768115942029,37.36111037967323,2.349700162033542,-0.4894396085035885,5.0,0.0,49.0,0
971,2017,3,3,bottas,mercedes,1,31.0,9.425,8.75,9.425,9.345454545454546,37.36111037967323,9.74268696828798,-2.5115468619853294,5.0,0.0,49.0,0
971,2017,3,3,raikkonen,ferrari,5,31.0,7.866666666666666,5.0,7.96218487394958,7.676136363636363,22.39420263269549,7.607114734543061,-2.8665430269875136,5.0,0.0,49.0,0
971,2017,3,3,ricciardo,red_bull,4,31.0,10.045045045045043,9.0,10.045045045045043,10.443037974683543,21.926119857246896,6.258440684835633,-2.6628859566190544,5.0,0.0,49.0,0
971,2017,3,3,massa,williams,8,31.0,8.913385826771654,7.916666666666667,8.933884297520661,9.01657458563536,3.990608052770185,11.164867919212776,-2.02257060948132,5.0,0.0,49.0,0
971,2017,3,3,perez,force_india,18,31.0,10.90677966101695,8.8,10.90677966101695,11.341176470588236,8.169719072676497,7.722265672189479,1.5211292548520214,5.0,0.0,49.0,0
971,2017,3,3,grosjean,haas,9,31.0,12.783018867924527,6.0,12.783018867924527,12.853333333333332,0.9293967623273052,15.239444401200585,-1.594028115940437,5.0,0.0,49.0,0
971,2017,3,3,hulkenberg,renault,7,31.0,11.411764705882351,11.833333333333334,11.411764705882351,11.270588235294118,0.1191163595130163,10.532166625753613,-2.606195954914448,5.0,0.0,49.0,0
971,2017,3,3,ocon,force_india,14,31.0,15.727272727272728,15.727272727272728,15.727272727272728,14.714285714285714,8.169719072676497,13.976715250065087,4.639762452005916,5.0,0.0,49.0,0
971,2017,3,3,wehrlein,sauber,13,31.0,17.285714285714285,13.0,17.285714285714285,17.214285714285715,0.2110002664417695,17.338390196474045,0.5724176735804101,5.0,0.0,49.0,0
971,2017,3,3,kvyat,toro_rosso,11,31.0,12.40983606557377,9.0,12.40983606557377,12.024390243902438,3.729525044384603,14.41884999024521,-1.8207174857371429,5.0,0.0,49.0,0
971,2017,3,3,jolyon_palmer,renault,10,31.0,16.0,22.0,16.0,15.4375,0.1191163595130163,15.596111341759393,2.1842128899811555,5.0,0.0,49.0,0
971,2017,3,3,alonso,mclaren,15,31.0,7.557971014492754,6.090909090909091,7.42911877394636,7.097938144329897,2.1467312332996977,12.0260827197239,0.1884369082632278,5.0,0.0,49.0,0
971,2017,3,3,ericsson,sauber,19,31.0,15.517241379310343,15.333333333333334,15.517241379310343,15.8,0.2110002664417695,15.934451333902574,1.1420190924533935,5.0,0.0,49.0,0
971,2017,3,3,sainz,toro_rosso,16,31.0,12.095238095238097,18.5,12.095238095238097,12.285714285714286,3.729525044384603,11.031613696771402,1.454409752117726,5.0,0.0,49.0,0
971,2017,3,3,stroll,williams,12,31.0,18.0,18.0,18.0,18.0,3.990608052770185,18.200000000000003,-3.7,5.0,0.0,49.0,0
971,2017,3,3,max_verstappen,red_bull,6,31.0,8.69047619047619,12.0,8.69047619047619,7.321428571428571,21.926119857246896,5.2755471273201335,1.3377895919474452,5.0,0.0,49.0,0
971,2017,3,3,kevin_magnussen,haas,20,31.0,12.627906976744184,14.5,12.627906976744184,12.666666666666666,0.9293967623273052,14.533299539247375,1.395153009358089,5.0,0.0,49.0,0
971,2017,3,3,vandoorne,mclaren,17,31.0,13.666666666666666,10.0,13.666666666666666,13.666666666666666,2.1467312332996977,14.20265780730897,0.9767441860465118,5.0,0.0,49.0,0
972,2017,4,71,bottas,mercedes,3,20.0,9.34567901234568,6.333333333333333,9.34567901234568,9.6,36.56818121973203,8.516743776163844,-2.418538333508052,1.0,0.0,24.5,1
972,2017,4,71,vettel,ferrari,1,20.0,6.28021978021978,10.0,6.168539325842697,6.387755102040816,25.049802154023585,3.828056119219332,0.769710884603693,1.0,0.0,24.5,0
972,2017,4,71,raikkonen,ferrari,2,20.0,7.8515625,6.666666666666667,7.945606694560669,8.291139240506329,25.049802154023585,6.951275691898868,-2.163535203898874,1.0,0.0,24.5,0
972,2017,4,71,hamilton,mercedes,4,20.0,5.717277486910994,1.3333333333333333,5.725806451612903,5.134615384615385,36.56818121973203,2.28611831439108,-0.4004505887756632,1.0,0.0,24.5,0
972,2017,4,71,max_verstappen,red_bull,7,20.0,8.906976744186046,14.5,8.906976744186046,11.428571428571429,19.757734428656548,7.58949791434444,-1.0876969128370562,1.0,0.0,24.5,0
972,2017,4,71,perez,force_india,9,20.0,10.873949579831931,7.333333333333333,10.873949579831931,9.787878787878787,7.957042877644406,7.59094464087671,3.2445602994977523,1.0,0.0,24.5,0
972,2017,4,71,ocon,force_india,10,20.0,15.25,15.25,15.25,17.5,7.957042877644406,13.182174821298688,4.511939084990362,1.0,0.0,24.5,0
972,2017,4,71,hulkenberg,renault,8,20.0,11.391666666666667,17.333333333333332,11.391666666666667,11.764705882352942,0.4610952032379226,10.25359087560689,-2.4959785085625272,1.0,0.0,24.5,0
972,2017,4,71,massa,williams,6,20.0,8.901960784313726,6.666666666666667,8.921810699588477,8.657534246575343,4.719588406811971,10.225801024810451,-1.2911941350301706,1.0,0.0,24.5,0
972,2017,4,71,sainz,toro_rosso,14,20.0,12.186046511627907,14.0,12.186046511627907,11.714285714285714,3.05142958176922,11.935118272695483,1.1899243063195482,1.0,0.0,24.5,0
972,2017,4,71,stroll,williams,11,20.0,17.666666666666668,17.666666666666668,17.666666666666668,10.5,4.719588406811971,17.717607973421927,-4.222591362126246,1.0,0.0,24.5,0
972,2017,4,71,kvyat,toro_rosso,12,20.0,12.403225806451612,11.333333333333334,12.403225806451612,13.2,3.05142958176922,13.979057345378871,-1.6714955351424314,1.0,0.0,24.5,0
972,2017,4,71,kevin_magnussen,haas,13,20.0,12.772727272727272,6.0,12.772727272727272,12.538461538461538,1.4922464055202036,15.34554576785794,1.3232964914663248,1.0,0.0,24.5,0
972,2017,4,71,vandoorne,mclaren,20,20.0,15.25,15.25,15.25,10.5,1.7564164636088433,16.112623762376238,-0.3334158415841584,1.0,0.0,24.5,0
972,2017,4,71,ericsson,sauber,18,20.0,15.508474576271189,17.666666666666668,15.508474576271189,14.88888888888889,0.172636581634175,15.764549865808664,1.661655733078233,1.0,0.0,24.5,0
972,2017,4,71,wehrlein,sauber,17,20.0,17.0,18.0,17.0,17.428571428571427,0.172636581634175,16.171843297832638,0.8351565842215479,1.0,0.0,24.5,0
972,2017,4,71,ricciardo,red_bull,5,20.0,10.0,11.0,10.0,9.0625,19.757734428656548,6.029633287553104,-2.360543055363148,1.0,0.0,24.5,0
972,2017,4,71,jolyon_palmer,renault,16,20.0,15.875,13.0,15.875,17.285714285714285,0.4610952032379226,15.120237310080258,1.233933042828545,1.0,0.0,24.5,0
972,2017,4,71,grosjean,haas,19,20.0,12.738317757009346,14.0,12.738317757009346,12.612903225806452,1.4922464055202036,13.923181782177783,-1.1223866400917806,1.0,0.0,24.5,0
972,2017,4,71,alonso,mclaren,15,20.0,7.581227436823105,7.666666666666667,7.454198473282442,8.646341463414634,1.7564164636088433,12.38497677068319,0.3359938340335501,1.0,0.0,24.5,0
973,2017,5,4,hamilton,mercedes,1,37.0,5.708333333333333,7.4,5.716577540106952,5.935251798561152,36.64669372523535,2.597733166319975,-0.3276413908164517,5.0,0.0,47.785714285714285,1
973,2017,5,4,vettel,ferrari,2,37.0,6.256830601092896,5.555555555555555,6.145251396648045,6.240601503759399,26.495292671473845,3.495682279361271,0.4479452692212031,5.0,0.0,47.785714285714285,0
973,2017,5,4,ricciardo,red_bull,6,37.0,10.061946902654867,7.4,10.061946902654867,10.375,17.983600896173538,8.02424541737197,-4.113171591000392,5.0,0.0,47.785714285714285,0
973,2017,5,4,perez,force_india,8,37.0,10.833333333333334,11.166666666666666,10.833333333333334,11.290697674418604,9.055762354436334,7.301681978889051,3.200094790496612,5.0,0.0,47.785714285714285,0
973,2017,5,4,ocon,force_india,10,37.0,14.615384615384617,14.615384615384617,14.615384615384617,14.125,9.055762354436334,11.9688039994297,4.21519193318704,5.0,0.0,47.785714285714285,0
973,2017,5,4,hulkenberg,renault,13,37.0,11.363636363636363,14.333333333333334,11.363636363636363,11.244186046511627,1.104532439012846,9.843847080030324,-2.042164234265498,5.0,0.0,47.785714285714285,0
973,2017,5,4,sainz,toro_rosso,12,37.0,12.136363636363637,7.5,12.136363636363637,12.413793103448276,2.678442385083907,11.58322708753026,1.700921944141354,5.0,0.0,47.785714285714285,0
973,2017,5,4,wehrlein,sauber,15,37.0,16.956521739130434,16.0,16.956521739130434,16.8,0.1412481122461432,16.140286715887314,0.8654277372066715,5.0,0.0,47.785714285714285,0
973,2017,5,4,kvyat,toro_rosso,19,37.0,12.396825396825395,11.333333333333334,12.396825396825395,12.023809523809524,2.678442385083907,13.619227573977373,-1.3675862736380415,5.0,0.0,47.785714285714285,0
973,2017,5,4,grosjean,haas,14,37.0,12.796296296296296,12.0,12.796296296296296,12.789473684210526,1.21911916038865,14.846239640320924,-0.918316341814287,5.0,0.0,47.785714285714285,0
973,2017,5,4,ericsson,sauber,16,37.0,15.5,15.333333333333334,15.5,15.78048780487805,0.1412481122461432,15.62553997888006,1.904992490478042,5.0,0.0,47.785714285714285,0
973,2017,5,4,alonso,mclaren,7,37.0,7.625899280575539,6.666666666666667,7.501901140684411,7.133333333333334,1.4370680156799625,13.769526448740791,-0.6341868630634597,5.0,0.0,47.785714285714285,0
973,2017,5,4,massa,williams,9,37.0,8.90234375,7.928571428571429,8.922131147540984,9.0,4.225117787391612,10.002928111208552,-1.6018861104792308,5.0,0.0,47.785714285714285,0
973,2017,5,4,kevin_magnussen,haas,11,37.0,12.77777777777778,13.0,12.77777777777778,12.870967741935484,1.21911916038865,14.919031829861906,1.0826683163755124,5.0,0.0,47.785714285714285,0
973,2017,5,4,jolyon_palmer,renault,17,37.0,15.96,13.0,15.96,15.294117647058824,1.104532439012846,15.64732294903425,0.6420232753396096,5.0,0.0,47.785714285714285,0
973,2017,5,4,stroll,williams,18,37.0,16.0,16.0,16.0,17.666666666666668,4.225117787391612,15.504455445544554,-2.8314356435643564,5.0,0.0,47.785714285714285,0
973,2017,5,4,bottas,mercedes,3,37.0,9.24390243902439,7.5,9.24390243902439,9.232142857142858,36.64669372523535,7.150062992010427,-1.61516767005668,5.0,0.0,47.785714285714285,0
973,2017,5,4,vandoorne,mclaren,20,37.0,15.0,15.0,15.0,15.25,1.4370680156799625,15.506146938295329,1.484735593419737,5.0,0.0,47.785714285714285,0
973,2017,5,4,max_verstappen,red_bull,5,37.0,8.818181818181818,6.0,8.818181818181818,7.689655172413793,17.983600896173538,7.118611197538095,-0.5262153013923085,5.0,0.0,47.785714285714285,0
973,2017,5,4,raikkonen,ferrari,4,37.0,7.832684824902723,8.357142857142858,7.925,7.655367231638418,26.495292671473845,6.232861929735437,-1.9519833486445333,5.0,0.0,47.785714285714285,0
974,2017,6,6,vettel,ferrari,2,28.0,6.233695652173913,6.444444444444445,6.122222222222222,6.3,24.950694003933144,3.2237400467501303,0.3665006748173479,3.0,0.0,31.615384615384617,1
974,2017,6,6,raikkonen,ferrari,1,28.0,7.87984496124031,10.214285714285714,7.975103734439834,8.225,24.950694003933144,8.735977942510814,-4.50616819434553,3.0,0.0,31.615384615384617,0
974,2017,6,6,ricciardo,red_bull,5,28.0,10.0,9.0,10.0,9.303030303030305,17.441128005960167,7.1107462504709975,-2.8198676652137875,3.0,0.0,31.615384615384617,0
974,2017,6,6,bottas,mercedes,3,28.0,9.337349397590362,13.5,9.337349397590362,9.26923076923077,34.529113047918734,8.940960734444664,-3.86695549795154,3.0,0.0,31.615384615384617,0
974,2017,6,6,max_verstappen,red_bull,4,28.0,9.044444444444444,18.0,9.044444444444444,11.0,17.441128005960167,9.279122408380047,-2.976287711090816,3.0,0.0,31.615384615384617,0
974,2017,6,6,sainz,toro_rosso,6,28.0,12.022222222222222,9.0,12.022222222222222,11.6,3.645998315068652,10.749813277993796,2.300826150933103,3.0,0.0,31.615384615384617,0
974,2017,6,6,hamilton,mercedes,13,28.0,5.683937823834197,4.1,5.691489361702128,5.113207547169812,34.529113047918734,2.3072362269890703,-0.268070228849824,3.0,0.0,31.615384615384617,0
974,2017,6,6,grosjean,haas,8,28.0,12.770642201834862,14.8,12.770642201834862,12.8125,1.1790621560123071,13.96510515998353,-0.0240770066557674,3.0,0.0,31.615384615384617,0
974,2017,6,6,massa,williams,14,28.0,8.918287937743191,9.357142857142858,8.938775510204081,8.662162162162161,3.4569145533204098,10.547850272806995,-2.0379068176648256,3.0,0.0,31.615384615384617,0
974,2017,6,6,kevin_magnussen,haas,11,28.0,12.804347826086955,14.5,12.804347826086955,12.571428571428571,1.1790621560123071,14.751918761500972,0.3402922557422331,3.0,0.0,31.615384615384617,0
974,2017,6,6,jolyon_palmer,renault,16,28.0,15.923076923076923,22.0,15.923076923076923,17.375,2.358253813737784,15.528986340969578,0.8902739509364398,3.0,0.0,31.615384615384617,0
974,2017,6,6,ocon,force_india,15,28.0,13.928571428571429,13.928571428571429,13.928571428571429,15.4,11.409260108175184,10.620526114951966,4.367031382270445,3.0,0.0,31.615384615384617,0
974,2017,6,6,perez,force_india,7,28.0,10.776859504132233,13.666666666666666,10.776859504132233,9.676470588235292,11.409260108175184,6.70137616452848,3.3455321013195545,3.0,0.0,31.615384615384617,0
974,2017,6,6,kvyat,toro_rosso,9,28.0,12.34375,14.333333333333334,12.34375,13.142857142857142,3.645998315068652,12.779365793826836,0.6992530606214377,3.0,0.0,31.615384615384617,0
974,2017,6,6,stroll,williams,17,28.0,16.0,16.0,16.0,11.0,3.4569145533204098,15.646712809552753,-1.444461873296602,3.0,0.0,31.615384615384617,0
974,2017,6,6,vandoorne,mclaren,12,28.0,15.5,15.5,15.5,14.0,1.1757829219199691,16.15388672063994,1.6185675579782604,3.0,0.0,31.615384615384617,0
974,2017,6,6,ericsson,sauber,19,28.0,15.42622950819672,13.333333333333334,15.42622950819672,14.894736842105264,0.8428393645650266,14.78452864891668,2.4677238458905078,3.0,0.0,31.615384615384617,0
974,2017,6,6,button,mclaren,20,28.0,9.668831168831169,10.6875,9.501730103806228,10.623655913978494,1.1757829219199691,14.865215215052537,-0.7002980664632098,3.0,0.0,31.615384615384617,0
974,2017,6,6,wehrlein,sauber,18,28.0,16.583333333333332,14.0,16.583333333333332,17.25,0.8428393645650266,14.6481507677087,1.989910954996572,3.0,0.0,31.615384615384617,0
974,2017,6,6,hulkenberg,renault,10,28.0,11.31967213114754,10.833333333333334,11.31967213114754,11.657142857142857,2.358253813737784,9.144965792735787,-0.3981343734516181,3.0,0.0,31.615384615384617,0
975,2017,7,7,hamilton,mercedes,1,21.0,5.690721649484536,7.555555555555555,5.698412698412699,5.148148148148148,31.523819766477697,3.1604660039001486,0.8715789036683265,3.0,0.0,34.833333333333336,1
975,2017,7,7,bottas,mercedes,3,21.0,9.273809523809524,6.75,9.273809523809524,9.074074074074074,31.523819766477697,8.04260419433568,-3.345690837046347,3.0,0.0,34.833333333333336,0
975,2017,7,7,ricciardo,red_bull,6,21.0,9.939130434782609,10.0,9.939130434782609,9.117647058823527,18.815468368512864,6.363337841223448,-1.943528089637118,3.0,0.0,34.833333333333336,0
975,2017,7,7,vettel,ferrari,2,21.0,6.205405405405405,3.625,6.093922651933702,6.196078431372549,28.232386003218025,2.8194236746137427,0.4816823703051029,3.0,0.0,34.833333333333336,0
975,2017,7,7,perez,force_india,8,21.0,10.795081967213116,9.2,10.795081967213116,9.771428571428572,9.33484917941606,7.846580498277277,1.6463444464945596,3.0,0.0,34.833333333333336,0
975,2017,7,7,ocon,force_india,9,21.0,13.8,13.8,13.8,14.833333333333334,9.33484917941606,10.884342726430848,4.105594329373049,3.0,0.0,34.833333333333336,0
975,2017,7,7,raikkonen,ferrari,4,21.0,7.857142857142857,6.384615384615385,7.950413223140496,8.148148148148149,28.232386003218025,7.511254680236121,-3.868683068100888,3.0,0.0,34.833333333333336,0
975,2017,7,7,hulkenberg,renault,10,21.0,11.390243902439025,11.166666666666666,11.390243902439025,11.88888888888889,1.9294803930581863,11.118608375912387,-2.1439281237664485,3.0,0.0,34.833333333333336,0
975,2017,7,7,stroll,williams,17,21.0,15.833333333333334,15.833333333333334,15.833333333333334,13.0,3.192020998171244,15.478739154275392,-0.5498161468245005,3.0,0.0,34.833333333333336,0
975,2017,7,7,grosjean,haas,14,21.0,12.727272727272728,10.8,12.727272727272728,12.666666666666666,1.876873287965205,12.88054058516005,-0.0196993690808572,3.0,0.0,34.833333333333336,0
975,2017,7,7,jolyon_palmer,renault,15,21.0,15.74074074074074,21.0,15.74074074074074,16.666666666666668,1.9294803930581863,14.701865562189022,1.6408259628792412,3.0,0.0,34.833333333333336,0
975,2017,7,7,kevin_magnussen,haas,18,21.0,12.74468085106383,12.5,12.74468085106383,12.4,1.876873287965205,13.887864272075754,0.4602487336923012,3.0,0.0,34.833333333333336,0
975,2017,7,7,ericsson,sauber,19,21.0,15.451612903225806,16.333333333333332,15.451612903225806,15.0,0.6895958437350217,15.187343213295575,2.3826828106544244,3.0,0.0,34.833333333333336,0
975,2017,7,7,vandoorne,mclaren,16,21.0,15.571428571428571,15.571428571428571,15.571428571428571,15.0,0.9620042088436108,16.116806202743952,0.2647184797923749,3.0,0.0,34.833333333333336,0
975,2017,7,7,wehrlein,sauber,20,21.0,16.68,17.0,16.68,17.444444444444443,0.6895958437350217,15.444673773324006,1.4426647768144991,3.0,0.0,34.833333333333336,0
975,2017,7,7,alonso,mclaren,12,21.0,7.641577060931899,10.428571428571429,7.518939393939394,8.783132530120483,0.9620042088436108,13.447794367151555,-1.4279710697791947,3.0,0.0,34.833333333333336,0
975,2017,7,7,kvyat,toro_rosso,11,21.0,12.36923076923077,12.333333333333334,12.36923076923077,13.181818181818182,4.43763498505617,13.00129976610278,-0.3369770108878959,3.0,0.0,34.833333333333336,0
975,2017,7,7,max_verstappen,red_bull,5,21.0,8.956521739130435,9.5,8.956521739130435,10.625,18.815468368512864,8.501023922211331,-2.616927466284043,3.0,0.0,34.833333333333336,0
975,2017,7,7,massa,williams,7,21.0,8.918604651162791,10.153846153846152,8.939024390243903,8.666666666666666,3.192020998171244,10.266422950478452,-0.7582873962712202,3.0,0.0,34.833333333333336,0
975,2017,7,7,sainz,toro_rosso,13,21.0,11.891304347826088,10.5,11.891304347826088,11.25,4.43763498505617,9.886126248626908,1.882453135598824,3.0,0.0,34.833333333333336,0
976,2017,8,73,ricciardo,red_bull,10,63.0,9.879310344827584,7.0,9.879310344827584,10.283950617283953,18.12174684696507,5.751821870044379,-1.0447048005423232,4.0,0.0,36.125,1
976,2017,8,73,bottas,mercedes,2,63.0,9.188235294117646,6.0,9.188235294117646,9.36842105263158,33.6103979907552,6.943948843311455,-2.555565199412587,4.0,0.0,36.125,0
976,2017,8,73,stroll,williams,8,63.0,14.857142857142858,14.857142857142858,14.857142857142858,17.25,2.975289907594654,13.91762327530593,1.5103460901856496,4.0,0.0,36.125,0
976,2017,8,73,vettel,ferrari,4,63.0,6.193548387096774,2.0,6.082417582417582,6.208955223880597,26.37195218445111,3.034073915593062,0.0304673938859929,4.0,0.0,36.125,0
976,2017,8,73,hamilton,mercedes,1,63.0,5.666666666666667,5.0,5.673684210526316,5.9,33.6103979907552,2.7676540031910304,0.713110012092267,4.0,0.0,36.125,0
976,2017,8,73,ocon,force_india,7,63.0,13.3125,13.3125,13.3125,13.11111111111111,10.91033114679496,9.958962494513973,3.896130089407885,4.0,0.0,36.125,0
976,2017,8,73,kevin_magnussen,haas,12,63.0,12.729166666666666,14.0,12.729166666666666,12.90625,1.716861085935261,13.5445937098793,1.4675422980347526,4.0,0.0,36.125,0
976,2017,8,73,sainz,toro_rosso,15,63.0,12.063829787234043,21.0,12.063829787234043,12.233333333333333,3.630792260500502,11.725159796749573,0.2673321930642321,4.0,0.0,36.125,0
976,2017,8,73,alonso,mclaren,19,63.0,7.671428571428572,19.0,7.550943396226415,7.158163265306122,0.787094352690227,13.911831754942185,-1.8956126934557047,4.0,0.0,36.125,0
976,2017,8,73,wehrlein,sauber,14,63.0,16.615384615384617,20.0,16.615384615384617,16.25,0.5642147812377449,15.363383304464548,2.0929784798723,4.0,0.0,36.125,0
976,2017,8,73,ericsson,sauber,17,63.0,15.412698412698411,17.0,15.412698412698411,15.666666666666666,0.5642147812377449,14.789643161675247,3.040378971085671,4.0,0.0,36.125,0
976,2017,8,73,vandoorne,mclaren,18,63.0,15.375,15.375,15.375,15.8,0.787094352690227,15.635222590153557,0.6595033884343061,4.0,0.0,36.125,0
976,2017,8,73,grosjean,haas,16,63.0,12.702702702702704,13.0,12.702702702702704,12.753246753246753,1.716861085935261,12.35680593320174,0.7111550618160563,4.0,0.0,36.125,0
976,2017,8,73,raikkonen,ferrari,3,63.0,7.8538461538461535,4.0,7.946502057613169,7.724719101123595,26.37195218445111,7.418299283829553,-3.710740692082544,4.0,0.0,36.125,0
976,2017,8,73,perez,force_india,6,63.0,10.747967479674797,3.0,10.747967479674797,11.20689655172414,10.91033114679496,7.329020407671535,1.892463638045699,4.0,0.0,36.125,0
976,2017,8,73,massa,williams,9,63.0,8.957528957528957,10.0,8.979757085020243,9.021857923497269,2.975289907594654,11.85434605039146,-2.802235142403727,4.0,0.0,36.125,0
976,2017,8,73,hulkenberg,renault,13,63.0,11.362903225806452,9.0,11.362903225806452,11.183908045977011,2.305938503411244,10.551588671192194,-1.3904866467062424,4.0,0.0,36.125,0
976,2017,8,73,max_verstappen,red_bull,5,63.0,9.148936170212766,8.0,9.148936170212766,8.066666666666666,18.12174684696507,10.228248931075653,-4.504910171180102,4.0,0.0,36.125,0
976,2017,8,73,kvyat,toro_rosso,11,63.0,12.43939393939394,22.0,12.43939393939394,11.953488372093023,3.630792260500502,13.728337459463836,-1.3666193773130326,4.0,0.0,36.125,0
976,2017,8,73,jolyon_palmer,renault,20,63.0,15.571428571428571,15.0,15.571428571428571,15.27777777777778,2.305938503411244,14.026347595848389,2.071329021682128,4.0,0.0,36.125,0
977,2017,9,70,bottas,mercedes,1,20.0,9.104651162790695,5.666666666666667,9.104651162790695,9.241379310344827,32.59032562879942,6.04504902485798,-2.090916966471056,4.0,0.0,35.69230769230769,1
977,2017,9,70,vettel,ferrari,2,20.0,6.181818181818182,15.333333333333334,6.0710382513661205,6.192592592592592,23.75886996909636,3.209696840030688,0.0249278677249033,4.0,0.0,35.69230769230769,0
977,2017,9,70,ricciardo,red_bull,4,20.0,9.803418803418804,7.666666666666667,9.803418803418804,10.170731707317072,19.372338329335054,4.887854257254092,0.7816051633087914,4.0,0.0,35.69230769230769,0
977,2017,9,70,hamilton,mercedes,8,20.0,5.663265306122449,1.6666666666666667,5.670157068062827,5.893617021276596,32.59032562879942,3.1735350935199342,-0.1438190810154185,4.0,0.0,35.69230769230769,0
977,2017,9,70,raikkonen,ferrari,3,20.0,7.877394636015325,9.666666666666666,7.971311475409836,7.759776536312849,23.75886996909636,8.61497214131509,-5.036060566249355,4.0,0.0,35.69230769230769,0
977,2017,9,70,grosjean,haas,6,20.0,12.705357142857142,12.0,12.705357142857142,12.756410256410255,2.497932803023225,12.473750309003526,1.1273086870125926,4.0,0.0,35.69230769230769,0
977,2017,9,70,perez,force_india,7,20.0,10.78225806451613,10.666666666666666,10.78225806451613,11.25,10.381180029195876,8.723743969934846,-0.087984296175342,4.0,0.0,35.69230769230769,0
977,2017,9,70,ocon,force_india,9,20.0,12.882352941176473,12.882352941176473,12.882352941176473,12.4,10.381180029195876,9.21459064607011,3.351594062361967,4.0,0.0,35.69230769230769,0
977,2017,9,70,massa,williams,17,20.0,8.984615384615385,11.5,9.008064516129032,9.059782608695652,5.161600833486537,12.60810131395665,-3.565465116512141,4.0,0.0,35.69230769230769,0
977,2017,9,70,stroll,williams,18,20.0,13.375,13.375,13.375,14.4,5.161600833486537,11.433811365171042,2.3042591722619115,4.0,0.0,35.69230769230769,0
977,2017,9,70,jolyon_palmer,renault,16,20.0,15.724137931034482,12.0,15.724137931034482,15.526315789473683,1.886676957336472,15.115700762815695,1.693602184407072,4.0,0.0,35.69230769230769,0
977,2017,9,70,vandoorne,mclaren,13,20.0,15.0,15.0,15.0,15.166666666666666,1.007622652201095,14.844325366486368,1.8214085643462237,4.0,0.0,35.69230769230769,0
977,2017,9,70,hulkenberg,renault,11,20.0,11.408,11.333333333333334,11.408,11.25,1.886676957336472,11.724027094626768,-1.86494362003844,4.0,0.0,35.69230769230769,0
977,2017,9,70,wehrlein,sauber,20,20.0,16.37037037037037,10.0,16.37037037037037,15.882352941176473,0.6434484573763368,14.383878081506062,2.44125445293289,4.0,0.0,35.69230769230769,0
977,2017,9,70,ericsson,sauber,19,20.0,15.34375,15.333333333333334,15.34375,15.55813953488372,0.6434484573763368,14.100615309956016,3.578493308625153,4.0,0.0,35.69230769230769,0
977,2017,9,70,kvyat,toro_rosso,14,20.0,12.537313432835822,18.666666666666668,12.537313432835822,12.113636363636363,3.6979209404095017,14.686822946172432,-2.572690328511066,4.0,0.0,35.69230769230769,0
977,2017,9,70,sainz,toro_rosso,10,20.0,11.979166666666666,12.0,11.979166666666666,12.096774193548388,3.6979209404095017,11.047813593096995,1.491533899380575,4.0,0.0,35.69230769230769,0
977,2017,9,70,kevin_magnussen,haas,15,20.0,12.612244897959185,10.5,12.612244897959185,12.727272727272728,2.497932803023225,12.354603727312096,2.1098417998106296,4.0,0.0,35.69230769230769,0
977,2017,9,70,alonso,mclaren,12,20.0,7.676156583629893,14.8,7.556390977443609,7.16751269035533,1.007622652201095,13.018771435861783,0.267225978081697,4.0,0.0,35.69230769230769,0
977,2017,9,70,max_verstappen,red_bull,5,20.0,9.333333333333334,5.0,9.333333333333334,8.387096774193548,19.372338329335054,11.64138725788302,-6.049573261944583,4.0,0.0,35.69230769230769,0
978,2017,10,9,hamilton,mercedes,1,27.0,5.654822335025381,4.1,5.661458333333333,5.880281690140845,33.39208460538153,3.323801440152674,0.6096025700782944,4.0,0.0,37.266666666666666,1
978,2017,10,9,bottas,mercedes,9,27.0,9.011494252873565,8.25,9.011494252873565,9.101694915254235,33.39208460538153,5.127767359962208,-1.7107502353425357,4.0,0.0,37.266666666666666,0
978,2017,10,9,raikkonen,ferrari,2,27.0,7.866412213740458,6.285714285714286,7.959183673469388,7.7444444444444445,24.52998452016975,7.957704479257799,-4.4840495542040175,4.0,0.0,37.266666666666666,0
978,2017,10,9,max_verstappen,red_bull,4,27.0,9.551020408163266,9.0,9.551020408163266,8.75,18.57736772400141,13.161216581476165,-7.677010904392832,4.0,0.0,37.266666666666666,0
978,2017,10,9,ricciardo,red_bull,19,27.0,9.745762711864408,10.333333333333334,9.745762711864408,10.08433734939759,18.57736772400141,4.5446080286445785,0.8213133154365319,4.0,0.0,37.266666666666666,0
978,2017,10,9,hulkenberg,renault,5,27.0,11.42063492063492,9.0,11.42063492063492,11.269662921348315,1.5436447832752946,11.956022168333416,-1.8894993254862529,4.0,0.0,37.266666666666666,0
978,2017,10,9,vettel,ferrari,3,27.0,6.159574468085107,7.777777777777778,6.048913043478261,6.161764705882353,24.52998452016975,2.9897519600251075,0.0203955281385572,4.0,0.0,37.266666666666666,0
978,2017,10,9,ocon,force_india,7,27.0,12.61111111111111,12.61111111111111,12.61111111111111,12.0,10.31187456934208,8.987628961956656,2.912168853159373,4.0,0.0,37.266666666666666,0
978,2017,10,9,perez,force_india,6,27.0,10.752,12.5,10.752,11.202247191011235,10.31187456934208,8.410335975397235,-0.0719871514159846,4.0,0.0,37.266666666666666,0
978,2017,10,9,massa,williams,14,27.0,8.984674329501916,8.642857142857142,9.008032128514056,9.05945945945946,4.768582500125349,11.95208289323726,-1.4626532771462957,4.0,0.0,37.266666666666666,0
978,2017,10,9,vandoorne,mclaren,8,27.0,14.7,14.7,14.7,14.714285714285714,0.8244185336190775,14.246857288016225,1.6488666314290672,4.0,0.0,37.266666666666666,0
978,2017,10,9,kevin_magnussen,haas,16,27.0,12.72,12.0,12.72,12.882352941176473,3.500744864527113,13.381084478530171,1.1807388642645655,4.0,0.0,37.266666666666666,0
978,2017,10,9,grosjean,haas,10,27.0,12.646017699115044,14.8,12.646017699115044,12.670886075949369,3.500744864527113,11.296704798108571,0.9223434711630334,4.0,0.0,37.266666666666666,0
978,2017,10,9,ericsson,sauber,18,27.0,15.33846153846154,17.0,15.33846153846154,15.545454545454543,0.5264578287624574,14.264140152907464,3.6551310547120752,4.0,0.0,37.266666666666666,0
978,2017,10,9,kvyat,toro_rosso,12,27.0,12.588235294117649,8.333333333333334,12.588235294117649,12.2,3.0255716785168647,14.925582693480427,-2.468564690827641,4.0,0.0,37.266666666666666,0
978,2017,10,9,stroll,williams,15,27.0,13.0,13.0,13.0,13.666666666666666,4.768582500125349,11.121864187287684,3.543453058101961,4.0,0.0,37.266666666666666,0
978,2017,10,9,wehrlein,sauber,17,27.0,16.285714285714285,22.0,16.285714285714285,15.77777777777778,0.5264578287624574,14.313827849647188,3.0906558194311944,4.0,0.0,37.266666666666666,0
978,2017,10,9,alonso,mclaren,20,27.0,7.716312056737588,7.866666666666666,7.599250936329588,7.227272727272727,0.8244185336190775,14.10626753843237,-1.054087836114976,4.0,0.0,37.266666666666666,0
978,2017,10,9,sainz,toro_rosso,13,27.0,12.081632653061224,11.0,12.081632653061224,12.25,3.0255716785168647,12.130087377013504,-0.052464204220432,4.0,0.0,37.266666666666666,0
978,2017,10,9,jolyon_palmer,renault,11,27.0,15.566666666666666,18.0,15.566666666666666,15.3,1.5436447832752946,14.365569181587436,2.296229431749412,4.0,0.0,37.266666666666666,0
979,2017,11,11,vettel,ferrari,1,21.0,6.164021164021164,7.7,6.054054054054054,6.1678832116788325,23.88816915286616,3.71888796729327,-0.7105854769775445,5.0,0.0,47.642857142857146,1
979,2017,11,11,raikkonen,ferrari,2,21.0,7.847908745247148,6.428571428571429,7.939024390243903,7.718232044198895,23.88816915286616,7.05630366484729,-3.850585998894196,5.0,0.0,47.642857142857146,0
979,2017,11,11,bottas,mercedes,3,21.0,8.931818181818182,12.5,8.931818181818182,8.983333333333333,35.138978313494306,4.559082373243371,-0.1269774313585709,5.0,0.0,47.642857142857146,0
979,2017,11,11,hamilton,mercedes,4,21.0,5.631313131313132,4.3,5.637305699481865,5.846153846153846,35.138978313494306,2.9012920873976418,0.4987657391549681,5.0,0.0,47.642857142857146,0
979,2017,11,11,max_verstappen,red_bull,5,21.0,9.44,4.5,9.44,8.606060606060606,19.1996645014557,11.495467708519229,-6.281129456995603,5.0,0.0,47.642857142857146,0
979,2017,11,11,alonso,mclaren,7,21.0,7.752650176678445,6.8,7.638059701492537,7.28140703517588,0.674524254779245,14.81421889508103,-0.4987991386395254,5.0,0.0,47.642857142857146,0
979,2017,11,11,sainz,toro_rosso,9,21.0,12.22,12.5,12.22,12.454545454545457,2.475467736968344,13.379217239546286,-1.1338818260593082,5.0,0.0,47.642857142857146,0
979,2017,11,11,perez,force_india,13,21.0,10.738095238095235,14.5,10.738095238095235,11.177777777777775,9.527897374916249,8.517547616235221,-0.6043531238913685,5.0,0.0,47.642857142857146,0
979,2017,11,11,ocon,force_india,11,21.0,12.36842105263158,12.36842105263158,12.36842105263158,11.666666666666666,9.527897374916249,8.80400424799006,2.1847996544805417,5.0,0.0,47.642857142857146,0
979,2017,11,11,vandoorne,mclaren,8,21.0,14.363636363636363,14.363636363636363,14.363636363636363,14.25,0.674524254779245,13.583564936095213,0.6991612984879623,5.0,0.0,47.642857142857146,0
979,2017,11,11,kvyat,toro_rosso,16,21.0,12.623188405797102,10.666666666666666,12.623188405797102,12.26086956521739,2.475467736968344,14.939113125968095,-2.5651893861924138,5.0,0.0,47.642857142857146,0
979,2017,11,11,jolyon_palmer,renault,10,21.0,15.709677419354838,12.0,15.709677419354838,15.523809523809524,2.7175275499525147,15.392051457865016,0.2382790062044202,5.0,0.0,47.642857142857146,0
979,2017,11,11,kevin_magnussen,haas,15,21.0,12.705882352941176,13.5,12.705882352941176,12.857142857142858,2.862978127652126,13.129969189547491,1.6933502112339356,5.0,0.0,47.642857142857146,0
979,2017,11,11,stroll,williams,17,21.0,13.3,13.3,13.3,14.0,4.083385681920739,12.146546688410249,2.589072732901399,5.0,0.0,47.642857142857146,0
979,2017,11,11,wehrlein,sauber,18,21.0,16.310344827586206,19.0,16.310344827586206,15.842105263157896,0.4307382235329196,14.803677265219568,2.5270449031744304,5.0,0.0,47.642857142857146,0
979,2017,11,11,ericsson,sauber,20,21.0,15.318181818181818,17.333333333333332,15.318181818181818,15.511111111111113,0.4307382235329196,14.21611458553286,3.717834610324601,5.0,0.0,47.642857142857146,0
979,2017,11,11,hulkenberg,renault,12,21.0,11.377952755905511,13.0,11.377952755905511,11.21111111111111,2.7175275499525147,10.873109046808992,-1.7277721753964606,5.0,0.0,47.642857142857146,0
979,2017,11,11,resta,williams,19,21.0,11.741379310344827,12.333333333333334,11.741379310344827,11.909090909090908,4.083385681920739,12.909585013162886,-0.4199341058235223,5.0,0.0,47.642857142857146,0
979,2017,11,11,grosjean,haas,14,21.0,12.649122807017545,10.2,12.649122807017545,12.675,2.862978127652126,11.606394834852065,0.2091901126869482,5.0,0.0,47.642857142857146,0
979,2017,11,11,ricciardo,red_bull,6,21.0,9.705882352941176,8.833333333333334,9.705882352941176,10.023809523809524,19.1996645014557,4.627406568894544,3.217438167277354,5.0,0.0,47.642857142857146,0
980,2017,12,13,hamilton,mercedes,1,40.0,5.623115577889447,9.8,5.628865979381444,5.833333333333333,33.65916407467693,3.1010571624162524,0.4080810593086102,4.0,0.0,38.07692307692308,1
980,2017,12,13,vettel,ferrari,2,40.0,6.136842105263158,7.1,6.026881720430108,6.130434782608695,27.36304748870868,3.224544700512675,-0.5813881175270817,4.0,0.0,38.07692307692308,0
980,2017,12,13,ricciardo,red_bull,6,40.0,9.791666666666666,10.166666666666666,9.791666666666666,10.141176470588237,17.526998228463754,7.422423556465621,0.0869948640269763,4.0,0.0,38.07692307692308,0
980,2017,12,13,raikkonen,ferrari,4,40.0,7.825757575757576,8.416666666666666,7.91497975708502,7.686813186813187,27.36304748870868,6.136975725784146,-3.150479453640705,4.0,0.0,38.07692307692308,0
980,2017,12,13,bottas,mercedes,3,40.0,8.865168539325843,8.75,8.865168539325843,8.885245901639344,33.65916407467693,4.275612845867952,-0.1038906252524383,4.0,0.0,38.07692307692308,0
980,2017,12,13,hulkenberg,renault,7,40.0,11.421875,10.833333333333334,11.421875,11.274725274725276,2.22343163177933,11.98708922012424,-2.322722688964902,4.0,0.0,38.07692307692308,0
980,2017,12,13,grosjean,haas,11,40.0,12.704347826086956,14.333333333333334,12.704347826086956,12.753086419753089,2.341588726585269,12.95068668318849,-0.7379353624370207,4.0,0.0,38.07692307692308,0
980,2017,12,13,massa,williams,16,40.0,8.988549618320612,7.083333333333333,9.012,9.064516129032258,3.3409519215715133,11.597158730830484,-0.4694435903924231,4.0,0.0,38.07692307692308,0
980,2017,12,13,ocon,force_india,9,40.0,12.2,16.0,12.2,11.461538461538462,8.886461488567837,8.840295683387847,2.1505813377398098,4.0,0.0,38.07692307692308,0
980,2017,12,13,sainz,toro_rosso,13,40.0,12.117647058823527,18.5,12.117647058823527,12.294117647058824,3.116291784792282,12.219317895592456,-0.5640646623576464,4.0,0.0,38.07692307692308,0
980,2017,12,13,stroll,williams,15,40.0,13.363636363636363,13.363636363636363,13.363636363636363,14.0,3.3409519215715133,12.525184028202686,2.673020036180884,4.0,0.0,38.07692307692308,0
980,2017,12,13,kvyat,toro_rosso,19,40.0,12.6,9.0,12.6,12.23404255319149,3.116291784792282,14.222910171198905,-1.1896993155821785,4.0,0.0,38.07692307692308,0
980,2017,12,13,jolyon_palmer,renault,14,40.0,15.59375,15.0,15.59375,15.363636363636363,2.22343163177933,14.774310211111386,-0.1693437203521701,4.0,0.0,38.07692307692308,0
980,2017,12,13,vandoorne,mclaren,20,40.0,14.0,14.0,14.0,13.77777777777778,2.188247117546656,12.86757522051507,0.159873811063463,4.0,0.0,38.07692307692308,0
980,2017,12,13,kevin_magnussen,haas,12,40.0,12.711538461538462,15.0,12.711538461538462,12.86111111111111,2.341588726585269,13.106337733297035,1.7491063569225176,4.0,0.0,38.07692307692308,0
980,2017,12,13,ericsson,sauber,17,40.0,15.328358208955224,15.333333333333334,15.328358208955224,15.521739130434783,0.3524221828905705,14.540457857995818,3.769137482762986,4.0,0.0,38.07692307692308,0
980,2017,12,13,perez,force_india,8,40.0,10.716535433070868,11.666666666666666,10.716535433070868,11.142857142857142,8.886461488567837,8.423448049646195,0.4146201713703194,4.0,0.0,38.07692307692308,0
980,2017,12,13,alonso,mclaren,10,40.0,7.746478873239437,10.615384615384617,7.631970260223048,7.275,2.188247117546656,13.211633641429932,-0.2262902043414297,4.0,0.0,38.07692307692308,0
980,2017,12,13,max_verstappen,red_bull,5,40.0,9.352941176470589,9.5,9.352941176470589,8.5,17.526998228463754,10.31443115640448,-5.139064895956071,4.0,0.0,38.07692307692308,0
980,2017,12,13,wehrlein,sauber,18,40.0,16.266666666666666,22.0,16.266666666666666,15.8,0.3524221828905705,14.839459235765732,2.6132461542073195,4.0,0.0,38.07692307692308,0
981,2017,13,14,hamilton,mercedes,1,21.0,5.6,6.2,5.605128205128205,5.072727272727272,33.9029524247357,2.7190467692496605,0.333884503070681,2.0,0.0,27.714285714285715,1
981,2017,13,14,bottas,mercedes,4,21.0,8.822222222222223,7.25,8.822222222222223,8.821428571428571,33.9029524247357,4.407319603053081,-0.4486377892403845,2.0,0.0,27.714285714285715,0
981,2017,13,14,vettel,ferrari,6,21.0,6.115183246073299,6.6,6.005347593582887,6.153846153846154,27.842493399852557,3.0019002095103704,-0.4756811870676122,2.0,0.0,27.714285714285715,0
981,2017,13,14,ricciardo,red_bull,16,21.0,9.735537190082646,8.833333333333334,9.735537190082646,8.942857142857143,17.067544005106708,6.6183465461762285,0.6166321614917114,2.0,0.0,27.714285714285715,0
981,2017,13,14,raikkonen,ferrari,5,21.0,7.811320754716981,7.142857142857143,7.899193548387097,8.134146341463415,27.842493399852557,5.748434684732483,-2.5776650075242125,2.0,0.0,27.714285714285715,0
981,2017,13,14,ocon,force_india,3,21.0,12.047619047619047,18.0,12.047619047619047,13.571428571428571,7.634377581555503,8.869768614210907,1.7536982957460363,2.0,0.0,27.714285714285715,0
981,2017,13,14,stroll,williams,2,21.0,13.166666666666666,13.166666666666666,13.166666666666666,11.666666666666666,3.460778844922147,12.220455050764336,2.93814820430909,2.0,0.0,27.714285714285715,0
981,2017,13,14,massa,williams,7,21.0,8.984790874524714,8.153846153846153,9.00796812749004,8.802631578947368,3.460778844922147,10.943129870679488,1.070455244224382,2.0,0.0,27.714285714285715,0
981,2017,13,14,perez,force_india,10,21.0,10.765625,8.666666666666666,10.765625,9.63888888888889,7.634377581555503,9.982821131539612,-1.2971289507089854,2.0,0.0,27.714285714285715,0
981,2017,13,14,max_verstappen,red_bull,13,21.0,9.538461538461538,9.5,9.538461538461538,11.058823529411764,17.067544005106708,11.893671904556973,-6.7501913558377895,2.0,0.0,27.714285714285715,0
981,2017,13,14,kevin_magnussen,haas,9,21.0,12.754716981132075,13.5,12.754716981132075,12.375,3.007640654585517,13.45064824285608,0.8856117103564966,2.0,0.0,27.714285714285715,0
981,2017,13,14,kvyat,toro_rosso,8,21.0,12.591549295774648,13.333333333333334,12.591549295774648,13.347826086956522,2.7315114602845942,13.818744423166732,0.2993378902063079,2.0,0.0,27.714285714285715,0
981,2017,13,14,hulkenberg,renault,14,21.0,11.37984496124031,10.333333333333334,11.37984496124031,11.783783783783784,3.2737167896376342,10.898527543731785,-1.7185912909678258,2.0,0.0,27.714285714285715,0
981,2017,13,14,sainz,toro_rosso,15,21.0,12.076923076923077,13.0,12.076923076923077,11.764705882352942,2.7315114602845942,11.815793691601142,0.0839661396773688,2.0,0.0,27.714285714285715,0
981,2017,13,14,grosjean,haas,20,21.0,12.655172413793103,13.8,12.655172413793103,12.588235294117649,3.007640654585517,11.868743649797391,0.1235074308003055,2.0,0.0,27.714285714285715,0
981,2017,13,14,wehrlein,sauber,12,21.0,16.387096774193548,20.0,16.387096774193548,17.2,0.2883454223650122,15.779608081534482,1.7728036026855534,2.0,0.0,27.714285714285715,0
981,2017,13,14,alonso,mclaren,19,21.0,7.782456140350877,8.666666666666666,7.67037037037037,8.869047619047619,1.7903840052654456,14.082245706624493,-1.6396919853702616,2.0,0.0,27.714285714285715,0
981,2017,13,14,ericsson,sauber,11,21.0,15.338235294117649,15.0,15.338235294117649,14.904761904761903,0.2883454223650122,14.805829471057868,3.265657343722717,2.0,0.0,27.714285714285715,0
981,2017,13,14,vandoorne,mclaren,18,21.0,14.0,14.0,14.0,14.666666666666666,1.7903840052654456,13.089835383824362,1.30611100404532,2.0,0.0,27.714285714285715,0
981,2017,13,14,jolyon_palmer,renault,17,21.0,15.515151515151516,21.0,15.515151515151516,16.1,3.2737167896376342,14.451278531876971,0.0435474996960831,2.0,0.0,27.714285714285715,0
982,2017,14,15,hamilton,mercedes,5,82.0,5.577114427860696,8.777777777777779,5.581632653061225,5.8,35.55696107478393,2.4064928112042674,0.2731782297851026,4.0,0.0,45.583333333333336,1
982,2017,14,15,ricciardo,red_bull,3,82.0,9.688524590163937,9.5,9.688524590163937,10.05813953488372,16.32799054963276,6.14228353776945,2.686335404905116,4.0,0.0,45.583333333333336,0
982,2017,14,15,bottas,mercedes,6,82.0,8.747252747252746,12.25,8.747252747252746,8.82258064516129,35.55696107478393,3.96962512463612,-0.0034309132466958,4.0,0.0,45.583333333333336,0
982,2017,14,15,sainz,toro_rosso,10,82.0,12.11320754716981,11.5,12.11320754716981,12.228571428571428,2.234873012960122,12.212931660842228,0.2505217556215799,4.0,0.0,45.583333333333336,0
982,2017,14,15,perez,force_india,12,82.0,10.751937984496124,8.333333333333334,10.751937984496124,11.206521739130435,8.064490748545412,9.804126380349569,-0.8794691414867795,4.0,0.0,45.583333333333336,0
982,2017,14,15,jolyon_palmer,renault,11,82.0,15.647058823529411,15.0,15.647058823529411,15.26086956521739,2.678495555158064,15.461236485907053,-0.5104278662410031,4.0,0.0,45.583333333333336,0
982,2017,14,15,vandoorne,mclaren,9,82.0,14.357142857142858,14.357142857142858,14.357142857142858,13.8,1.464859640671728,14.233294755943964,0.8599399729531121,4.0,0.0,45.583333333333336,0
982,2017,14,15,stroll,williams,18,82.0,12.692307692307692,12.692307692307692,12.692307692307692,13.666666666666666,4.649728145845394,11.195840247952052,1.3801338017404856,4.0,0.0,45.583333333333336,0
982,2017,14,15,grosjean,haas,15,82.0,12.675213675213676,16.0,12.675213675213676,12.682926829268292,2.460200921051657,12.438062986234074,1.010142443438455,4.0,0.0,45.583333333333336,0
982,2017,14,15,ocon,force_india,14,82.0,11.772727272727272,18.0,11.772727272727272,11.285714285714286,8.064490748545412,8.341603011754234,0.8788054866753175,4.0,0.0,45.583333333333336,0
982,2017,14,15,massa,williams,17,82.0,8.981060606060606,10.0,9.003968253968255,9.058823529411764,4.649728145845394,10.40801534873776,0.6940088361835851,4.0,0.0,45.583333333333336,0
982,2017,14,15,wehrlein,sauber,19,82.0,16.375,16.0,16.375,16.0,0.2359189819350099,15.81974461253304,0.7214932263296022,4.0,0.0,45.583333333333336,0
982,2017,14,15,kevin_magnussen,haas,16,82.0,12.72222222222222,10.0,12.72222222222222,12.91891891891892,2.460200921051657,13.005067068743564,0.3609447134989688,4.0,0.0,45.583333333333336,0
982,2017,14,15,hulkenberg,renault,7,82.0,11.392307692307693,13.833333333333334,11.392307692307693,11.217391304347826,2.678495555158064,11.280613444873248,-1.2243019653349974,4.0,0.0,45.583333333333336,0
982,2017,14,15,ericsson,sauber,20,82.0,15.376811594202898,14.333333333333334,15.376811594202898,15.53191489361702,0.2359189819350099,15.386588312209817,1.399172380386118,4.0,0.0,45.583333333333336,0
982,2017,14,15,kvyat,toro_rosso,13,82.0,12.583333333333334,9.666666666666666,12.583333333333334,12.229166666666666,2.234873012960122,13.488063443325462,-0.4823603231835024,4.0,0.0,45.583333333333336,0
982,2017,14,15,alonso,mclaren,8,82.0,7.814685314685315,4.666666666666667,7.704797047970479,7.328358208955223,1.464859640671728,14.61274648723822,-0.9779298062120318,4.0,0.0,45.583333333333336,0
982,2017,14,15,vettel,ferrari,1,82.0,6.098958333333333,2.4444444444444446,5.98936170212766,6.100719424460432,27.325676418061175,3.0015547168721213,0.1562608469446813,4.0,0.0,45.583333333333336,0
982,2017,14,15,max_verstappen,red_bull,2,82.0,9.547169811320757,7.0,9.547169811320757,8.8,16.32799054963276,11.549359642618697,-4.977386662489966,4.0,0.0,45.583333333333336,0
982,2017,14,15,raikkonen,ferrari,4,82.0,7.800751879699248,7.0,7.887550200803213,7.666666666666667,27.325676418061175,5.612355651144759,-2.10899864251981,4.0,0.0,45.583333333333336,0
983,2017,15,2,max_verstappen,red_bull,3,20.0,9.72222222222222,4.5,9.72222222222222,9.083333333333334,16.631992267881348,12.904048177788871,-7.16335936683256,5.0,0.0,53.85714285714285,1
983,2017,15,2,hamilton,mercedes,1,20.0,5.554455445544554,5.5,5.558375634517766,5.767123287671233,36.36478633391419,2.150766845530764,0.9507821880059936,5.0,0.0,53.85714285714285,0
983,2017,15,2,ricciardo,red_bull,4,20.0,9.626016260162602,11.4,9.626016260162602,9.96551724137931,16.631992267881348,5.389141076342455,2.3797289676437905,5.0,0.0,53.85714285714285,0
983,2017,15,2,vettel,ferrari,20,20.0,6.160621761658031,8.11111111111111,6.052910052910053,6.185714285714286,22.357371614777325,5.728544768349919,-2.9630593070452624,5.0,0.0,53.85714285714285,0
983,2017,15,2,bottas,mercedes,5,20.0,8.684782608695652,7.25,8.684782608695652,8.73015873015873,36.36478633391419,3.793329645737457,0.5426474398576372,5.0,0.0,53.85714285714285,0
983,2017,15,2,perez,force_india,9,20.0,10.707692307692309,12.166666666666666,10.707692307692309,11.13978494623656,8.598219703355337,8.930648856645556,0.5531616115175255,5.0,0.0,53.85714285714285,0
983,2017,15,2,vandoorne,mclaren,7,20.0,13.866666666666667,13.866666666666667,13.866666666666667,13.181818181818182,2.2894306150950507,12.849967870944866,1.0779700324402903,5.0,0.0,53.85714285714285,0
983,2017,15,2,stroll,williams,13,20.0,12.357142857142858,12.357142857142858,12.357142857142858,13.1,4.5315957556916855,10.577530315718311,3.0478482278057872,5.0,0.0,53.85714285714285,0
983,2017,15,2,massa,williams,11,20.0,8.988679245283018,8.571428571428571,9.01185770750988,9.069148936170214,4.5315957556916855,10.515648921694533,1.658734502332025,5.0,0.0,53.85714285714285,0
983,2017,15,2,ocon,force_india,6,20.0,11.695652173913045,16.0,11.695652173913045,11.2,8.598219703355337,8.646144073974918,1.4519685466798649,5.0,0.0,53.85714285714285,0
983,2017,15,2,alonso,mclaren,10,20.0,7.846689895470384,7.8,7.738970588235294,7.376237623762377,2.2894306150950507,15.046792580467637,-2.43648802326439,5.0,0.0,53.85714285714285,0
983,2017,15,2,kevin_magnussen,haas,17,20.0,12.727272727272728,14.5,12.727272727272728,12.921052631578949,2.376453430295562,13.004145768687453,0.8407806712456959,5.0,0.0,53.85714285714285,0
983,2017,15,2,grosjean,haas,16,20.0,12.64406779661017,14.6,12.64406779661017,12.63855421686747,2.376453430295562,11.812960625068078,1.9173892719513972,5.0,0.0,53.85714285714285,0
983,2017,15,2,gasly,toro_rosso,15,20.0,10.5,10.5,10.5,10.5,4.010350646967374,10.5,0.0,5.0,0.0,53.85714285714285,0
983,2017,15,2,jolyon_palmer,renault,12,20.0,15.371428571428572,10.0,15.371428571428572,14.875,3.6460418178565983,13.739478056275852,0.4923613192642264,5.0,0.0,53.85714285714285,0
983,2017,15,2,hulkenberg,renault,8,20.0,11.412213740458014,9.0,11.412213740458014,11.24731182795699,3.6460418178565983,11.775047363989096,-2.274428880732658,5.0,0.0,53.85714285714285,0
983,2017,15,2,wehrlein,sauber,18,20.0,16.242424242424242,15.0,16.242424242424242,15.818181818181818,0.1930246215831899,15.124320267508129,1.8645608666341649,5.0,0.0,53.85714285714285,0
983,2017,15,2,ericsson,sauber,19,20.0,15.371428571428572,15.0,15.371428571428572,15.520833333333334,0.1930246215831899,15.31629947240508,2.0538688306557917,5.0,0.0,53.85714285714285,0
983,2017,15,2,sainz,toro_rosso,14,20.0,11.962962962962964,9.5,11.962962962962964,12.0,4.010350646967374,10.719641980035574,1.295902003126551,5.0,0.0,53.85714285714285,0
983,2017,15,2,raikkonen,ferrari,22,20.0,7.846441947565543,9.928571428571429,7.936,7.733695652173913,22.357371614777325,8.228290987300259,-4.634635252970755,5.0,0.0,53.85714285714285,0
984,2017,16,22,hamilton,mercedes,1,22.0,5.536945812807882,5.375,5.540404040404041,5.741496598639456,34.84391609138423,2.123354691797898,0.5960945174594491,4.0,0.0,44.66666666666666,1
984,2017,16,22,max_verstappen,red_bull,4,22.0,9.563636363636364,5.5,9.563636363636364,8.864864864864865,20.880720946448378,10.739640941733692,-5.497267208607581,4.0,0.0,44.66666666666666,0
984,2017,16,22,ricciardo,red_bull,3,22.0,9.57258064516129,11.666666666666666,9.57258064516129,9.886363636363637,20.880720946448378,4.954751789727955,2.1288691553410035,4.0,0.0,44.66666666666666,0
984,2017,16,22,bottas,mercedes,6,22.0,8.64516129032258,9.5,8.64516129032258,8.671875,34.84391609138423,4.012724257326272,0.443984268199632,4.0,0.0,44.66666666666666,0
984,2017,16,22,raikkonen,ferrari,10,22.0,7.891791044776119,6.166666666666667,7.98406374501992,7.8,20.474213139363265,10.368601716882033,-7.428337934248802,4.0,0.0,44.66666666666666,0
984,2017,16,22,ocon,force_india,5,22.0,11.625,21.0,11.625,11.125,8.67127066638164,8.894309423229016,0.4526083839766289,4.0,0.0,44.66666666666666,0
984,2017,16,22,perez,force_india,7,22.0,10.67175572519084,12.333333333333334,10.67175572519084,11.085106382978724,8.67127066638164,8.397803609980686,0.9980413185160436,4.0,0.0,44.66666666666666,0
984,2017,16,22,kevin_magnussen,haas,12,22.0,12.714285714285714,14.0,12.714285714285714,12.897435897435898,1.944055867739068,12.821571406215648,1.5970123270543048,4.0,0.0,44.66666666666666,0
984,2017,16,22,grosjean,haas,13,22.0,12.647058823529411,11.833333333333334,12.647058823529411,12.642857142857142,1.944055867739068,12.02878596597398,2.1142275861504327,4.0,0.0,44.66666666666666,0
984,2017,16,22,massa,williams,8,22.0,8.988721804511279,10.272727272727272,9.011811023622048,9.068783068783068,4.798578345565924,10.240076390477345,1.7207827746352935,4.0,0.0,44.66666666666666,0
984,2017,16,22,alonso,mclaren,20,22.0,7.857638888888889,9.923076923076923,7.750915750915751,7.394088669950739,2.9640795941686786,14.3110121112917,-2.175308382670865,4.0,0.0,44.66666666666666,0
984,2017,16,22,jolyon_palmer,renault,18,22.0,15.36111111111111,12.0,15.36111111111111,14.88,2.983125123700853,13.968831011005332,-0.1430765575169832,4.0,0.0,44.66666666666666,0
984,2017,16,22,gasly,toro_rosso,14,22.0,14.0,14.0,14.0,14.0,3.2811959838823963,14.0,1.0,4.0,0.0,44.66666666666666,0
984,2017,16,22,vandoorne,mclaren,9,22.0,13.4375,13.4375,13.4375,12.666666666666666,2.9640795941686786,11.741641750456385,0.8737394502534486,4.0,0.0,44.66666666666666,0
984,2017,16,22,wehrlein,sauber,17,22.0,16.264705882352942,22.0,16.264705882352942,15.869565217391305,0.1579292358407917,15.465724620912082,1.7071966649858017,4.0,0.0,44.66666666666666,0
984,2017,16,22,stroll,williams,15,22.0,12.066666666666666,12.066666666666666,12.066666666666666,12.636363636363637,4.798578345565924,10.084592159188285,3.4211862599460887,4.0,0.0,44.66666666666666,0
984,2017,16,22,hulkenberg,renault,11,22.0,11.446969696969695,9.166666666666666,11.446969696969695,11.297872340425531,2.983125123700853,12.54322057053894,-3.315441811511802,4.0,0.0,44.66666666666666,0
984,2017,16,22,ericsson,sauber,16,22.0,15.408450704225352,15.333333333333334,15.408450704225352,15.571428571428571,0.1579292358407917,15.804245339621446,1.862256191607916,4.0,0.0,44.66666666666666,0
984,2017,16,22,vettel,ferrari,2,22.0,6.149484536082475,2.125,6.042105263157895,6.170212765957447,20.474213139363265,5.414263901377206,0.4847696578720601,4.0,0.0,44.66666666666666,0
984,2017,16,22,sainz,toro_rosso,19,22.0,12.090909090909092,13.5,12.090909090909092,12.18918918918919,3.2811959838823963,12.225185854511682,0.1511741215234592,4.0,0.0,44.66666666666666,0
985,2017,17,69,hamilton,mercedes,1,25.0,5.514705882352941,1.6,5.517587939698492,5.0,35.23593134749621,1.91910838419828,0.4877136961031855,3.0,0.0,32.916666666666664,1
985,2017,17,69,vettel,ferrari,2,25.0,6.215384615384616,3.4,6.109947643979058,6.09433962264151,18.569810750388125,7.884397737490443,-2.694279370831953,3.0,0.0,32.916666666666664,0
985,2017,17,69,raikkonen,ferrari,5,25.0,7.881040892193308,13.5,7.972222222222222,8.096385542168674,18.569810750388125,9.39249231381257,-5.168640128021745,3.0,0.0,32.916666666666664,0
985,2017,17,69,max_verstappen,red_bull,16,25.0,9.428571428571429,12.0,9.428571428571429,11.0,23.08422622891231,9.150594388009525,-4.13410976316866,3.0,0.0,32.916666666666664,0
985,2017,17,69,bottas,mercedes,3,25.0,8.595744680851064,12.0,8.595744680851064,8.586206896551724,35.23593134749621,4.010410755979358,0.7268962212538153,3.0,0.0,32.916666666666664,0
985,2017,17,69,ocon,force_india,6,25.0,11.4,18.0,11.4,12.625,9.64013054522134,8.364561282170998,0.1867361227315249,3.0,0.0,32.916666666666664,0
985,2017,17,69,sainz,renault,7,25.0,12.232142857142858,6.5,12.232142857142858,11.88888888888889,2.4407387375734246,13.638807043997684,-0.0581330208109748,3.0,0.0,32.916666666666664,0
985,2017,17,69,perez,force_india,9,25.0,10.643939393939394,9.6,10.643939393939394,9.62162162162162,9.64013054522134,8.14365749907431,0.8165792606034668,3.0,0.0,32.916666666666664,0
985,2017,17,69,massa,williams,10,25.0,8.99250936329588,9.0,9.015686274509804,8.792207792207792,4.10792773728121,10.196426137663282,1.0442768156106943,3.0,0.0,32.916666666666664,0
985,2017,17,69,kvyat,toro_rosso,11,25.0,12.63013698630137,13.0,12.63013698630137,13.291666666666666,2.6846148959037786,13.94477937936738,-0.9401131906109188,3.0,0.0,32.916666666666664,0
985,2017,17,69,stroll,williams,15,25.0,12.3125,12.3125,12.3125,10.5,4.10792773728121,11.205316438013265,2.583554956057991,3.0,0.0,32.916666666666664,0
985,2017,17,69,vandoorne,mclaren,20,25.0,13.470588235294118,13.470588235294118,13.470588235294118,15.75,2.425156031592555,12.166262672475904,-0.2306524953437925,3.0,0.0,32.916666666666664,0
985,2017,17,69,brendon_hartley,toro_rosso,19,25.0,10.5,10.5,10.5,10.5,2.6846148959037786,10.5,0.0,3.0,0.0,32.916666666666664,0
985,2017,17,69,grosjean,haas,12,25.0,12.616666666666667,9.6,12.616666666666667,12.657142857142857,2.681940234280233,11.478097608504983,2.457095297771388,3.0,0.0,32.916666666666664,0
985,2017,17,69,ericsson,sauber,13,25.0,15.444444444444445,14.5,15.444444444444445,15.045454545454543,0.1292148293242841,16.203473671725835,1.1600274201705625,3.0,0.0,32.916666666666664,0
985,2017,17,69,kevin_magnussen,haas,17,25.0,12.63157894736842,10.0,12.63157894736842,12.294117647058824,2.681940234280233,11.944912613138634,2.033923884648957,3.0,0.0,32.916666666666664,0
985,2017,17,69,alonso,mclaren,8,25.0,7.868512110726644,6.0,7.762773722627737,8.964705882352941,2.425156031592555,13.709009909238665,-0.1434341312761609,3.0,0.0,32.916666666666664,0
985,2017,17,69,ricciardo,red_bull,4,25.0,9.52,7.8,9.52,8.805555555555555,23.08422622891231,4.599342373409242,1.7418020361831503,3.0,0.0,32.916666666666664,0
985,2017,17,69,wehrlein,sauber,14,25.0,16.228571428571428,17.0,16.228571428571428,17.09090909090909,0.1292148293242841,15.380971925729312,1.76048109678663,3.0,0.0,32.916666666666664,0
985,2017,17,69,hulkenberg,renault,18,25.0,11.48872180451128,13.2,11.48872180451128,11.81578947368421,2.4407387375734246,13.353544103170302,-3.8035433003290895,3.0,0.0,32.916666666666664,0
986,2017,18,32,max_verstappen,red_bull,2,23.0,9.333333333333334,6.5,9.333333333333334,10.63157894736842,21.06891236911007,8.21411258997977,-1.2006036505934377,2.0,0.0,27.88888888888889,1
986,2017,18,32,bottas,mercedes,4,23.0,8.557894736842105,5.5,8.557894736842105,8.466666666666667,35.19303473886053,4.190336074019878,0.231096905692187,2.0,0.0,27.88888888888889,0
986,2017,18,32,raikkonen,ferrari,5,23.0,7.862962962962963,12.5,7.952569169960475,8.035714285714286,21.19348152304483,8.230220984028465,-3.865251013835972,2.0,0.0,27.88888888888889,0
986,2017,18,32,vettel,ferrari,1,23.0,6.1938775510204085,11.5,6.088541666666667,6.018518518518518,21.19348152304483,6.8145072397649065,-2.204410394317052,2.0,0.0,27.88888888888889,0
986,2017,18,32,ocon,force_india,6,23.0,11.192307692307692,21.0,11.192307692307692,11.88888888888889,10.069197718817462,7.932297661499695,0.1525990364438148,2.0,0.0,27.88888888888889,0
986,2017,18,32,stroll,williams,11,23.0,12.235294117647058,12.235294117647058,12.235294117647058,10.6,3.724668148684626,11.166712440958069,2.849877715376705,2.0,0.0,27.88888888888889,0
986,2017,18,32,perez,force_india,9,23.0,10.62406015037594,9.0,10.62406015037594,9.578947368421051,10.069197718817462,8.117537953788005,0.8499284859483764,2.0,0.0,27.88888888888889,0
986,2017,18,32,kevin_magnussen,haas,14,23.0,12.689655172413794,17.0,12.689655172413794,12.5,2.1940767290838377,12.682207729198156,1.84593606643353,2.0,0.0,27.88888888888889,0
986,2017,18,32,hamilton,mercedes,3,23.0,5.492682926829269,1.5,5.495,4.9298245614035086,35.19303473886053,1.7519977688895016,0.399038478629879,2.0,0.0,27.88888888888889,0
986,2017,18,32,alonso,mclaren,18,23.0,7.9,16.5,7.796363636363636,9.05813953488372,1.9842185713029996,14.307371743922545,-1.7537188346804964,2.0,0.0,27.88888888888889,0
986,2017,18,32,massa,williams,10,23.0,8.992537313432836,7.5,9.015625,8.794871794871796,3.724668148684626,9.978894112633595,1.036226485499659,2.0,0.0,27.88888888888889,0
986,2017,18,32,vandoorne,mclaren,19,23.0,13.38888888888889,13.38888888888889,13.38888888888889,15.0,1.9842185713029996,12.135194381054074,1.307349429617521,2.0,0.0,27.88888888888889,0
986,2017,18,32,gasly,toro_rosso,20,23.0,13.5,13.5,13.5,10.5,2.378321278466728,13.45,1.0,2.0,0.0,27.88888888888889,0
986,2017,18,32,wehrlein,sauber,13,23.0,16.305555555555557,22.0,16.305555555555557,17.25,0.105721223992596,16.039456917772075,0.5304062673395278,2.0,0.0,27.88888888888889,0
986,2017,18,32,grosjean,haas,15,23.0,12.62809917355372,15.0,12.62809917355372,12.694444444444445,2.1940767290838377,11.9366253160626,1.646714334517131,2.0,0.0,27.88888888888889,0
986,2017,18,32,sainz,renault,8,23.0,12.140350877192985,14.5,12.140350877192985,11.63157894736842,3.087877148923712,12.431738210969622,-0.0475632667684707,2.0,0.0,27.88888888888889,0
986,2017,18,32,ericsson,sauber,12,23.0,15.438356164383562,11.5,15.438356164383562,15.043478260869565,0.105721223992596,15.984660181781756,0.5854767304700328,2.0,0.0,27.88888888888889,0
986,2017,18,32,brendon_hartley,toro_rosso,17,23.0,13.0,13.0,13.0,13.0,2.378321278466728,13.0,6.0,2.0,0.0,27.88888888888889,0
986,2017,18,32,hulkenberg,renault,7,23.0,11.552238805970148,7.0,11.552238805970148,12.025641025641026,3.087877148923712,14.561990629869143,-3.475626336632203,2.0,0.0,27.88888888888889,0
986,2017,18,32,ricciardo,red_bull,16,23.0,9.587301587301589,4.0,9.587301587301589,9.054054054054054,21.06891236911007,7.035825578269384,-1.1203437886073304,2.0,0.0,27.88888888888889,0
987,2017,19,18,vettel,ferrari,2,69.0,6.182741116751269,4.9,6.077720207253886,6.26056338028169,22.249212155218498,6.302778650716741,-2.34906304989577,5.0,0.0,53.92307692307692,1
987,2017,19,18,bottas,mercedes,1,69.0,8.489583333333334,11.75,8.489583333333334,8.6,32.43066478634033,3.792093149757912,0.5527156514951153,5.0,0.0,53.92307692307692,0
987,2017,19,18,raikkonen,ferrari,3,69.0,7.845018450184502,6.615384615384615,7.933070866141732,7.78494623655914,22.249212155218498,7.279271714205107,-2.7988417385930675,5.0,0.0,53.92307692307692,0
987,2017,19,18,hamilton,mercedes,20,69.0,5.509708737864078,7.5,5.512437810945274,5.70945945945946,32.43066478634033,3.0698163563641385,-0.7644230629391906,5.0,0.0,53.92307692307692,0
987,2017,19,18,max_verstappen,red_bull,4,69.0,9.189655172413794,6.0,9.189655172413794,8.68421052631579,21.78365557472642,6.902444191284068,-0.8004903683933458,5.0,0.0,53.92307692307692,0
987,2017,19,18,ricciardo,red_bull,14,69.0,9.669291338582678,13.333333333333334,9.669291338582678,9.808988764044944,21.78365557472642,9.392948200422376,-1.643917645228656,5.0,0.0,53.92307692307692,0
987,2017,19,18,massa,williams,9,69.0,9.0,8.461538461538462,9.023346303501944,9.073684210526316,4.502001212560149,10.164549728518397,0.6660034881360845,5.0,0.0,53.92307692307692,0
987,2017,19,18,alonso,mclaren,6,69.0,7.907216494845361,6.6,7.804347826086956,7.411764705882353,1.8052697401569997,13.524213245027536,0.0196845898068677,5.0,0.0,53.92307692307692,0
987,2017,19,18,perez,force_india,5,69.0,10.597014925373134,12.333333333333334,10.597014925373134,11.042105263157897,11.147525406305196,7.914349234917032,1.059032397594565,5.0,0.0,53.92307692307692,0
987,2017,19,18,hulkenberg,renault,7,69.0,11.607407407407408,7.0,11.607407407407408,11.357894736842104,2.5264449400284907,15.368901424439777,-5.025512457247191,5.0,0.0,53.92307692307692,0
987,2017,19,18,sainz,renault,8,69.0,12.20689655172414,12.5,12.20689655172414,12.394736842105264,2.5264449400284907,13.080518801592156,-1.4934736023092603,5.0,0.0,53.92307692307692,0
987,2017,19,18,gasly,toro_rosso,19,69.0,13.333333333333334,13.333333333333334,13.333333333333334,13.5,1.945899227836413,13.269102990033224,3.411960132890365,5.0,0.0,53.92307692307692,0
987,2017,19,18,ericsson,sauber,17,69.0,15.45945945945946,18.5,15.45945945945946,15.62,0.0864991832666695,16.16926748709286,-0.4300648543162235,5.0,0.0,53.92307692307692,0
987,2017,19,18,wehrlein,sauber,15,69.0,16.243243243243242,15.0,16.243243243243242,15.833333333333334,0.0864991832666695,15.668425333809068,0.2519845676557687,5.0,0.0,53.92307692307692,0
987,2017,19,18,grosjean,haas,11,69.0,12.647540983606556,17.166666666666668,12.647540983606556,12.6,2.52255752993396,12.493602531336933,1.3473117282343074,5.0,0.0,53.92307692307692,0
987,2017,19,18,stroll,williams,16,69.0,11.88888888888889,11.88888888888889,11.88888888888889,12.916666666666666,4.502001212560149,10.201246618605529,3.2516553647822177,5.0,0.0,53.92307692307692,0
987,2017,19,18,brendon_hartley,toro_rosso,18,69.0,15.5,15.5,15.5,10.5,1.945899227836413,15.749999999999998,2.1499999999999995,5.0,0.0,53.92307692307692,0
987,2017,19,18,ocon,force_india,10,69.0,10.962962962962964,12.0,10.962962962962964,10.823529411764708,11.147525406305196,7.396777317034094,0.3073583781922231,5.0,0.0,53.92307692307692,0
987,2017,19,18,vandoorne,mclaren,12,69.0,13.31578947368421,13.31578947368421,13.31578947368421,12.76923076923077,1.8052697401569997,12.110058393241646,2.365754329598716,5.0,0.0,53.92307692307692,0
987,2017,19,18,kevin_magnussen,haas,13,69.0,12.610169491525424,11.5,12.610169491525424,12.775,2.52255752993396,11.830891092098296,2.601225866193708,5.0,0.0,53.92307692307692,0
988,2017,20,24,bottas,mercedes,1,22.0,8.422680412371134,13.0,8.422680412371134,8.258064516129032,31.98872573427844,3.46625803047346,0.2704037138661526,3.0,0.0,31.857142857142858,1
988,2017,20,24,hamilton,mercedes,2,22.0,5.502415458937198,6.75,5.5049504950495045,5.0,31.98872573427844,3.238940655207023,2.2836538575952097,3.0,0.0,31.857142857142858,0
988,2017,20,24,vettel,ferrari,3,22.0,6.156565656565657,5.625,6.051546391752577,5.9818181818181815,25.476628126996957,5.338637077859151,-1.740142495369266,3.0,0.0,31.857142857142858,0
988,2017,20,24,raikkonen,ferrari,5,22.0,7.827205882352941,9.0,7.913725490196079,7.976470588235294,25.476628126996957,6.501222311622359,-2.289961422485237,3.0,0.0,31.857142857142858,0
988,2017,20,24,max_verstappen,red_bull,6,22.0,9.11864406779661,10.0,9.11864406779661,10.15,21.095718197503437,6.556542752290998,-0.8367651085312628,3.0,0.0,31.857142857142858,0
988,2017,20,24,hulkenberg,renault,7,22.0,11.595588235294118,12.333333333333334,11.595588235294118,12.2,2.248909496386947,14.392737529085718,-4.657237465019912,3.0,0.0,31.857142857142858,0
988,2017,20,24,perez,force_india,8,22.0,10.585185185185184,9.166666666666666,10.585185185185184,9.512820512820513,9.48433896879516,8.111740283114274,0.1392083253030646,3.0,0.0,31.857142857142858,0
988,2017,20,24,ocon,force_india,9,22.0,11.214285714285714,13.0,11.214285714285714,11.2,9.48433896879516,9.331657799084482,-1.208571831326472,3.0,0.0,31.857142857142858,0
988,2017,20,24,alonso,mclaren,11,22.0,7.907534246575342,8.25,7.805054151624549,9.06896551724138,2.204311605583,12.519810836840708,-0.3475307901580176,3.0,0.0,31.857142857142858,0
988,2017,20,24,massa,williams,10,22.0,8.992592592592592,7.0,9.015503875968992,8.822784810126583,4.774364628458304,9.58917705060596,0.9085483084749784,3.0,0.0,31.857142857142858,0
988,2017,20,24,grosjean,haas,16,22.0,12.666666666666666,12.333333333333334,12.666666666666666,12.756756756756756,2.0637608713284568,12.94931116201164,0.3750732321731575,3.0,0.0,31.857142857142858,0
988,2017,20,24,vandoorne,mclaren,13,22.0,13.6,13.6,13.6,14.5,2.204311605583,13.385830281927891,0.6315500689525632,3.0,0.0,31.857142857142858,0
988,2017,20,24,kevin_magnussen,haas,14,22.0,12.733333333333333,16.5,12.733333333333333,12.263157894736842,2.0637608713284568,13.316192386859168,0.8555381331589321,3.0,0.0,31.857142857142858,0
988,2017,20,24,wehrlein,sauber,18,22.0,16.18421052631579,14.0,16.18421052631579,17.0,0.0707720590363659,15.36492720916536,0.3880537559620445,3.0,0.0,31.857142857142858,0
988,2017,20,24,brendon_hartley,toro_rosso,20,22.0,16.0,16.0,16.0,15.5,1.5920993682297924,16.25249169435216,1.687707641196013,3.0,0.0,31.857142857142858,0
988,2017,20,24,gasly,toro_rosso,17,22.0,13.0,13.0,13.0,13.0,1.5920993682297924,12.850990099009904,4.594059405940594,3.0,0.0,31.857142857142858,0
988,2017,20,24,ericsson,sauber,19,22.0,15.426666666666666,14.5,15.426666666666666,15.125,0.0707720590363659,15.593036867271334,0.3754017171386838,3.0,0.0,31.857142857142858,0
988,2017,20,24,stroll,williams,15,22.0,12.105263157894736,12.105263157894736,12.105263157894736,9.833333333333334,4.774364628458304,11.279378662153404,2.6470920021473656,3.0,0.0,31.857142857142858,0
988,2017,20,24,sainz,renault,12,22.0,12.186440677966102,14.5,12.186440677966102,11.85,2.248909496386947,12.702239927173702,-1.7673894686614535,3.0,0.0,31.857142857142858,0
988,2017,20,24,ricciardo,red_bull,4,22.0,9.640625,10.333333333333334,9.640625,9.342105263157896,21.095718197503437,8.776048527613993,0.1095219266433652,3.0,0.0,31.857142857142858,0
989,2018,1,1,vettel,ferrari,3,20.0,6.14070351758794,8.1,6.035897435897436,6.223776223776224,25.753604831179324,4.913430336430214,-1.423752950756672,4.0,0.0,35.0,1
989,2018,1,1,hamilton,mercedes,1,20.0,5.485576923076923,5.818181818181818,5.487684729064039,5.697986577181208,33.99077560077332,3.013678717896654,1.8684440653051717,4.0,0.0,35.0,0
989,2018,1,1,raikkonen,ferrari,2,20.0,7.813186813186813,7.666666666666667,7.8984375,7.759358288770054,25.753604831179324,6.046454618600112,-1.6917866183970116,4.0,0.0,35.0,0
989,2018,1,1,ricciardo,red_bull,8,20.0,9.72093023255814,12.833333333333334,9.72093023255814,9.766666666666667,19.078314888866444,10.8167669771504,-2.819482060035829,4.0,0.0,35.0,0
989,2018,1,1,alonso,mclaren,10,20.0,7.911262798634812,6.066666666666666,7.809352517985611,7.414634146341464,2.1671640409315454,11.879845230142395,0.0792929898707131,4.0,0.0,35.0,0
989,2018,1,1,max_verstappen,red_bull,4,20.0,9.05,9.333333333333334,9.05,8.58974358974359,19.078314888866444,6.2735333088629375,-0.5028058450877021,4.0,0.0,35.0,0
989,2018,1,1,hulkenberg,renault,7,20.0,11.554744525547443,13.857142857142858,11.554744525547443,11.34375,3.294562315225684,12.86678525106838,-3.6286488350151087,4.0,0.0,35.0,0
989,2018,1,1,bottas,mercedes,15,20.0,8.346938775510203,9.6,8.346938775510203,8.5,33.99077560077332,3.0178474781871887,0.2212394021125674,4.0,0.0,35.0,0
989,2018,1,1,vandoorne,mclaren,11,20.0,13.523809523809524,13.0,13.523809523809524,13.214285714285714,2.1671640409315454,13.130079649144724,0.6995463483261148,4.0,0.0,35.0,0
989,2018,1,1,sainz,renault,9,20.0,12.3,8.666666666666666,12.3,12.35897435897436,3.294562315225684,13.847293971099392,-2.7187788166059934,4.0,0.0,35.0,0
989,2018,1,1,perez,force_india,12,20.0,10.558823529411764,11.571428571428571,10.558823529411764,11.020833333333334,9.578095519923314,7.909605686184123,0.2957159025209092,4.0,0.0,35.0,0
989,2018,1,1,ocon,force_india,14,20.0,11.10344827586207,10.0,11.10344827586207,11.22222222222222,9.578095519923314,9.088817147736703,-0.805817443197327,4.0,0.0,35.0,0
989,2018,1,1,leclerc,sauber,18,20.0,10.5,10.5,10.5,10.5,0.0579044119388448,10.5,0.0,4.0,0.0,35.0,0
989,2018,1,1,stroll,williams,13,20.0,12.4,16.0,12.4,13.153846153846152,4.088116514193157,12.52379846520651,1.601451612089817,4.0,0.0,35.0,0
989,2018,1,1,brendon_hartley,toro_rosso,16,20.0,15.75,15.75,15.75,17.0,1.3026267558243754,15.839851485148516,2.778960396039604,4.0,0.0,35.0,0
989,2018,1,1,grosjean,haas,6,20.0,12.653225806451612,14.333333333333334,12.653225806451612,12.627906976744184,1.688431332478777,12.594890950731264,1.2159690081548002,4.0,0.0,35.0,0
989,2018,1,1,kevin_magnussen,haas,5,20.0,12.737704918032788,11.5,12.737704918032788,12.951219512195122,1.688431332478777,13.258702584368883,0.8818040539629322,4.0,0.0,35.0,0
989,2018,1,1,gasly,toro_rosso,20,20.0,13.6,13.6,13.6,13.0,1.3026267558243754,13.7549851963687,3.5623026999470597,4.0,0.0,35.0,0
989,2018,1,1,ericsson,sauber,17,20.0,15.447368421052632,15.0,15.447368421052632,15.568627450980392,0.0579044119388448,15.848848406833776,0.6707832934158521,4.0,0.0,35.0,0
989,2018,1,1,sirotkin,williams,19,20.0,10.5,10.5,10.5,10.5,4.088116514193157,10.5,0.0,4.0,0.0,35.0,0
990,2018,2,3,vettel,ferrari,1,33.0,6.115,7.0,6.010204081632653,6.1875,28.34385849823763,4.201897547988357,-0.8012524142554585,5.0,0.0,49.0,1
990,2018,2,3,bottas,mercedes,3,33.0,8.343434343434344,7.6,8.343434343434344,8.492537313432836,31.81063458245085,3.923693393378027,1.453741331904681,5.0,0.0,49.0,0
990,2018,2,3,hamilton,mercedes,9,33.0,5.4688995215311005,4.2,5.470588235294118,5.673333333333333,31.81063458245085,2.829373496460899,1.3469087807042308,5.0,0.0,49.0,0
990,2018,2,3,gasly,toro_rosso,5,33.0,14.333333333333334,14.333333333333334,14.333333333333334,14.25,1.0657855274926706,14.857562171402767,3.156518723994452,5.0,0.0,49.0,0
990,2018,2,3,kevin_magnussen,haas,6,33.0,12.806451612903226,16.0,12.806451612903226,13.047619047619047,1.38137668877448,13.938941165631707,-1.4603513911409378,5.0,0.0,49.0,0
990,2018,2,3,hulkenberg,renault,7,33.0,11.521739130434783,11.428571428571429,11.521739130434783,11.29896907216495,3.968278257911925,11.8000970236004,-2.9688945013753774,5.0,0.0,49.0,0
990,2018,2,3,alonso,mclaren,13,33.0,7.901360544217687,6.75,7.799283154121864,7.402912621359223,3.954952397125811,10.628964279207413,0.9739669917124024,5.0,0.0,49.0,0
990,2018,2,3,vandoorne,mclaren,14,33.0,13.318181818181818,15.0,13.318181818181818,12.933333333333334,3.954952397125811,12.369960524807455,0.9388879046460414,5.0,0.0,49.0,0
990,2018,2,3,ericsson,sauber,17,33.0,15.493506493506494,15.25,15.493506493506494,15.634615384615383,0.047376337040873,16.42178517170563,0.185186236415506,5.0,0.0,49.0,0
990,2018,2,3,ocon,force_india,8,33.0,11.133333333333333,10.0,11.133333333333333,11.263157894736842,7.836623607209984,9.619412135580006,-0.2944264561947816,5.0,0.0,49.0,0
990,2018,2,3,sainz,renault,10,33.0,12.262295081967212,17.666666666666668,12.262295081967212,12.3,3.968278257911925,13.147782598553045,-2.40627206819028,5.0,0.0,49.0,0
990,2018,2,3,leclerc,sauber,19,33.0,13.0,13.0,13.0,13.0,0.047376337040873,13.0,5.0,5.0,0.0,49.0,0
990,2018,2,3,grosjean,haas,16,33.0,12.68,6.333333333333333,12.68,12.666666666666666,1.38137668877448,13.21400168696985,-0.8232980842630262,5.0,0.0,49.0,0
990,2018,2,3,stroll,williams,20,33.0,12.476190476190476,17.0,12.476190476190476,13.214285714285714,3.344822602521673,12.796226829315934,1.121361874823285,5.0,0.0,49.0,0
990,2018,2,3,sirotkin,williams,18,33.0,20.0,20.0,20.0,20.0,3.344822602521673,20.0,-1.0,5.0,0.0,49.0,0
990,2018,2,3,perez,force_india,12,33.0,10.562043795620438,8.5,10.562043795620438,11.02061855670103,7.836623607209984,8.47149556142402,0.4237675566081637,5.0,0.0,49.0,0
990,2018,2,3,brendon_hartley,toro_rosso,11,33.0,15.6,15.6,15.6,16.0,1.0657855274926706,15.598752965628124,2.268269249622556,5.0,0.0,49.0,0
990,2018,2,3,raikkonen,ferrari,2,33.0,7.795620437956204,4.916666666666667,7.879377431906615,7.73404255319149,28.34385849823763,5.492553778854637,-1.5660072332339188,5.0,0.0,49.0,0
990,2018,2,3,max_verstappen,red_bull,15,33.0,9.0,14.0,9.0,8.525,19.24589399998164,6.223799739825274,-0.7750242786512281,5.0,0.0,49.0,0
990,2018,2,3,ricciardo,red_bull,4,33.0,9.676923076923076,8.333333333333334,9.676923076923076,9.703296703296704,19.24589399998164,9.577354799480888,-1.5795762309325991,5.0,0.0,49.0,0
991,2018,3,17,ricciardo,red_bull,6,30.0,9.755725190839694,7.5,9.755725190839694,9.815217391304348,15.746640545439517,11.472381199582532,-4.201471461682172,5.0,0.0,50.8,1
991,2018,3,17,bottas,mercedes,3,30.0,8.28,8.4,8.28,8.397058823529411,32.02688284018706,3.573930957544237,1.3712429077630004,5.0,0.0,50.8,0
991,2018,3,17,raikkonen,ferrari,2,30.0,7.832727272727273,6.5,7.9186046511627906,7.788359788359788,27.73588422583079,7.766634909971978,-4.190369554464117,5.0,0.0,50.8,0
991,2018,3,17,hamilton,mercedes,4,30.0,5.457142857142857,4.090909090909091,5.458536585365854,5.655629139072848,32.02688284018706,2.860396497104372,2.192925366030735,5.0,0.0,50.8,0
991,2018,3,17,max_verstappen,red_bull,5,30.0,9.161290322580646,9.333333333333334,9.161290322580646,8.78048780487805,15.746640545439517,8.546754419290377,-1.361385817333467,5.0,0.0,50.8,0
991,2018,3,17,hulkenberg,renault,7,30.0,11.482014388489208,13.285714285714286,11.482014388489208,11.244897959183673,4.701318574655212,10.745533928399515,-2.247277319306572,5.0,0.0,50.8,0
991,2018,3,17,alonso,mclaren,13,30.0,7.898305084745763,6.142857142857143,7.796428571428572,7.400966183574879,5.054051961284755,9.969152592078792,1.8877911750374208,5.0,0.0,50.8,0
991,2018,3,17,vettel,ferrari,1,30.0,6.08955223880597,3.909090909090909,5.9847715736040605,6.151724137931034,27.73588422583079,3.619734357445018,-0.6555701571181023,5.0,0.0,50.8,0
991,2018,3,17,sainz,renault,9,30.0,12.241935483870968,9.666666666666666,12.241935483870968,12.268292682926829,4.701318574655212,12.757275128712063,-2.150585227433214,5.0,0.0,50.8,0
991,2018,3,17,kevin_magnussen,haas,11,30.0,12.682539682539682,12.666666666666666,12.682539682539682,12.86046511627907,2.948679455630197,12.313673881835564,-1.0130133285482517,5.0,0.0,50.8,0
991,2018,3,17,ocon,force_india,12,30.0,11.096774193548388,10.0,11.096774193548388,11.2,6.593601133171804,9.688747745508309,-0.6051483498566606,5.0,0.0,50.8,0
991,2018,3,17,perez,force_india,8,30.0,10.601449275362318,11.285714285714286,10.601449275362318,11.071428571428571,6.593601133171804,9.840314550257304,-0.3805538173213499,5.0,0.0,50.8,0
991,2018,3,17,vandoorne,mclaren,14,30.0,13.08695652173913,18.0,13.08695652173913,12.625,5.054051961284755,11.567479315832845,1.8682892871023808,5.0,0.0,50.8,0
991,2018,3,17,stroll,williams,18,30.0,12.545454545454543,20.0,12.545454545454543,13.266666666666667,2.736673038426823,13.017774858926105,2.0192491929130645,5.0,0.0,50.8,0
991,2018,3,17,sirotkin,williams,16,30.0,17.5,17.5,17.5,17.5,2.736673038426823,17.25,1.2,5.0,0.0,50.8,0
991,2018,3,17,ericsson,sauber,20,30.0,15.41025641025641,15.25,15.41025641025641,15.50943396226415,0.40239882121526,15.07236947094414,1.6060616925403577,5.0,0.0,50.8,0
991,2018,3,17,grosjean,haas,10,30.0,12.682539682539682,12.166666666666666,12.682539682539682,12.670454545454543,2.948679455630197,13.17509228933856,-0.1281529780261211,5.0,0.0,50.8,0
991,2018,3,17,gasly,toro_rosso,17,30.0,12.857142857142858,12.857142857142858,12.857142857142858,12.2,3.053824522494004,12.241325846856569,2.6368843409523346,5.0,0.0,50.8,0
991,2018,3,17,leclerc,sauber,19,30.0,12.5,12.5,12.5,12.5,0.40239882121526,12.45,6.1,5.0,0.0,50.8,0
991,2018,3,17,brendon_hartley,toro_rosso,15,30.0,15.833333333333334,15.833333333333334,15.833333333333334,16.333333333333332,3.053824522494004,15.962705222075282,0.1207141244395697,5.0,0.0,50.8,0
992,2018,4,73,hamilton,mercedes,2,36.0,5.450236966824645,5.0,5.451456310679611,5.644736842105263,31.65835868742577,3.0675971339944863,1.7942116631160554,4.0,0.0,36.125,1
992,2018,4,73,raikkonen,ferrari,6,36.0,7.815217391304348,9.0,7.899613899613899,7.763157894736842,26.147541639316103,6.899974017249799,-3.610302362743368,4.0,0.0,36.125,0
992,2018,4,73,perez,force_india,8,36.0,10.611510791366907,9.0,10.611510791366907,11.08080808080808,5.394764563504203,10.232984632029003,-1.0386349414452474,4.0,0.0,36.125,0
992,2018,4,73,vettel,ferrari,1,36.0,6.099009900990099,3.0,5.994949494949495,6.164383561643835,26.147541639316103,4.416146292455015,-1.8091028558239024,4.0,0.0,36.125,0
992,2018,4,73,sainz,renault,9,36.0,12.19047619047619,14.5,12.19047619047619,12.19047619047619,5.664715197445174,12.074131987956743,-1.7595684675734369,4.0,0.0,36.125,0
992,2018,4,73,leclerc,sauber,13,36.0,14.666666666666666,14.666666666666666,14.666666666666666,14.666666666666666,0.3292353991761217,15.083056478405314,3.6478405315614615,4.0,0.0,36.125,0
992,2018,4,73,alonso,mclaren,12,36.0,7.89527027027027,14.0,7.7935943060498225,7.399038461538462,5.226042513778436,9.429306666246283,2.635465506848799,4.0,0.0,36.125,0
992,2018,4,73,stroll,williams,10,36.0,12.608695652173912,3.0,12.608695652173912,13.3125,2.2390961223492187,13.198146561191988,2.382985957427339,4.0,0.0,36.125,0
992,2018,4,73,vandoorne,mclaren,16,36.0,13.083333333333334,12.0,13.083333333333334,12.647058823529411,5.226042513778436,11.830064121990036,1.7091295788607508,4.0,0.0,36.125,0
992,2018,4,73,brendon_hartley,toro_rosso,19,36.0,16.428571428571427,16.428571428571427,16.428571428571427,17.25,2.4985837002223668,16.935531081523497,-1.1131722755168905,4.0,0.0,36.125,0
992,2018,4,73,ericsson,sauber,18,36.0,15.417721518987342,14.0,15.417721518987342,15.51851851851852,0.3292353991761217,15.24102958912223,2.041323259727188,4.0,0.0,36.125,0
992,2018,4,73,gasly,toro_rosso,17,36.0,13.5,13.5,13.5,13.166666666666666,2.4985837002223668,13.5514519693173,1.8094756262485976,4.0,0.0,36.125,0
992,2018,4,73,kevin_magnussen,haas,15,36.0,12.640625,10.5,12.640625,12.795454545454543,2.5943222399372923,11.893004790744854,-0.6470099371791715,4.0,0.0,36.125,0
992,2018,4,73,bottas,mercedes,3,36.0,8.217821782178218,4.0,8.217821782178218,8.304347826086957,31.65835868742577,3.287761692084904,1.303744197154191,4.0,0.0,36.125,0
992,2018,4,73,grosjean,haas,20,36.0,12.716535433070868,13.0,12.716535433070868,12.719101123595506,2.5943222399372923,13.870530054919314,-1.3775797093047812,4.0,0.0,36.125,0
992,2018,4,73,max_verstappen,red_bull,5,36.0,9.095238095238097,13.0,9.095238095238097,8.69047619047619,19.247251355359605,7.901887894886457,-1.1138603231459467,4.0,0.0,36.125,0
992,2018,4,73,ricciardo,red_bull,4,36.0,9.68939393939394,4.0,9.68939393939394,9.720430107526882,19.247251355359605,9.568311890561557,-2.5284766504619878,4.0,0.0,36.125,0
992,2018,4,73,hulkenberg,renault,14,36.0,11.442857142857145,13.0,11.442857142857145,11.191919191919192,5.664715197445174,9.88270957778088,-1.6568632612504592,4.0,0.0,36.125,0
992,2018,4,73,ocon,force_india,7,36.0,11.09375,6.0,11.09375,11.19047619047619,5.394764563504203,9.927545597651754,-0.3128278013090021,4.0,0.0,36.125,0
992,2018,4,73,sirotkin,williams,11,36.0,16.666666666666668,16.666666666666668,16.666666666666668,16.666666666666668,2.2390961223492187,16.345514950166113,1.1196013289036544,4.0,0.0,36.125,0
993,2018,5,4,hamilton,mercedes,1,21.0,5.429245283018868,6.818181818181818,5.429951690821256,5.61437908496732,30.447748016984715,2.691670382359125,1.6498095425495,5.0,0.0,47.785714285714285,1
993,2018,5,4,bottas,mercedes,2,21.0,8.27450980392157,9.4,8.27450980392157,8.385714285714286,30.447748016984715,5.235441386946145,-0.9333002052147912,5.0,0.0,47.785714285714285,0
993,2018,5,4,max_verstappen,red_bull,5,21.0,9.203125,10.333333333333334,9.203125,8.86046511627907,15.747751108930585,9.37427580813296,-2.9113450183349747,5.0,0.0,47.785714285714285,0
993,2018,5,4,vettel,ferrari,3,21.0,6.088669950738916,5.2,5.984924623115578,6.149659863945578,26.847988613985905,4.340483330190467,-2.025629609310466,5.0,0.0,47.785714285714285,0
993,2018,5,4,ricciardo,red_bull,6,21.0,9.74436090225564,6.666666666666667,9.74436090225564,9.797872340425531,15.747751108930585,10.91952791046292,-4.43238998674651,5.0,0.0,47.785714285714285,0
993,2018,5,4,kevin_magnussen,haas,7,21.0,12.646153846153846,13.333333333333334,12.646153846153846,12.8,2.1225707993346816,12.09427708250757,-0.1657343617110405,5.0,0.0,47.785714285714285,0
993,2018,5,4,sainz,renault,9,21.0,12.078125,7.333333333333333,12.078125,12.023255813953488,6.452948797909689,10.787922770230448,-0.7123714311412139,5.0,0.0,47.785714285714285,0
993,2018,5,4,alonso,mclaren,8,21.0,7.892255892255892,7.0,7.790780141843972,7.3971291866028706,5.730398420364176,8.987614545110597,3.0653808692399265,5.0,0.0,47.785714285714285,0
993,2018,5,4,perez,force_india,15,21.0,10.557142857142855,10.142857142857142,10.557142857142855,11.0,7.14117100650344,8.917896517113812,0.0592986842727618,5.0,0.0,47.785714285714285,0
993,2018,5,4,leclerc,sauber,14,21.0,12.5,12.5,12.5,12.5,1.7239198720531914,12.09059405940594,4.752227722772277,5.0,0.0,47.785714285714285,0
993,2018,5,4,stroll,williams,18,21.0,12.416666666666666,16.0,12.416666666666666,13.0,2.5592604637402703,12.245312635487917,2.312783624921088,5.0,0.0,47.785714285714285,0
993,2018,5,4,brendon_hartley,toro_rosso,20,21.0,15.625,15.625,15.625,15.8,2.2261139365455724,15.35766433626194,1.1876231552973238,5.0,0.0,47.785714285714285,0
993,2018,5,4,ericsson,sauber,17,21.0,15.3625,14.25,15.3625,15.436363636363636,1.7239198720531914,14.469933217948736,2.9429009450265133,5.0,0.0,47.785714285714285,0
993,2018,5,4,sirotkin,williams,19,21.0,17.5,17.5,17.5,17.5,2.5592604637402703,17.54950495049505,-2.2143564356435648,5.0,0.0,47.785714285714285,0
993,2018,5,4,vandoorne,mclaren,11,21.0,12.92,18.0,12.92,12.444444444444445,5.730398420364176,11.31207485806862,2.6775225045384814,5.0,0.0,47.785714285714285,0
993,2018,5,4,ocon,force_india,13,21.0,11.333333333333334,5.0,11.333333333333334,11.545454545454543,7.14117100650344,11.579280543443716,-2.440599392320767,5.0,0.0,47.785714285714285,0
993,2018,5,4,raikkonen,ferrari,4,21.0,7.794223826714801,9.133333333333333,7.876923076923077,7.732984293193717,26.847988613985905,6.009069650477108,-2.226611024062754,5.0,0.0,47.785714285714285,0
993,2018,5,4,grosjean,haas,10,21.0,12.734375,11.666666666666666,12.734375,12.744444444444444,2.1225707993346816,14.075888226753602,-0.2180197621503461,5.0,0.0,47.785714285714285,0
993,2018,5,4,gasly,toro_rosso,12,21.0,13.333333333333334,13.333333333333334,13.333333333333334,13.0,2.2261139365455724,13.213910312718433,2.5036220799148348,5.0,0.0,47.785714285714285,0
993,2018,5,4,hulkenberg,renault,16,21.0,11.48936170212766,13.142857142857142,11.48936170212766,11.26,6.452948797909689,11.358580563639665,-2.0828881228415046,5.0,0.0,47.785714285714285,0
994,2018,6,6,ricciardo,red_bull,1,26.0,9.708955223880595,8.0,9.708955223880595,9.615384615384617,17.429978180034116,9.843250108558312,-3.44468271642689,3.0,0.0,31.615384615384617,1
994,2018,6,6,vettel,ferrari,2,26.0,6.078431372549019,5.9,5.975,5.928571428571429,24.14835432053392,4.278577270155837,-1.839151498526745,3.0,0.0,31.615384615384617,0
994,2018,6,6,hamilton,mercedes,3,26.0,5.408450704225352,4.363636363636363,5.408653846153846,4.9491525423728815,32.72997565026024,2.3840939492029203,1.3498441711768632,3.0,0.0,31.615384615384617,0
994,2018,6,6,raikkonen,ferrari,4,26.0,7.827338129496403,9.666666666666666,7.911877394636015,7.930232558139535,24.14835432053392,8.007420623117635,-4.185409019687709,3.0,0.0,31.615384615384617,0
994,2018,6,6,bottas,mercedes,5,26.0,8.21359223300971,11.6,8.21359223300971,8.03125,32.72997565026024,4.647179315971284,-0.7636092586329626,3.0,0.0,31.615384615384617,0
994,2018,6,6,ocon,force_india,6,26.0,11.470588235294118,12.0,11.470588235294118,10.909090909090908,6.206412641684631,12.383923703734627,-2.5424194415808743,3.0,0.0,31.615384615384617,0
994,2018,6,6,gasly,toro_rosso,10,26.0,13.9,13.9,13.9,14.5,1.8213659480827409,14.42931412272154,0.5073276722861555,3.0,0.0,31.615384615384617,0
994,2018,6,6,hulkenberg,renault,11,26.0,11.549295774647888,12.142857142857142,11.549295774647888,12.048780487804878,6.370594471017017,12.92974773388766,-2.431453918688651,3.0,0.0,31.615384615384617,0
994,2018,6,6,max_verstappen,red_bull,20,26.0,9.107692307692307,13.666666666666666,9.107692307692307,9.904761904761903,17.429978180034116,8.215314062405247,-2.018371264507428,3.0,0.0,31.615384615384617,0
994,2018,6,6,sainz,renault,8,26.0,12.0,8.0,12.0,12.19047619047619,6.370594471017017,10.099208048964895,-0.2192119219642577,3.0,0.0,31.615384615384617,0
994,2018,6,6,ericsson,sauber,16,26.0,15.333333333333334,14.25,15.333333333333334,15.2,1.592298077134429,14.202672609544884,3.1351007899756635,3.0,0.0,31.615384615384617,0
994,2018,6,6,perez,force_india,9,26.0,10.54609929078014,13.571428571428571,10.54609929078014,9.45,6.206412641684631,8.932824423093127,1.139426196223725,3.0,0.0,31.615384615384617,0
994,2018,6,6,kevin_magnussen,haas,19,26.0,12.545454545454543,13.0,12.545454545454543,12.3,3.1912989933787457,10.98622474209717,0.0462177156728875,3.0,0.0,31.615384615384617,0
994,2018,6,6,vandoorne,mclaren,12,26.0,13.0,16.0,13.0,14.142857142857142,5.415780525752507,11.98626160325305,1.45680977584331,3.0,0.0,31.615384615384617,0
994,2018,6,6,grosjean,haas,18,26.0,12.775193798449612,13.666666666666666,12.775193798449612,12.710526315789474,3.1912989933787457,14.789363094620668,-1.6329252599492905,3.0,0.0,31.615384615384617,0
994,2018,6,6,sirotkin,williams,13,26.0,16.8,16.8,16.8,10.5,2.093940379423857,16.530538616889864,-0.1433109154722456,3.0,0.0,31.615384615384617,0
994,2018,6,6,stroll,williams,17,26.0,12.36,15.0,12.36,11.0,2.093940379423857,12.017381907559804,3.17068919006435,3.0,0.0,31.615384615384617,0
994,2018,6,6,leclerc,sauber,14,26.0,12.0,12.0,12.0,10.5,1.592298077134429,11.490441363894824,4.536283602282308,3.0,0.0,31.615384615384617,0
994,2018,6,6,brendon_hartley,toro_rosso,15,26.0,15.22222222222222,15.22222222222222,15.22222222222222,15.333333333333334,1.8213659480827409,14.6271540756939,2.6697579625698564,3.0,0.0,31.615384615384617,0
994,2018,6,6,alonso,mclaren,7,26.0,7.89261744966443,6.6,7.791519434628976,9.068181818181818,5.415780525752507,8.808048264181398,2.508038893014485,3.0,0.0,31.615384615384617,0
995,2018,7,7,vettel,ferrari,1,20.0,6.058536585365854,3.6666666666666665,5.955223880597015,5.859649122807017,25.212289898618664,3.864290493763866,-1.5047603169764274,3.0,0.0,34.833333333333336,1
995,2018,7,7,bottas,mercedes,2,20.0,8.182692307692308,5.8,8.182692307692308,7.9393939393939394,31.3245255320311,4.711328531304641,-0.6247712114888679,3.0,0.0,34.833333333333336,0
995,2018,7,7,max_verstappen,red_bull,3,20.0,9.106060606060606,12.333333333333334,9.106060606060606,9.863636363636363,19.16998214730064,8.357984485470626,0.3486095197062102,3.0,0.0,34.833333333333336,0
995,2018,7,7,ricciardo,red_bull,6,20.0,9.644444444444444,8.833333333333334,9.644444444444444,9.4,19.16998214730064,8.235386452454039,-2.818376767984562,3.0,0.0,34.833333333333336,0
995,2018,7,7,hamilton,mercedes,4,20.0,5.397196261682243,6.9,5.397129186602871,4.916666666666667,31.3245255320311,2.4960768675296623,1.104417958235615,3.0,0.0,34.833333333333336,0
995,2018,7,7,raikkonen,ferrari,5,20.0,7.813620071684587,6.428571428571429,7.896946564885496,7.885057471264368,25.212289898618664,7.278798691641701,-3.424425561562671,3.0,0.0,34.833333333333336,0
995,2018,7,7,hulkenberg,renault,7,20.0,11.524475524475523,10.714285714285714,11.524475524475523,11.952380952380953,6.121395476286651,12.033429964089596,-1.4439168425631006,3.0,0.0,34.833333333333336,0
995,2018,7,7,sainz,renault,9,20.0,11.969696969696969,13.666666666666666,11.969696969696969,12.090909090909092,6.121395476286651,10.081170189944894,-0.5429921457591599,3.0,0.0,34.833333333333336,0
995,2018,7,7,ocon,force_india,8,20.0,11.314285714285717,6.0,11.314285714285717,10.5,6.532519434105608,11.222175504395148,-2.07974924918895,3.0,0.0,34.833333333333336,0
995,2018,7,7,leclerc,sauber,13,20.0,13.0,13.0,13.0,18.0,1.30278933583726,13.18119859368448,2.31911589201045,3.0,0.0,34.833333333333336,0
995,2018,7,7,gasly,toro_rosso,16,20.0,13.272727272727272,13.272727272727272,13.272727272727272,12.0,2.581117593885879,12.911598128301971,1.0165494655938383,3.0,0.0,34.833333333333336,0
995,2018,7,7,grosjean,haas,20,20.0,12.792307692307691,10.666666666666666,12.792307692307691,12.76923076923077,2.611016299013808,14.827660713780729,-0.7905752126818385,3.0,0.0,34.833333333333336,0
995,2018,7,7,kevin_magnussen,haas,11,20.0,12.552238805970148,12.333333333333334,12.552238805970148,12.333333333333334,2.611016299013808,11.352366228459536,1.1287251536337952,3.0,0.0,34.833333333333336,0
995,2018,7,7,perez,force_india,10,20.0,10.556338028169014,8.5,10.556338028169014,9.51219512195122,6.532519434105608,9.490492709803704,0.3868032514554579,3.0,0.0,34.833333333333336,0
995,2018,7,7,ericsson,sauber,19,20.0,15.28048780487805,15.5,15.28048780487805,15.038461538461538,1.30278933583726,13.620368457143233,3.4741733978255325,3.0,0.0,34.833333333333336,0
995,2018,7,7,vandoorne,mclaren,15,20.0,13.037037037037036,14.0,13.037037037037036,14.125,4.431093157433868,12.354027091064406,0.8254987100475921,3.0,0.0,34.833333333333336,0
995,2018,7,7,sirotkin,williams,18,20.0,16.666666666666668,16.666666666666668,16.666666666666668,16.0,1.7132239468013373,16.39273941231494,-0.8852917459600685,3.0,0.0,34.833333333333336,0
995,2018,7,7,alonso,mclaren,14,20.0,7.933110367892977,10.8,7.834507042253521,9.191011235955056,4.431093157433868,10.842948579784782,-0.3116045420790594,3.0,0.0,34.833333333333336,0
995,2018,7,7,brendon_hartley,toro_rosso,12,20.0,15.6,15.6,15.6,16.25,2.581117593885879,15.54569732064923,1.2687341835356654,3.0,0.0,34.833333333333336,0
995,2018,7,7,stroll,williams,17,20.0,12.538461538461538,9.0,12.538461538461538,11.75,1.7132239468013373,12.928250470493834,2.5910579495231025,3.0,0.0,34.833333333333336,0
996,2018,8,34,hamilton,mercedes,1,20.0,5.395348837209302,5.395238095238096,5.395238095238096,4.918032786885246,30.72006634438908,2.9513356188879056,0.7217965112836848,1.0,0.0,22.5,1
996,2018,8,34,max_verstappen,red_bull,4,20.0,9.014925373134329,9.014925373134329,9.014925373134329,9.565217391304348,20.593621756882342,7.383804076947909,0.2852258788533431,1.0,0.0,22.5,0
996,2018,8,34,raikkonen,ferrari,6,20.0,7.807142857142857,7.889733840304182,7.889733840304182,7.863636363636363,26.628237189778904,7.046289838615937,-2.9836209140058214,1.0,0.0,22.5,0
996,2018,8,34,ricciardo,red_bull,5,20.0,9.602941176470589,9.602941176470589,9.602941176470589,9.268292682926829,20.593621756882342,7.465316188370404,-1.942308264713411,1.0,0.0,22.5,0
996,2018,8,34,vettel,ferrari,3,20.0,6.033980582524272,5.930693069306931,5.930693069306931,5.775862068965517,26.628237189778904,3.343510403988617,-1.2311675320716222,1.0,0.0,22.5,0
996,2018,8,34,kevin_magnussen,haas,9,20.0,12.558823529411764,12.558823529411764,12.558823529411764,12.363636363636363,2.1362549265338453,11.651936360150838,0.559865360584236,1.0,0.0,22.5,0
996,2018,8,34,bottas,mercedes,2,20.0,8.123809523809523,8.123809523809523,8.123809523809523,7.764705882352941,30.72006634438908,4.218359707082692,-0.5111764456833424,1.0,0.0,22.5,0
996,2018,8,34,sainz,renault,7,20.0,11.91044776119403,11.91044776119403,11.91044776119403,11.91304347826087,6.826596298779988,9.702775061824672,-0.262447712870424,1.0,0.0,22.5,0
996,2018,8,34,hulkenberg,renault,12,20.0,11.493055555555555,11.493055555555555,11.493055555555555,11.83720930232558,6.826596298779988,11.11826087970941,-1.1813865075515535,1.0,0.0,22.5,0
996,2018,8,34,leclerc,sauber,8,20.0,12.571428571428571,12.571428571428571,12.571428571428571,14.0,1.2477367293213943,12.414657524427373,2.4831816102635145,1.0,0.0,22.5,0
996,2018,8,34,grosjean,haas,10,20.0,12.786259541984732,12.786259541984732,12.786259541984732,12.75,2.1362549265338453,14.313540584000444,0.807711189630074,1.0,0.0,22.5,0
996,2018,8,34,vandoorne,mclaren,17,20.0,13.142857142857142,13.142857142857142,13.142857142857142,14.333333333333334,3.625439856082256,13.019345742809508,0.4923809467327082,1.0,0.0,22.5,0
996,2018,8,34,ericsson,sauber,15,20.0,15.27710843373494,15.27710843373494,15.27710843373494,15.037037037037036,1.2477367293213943,13.871210570497778,3.5697782401694256,1.0,0.0,22.5,0
996,2018,8,34,brendon_hartley,toro_rosso,20,20.0,15.909090909090908,15.909090909090908,15.909090909090908,16.8,2.111823485906628,16.25136817254969,-0.4204648349275199,1.0,0.0,22.5,0
996,2018,8,34,sirotkin,williams,18,20.0,16.714285714285715,16.714285714285715,16.714285714285715,16.5,1.4017286837465484,16.539064819702563,-0.4310121691744986,1.0,0.0,22.5,0
996,2018,8,34,alonso,mclaren,16,20.0,7.966666666666667,7.870175438596491,7.870175438596491,9.28888888888889,3.625439856082256,12.14423065618755,-0.9822218980646852,1.0,0.0,22.5,0
996,2018,8,34,stroll,williams,19,20.0,12.814814814814817,12.814814814814817,12.814814814814817,12.666666666666666,1.4017286837465484,14.219751600729952,1.5699729081346276,1.0,0.0,22.5,0
996,2018,8,34,perez,force_india,13,20.0,10.58041958041958,10.58041958041958,10.58041958041958,9.61904761904762,5.708424991540952,10.310403126203314,-0.4107973397185369,1.0,0.0,22.5,0
996,2018,8,34,ocon,force_india,11,20.0,11.25,11.25,11.25,10.384615384615383,5.708424991540952,10.817848931265663,-1.8832880277866688,1.0,0.0,22.5,0
996,2018,8,34,gasly,toro_rosso,14,20.0,13.083333333333334,13.083333333333334,13.083333333333334,11.75,2.111823485906628,12.529664320880071,1.8124355918446435,1.0,0.0,22.5,0
997,2018,9,70,max_verstappen,red_bull,4,23.0,8.911764705882353,10.0,8.911764705882353,8.727272727272727,22.3038723465401,6.40492944825931,0.5970033613047153,4.0,0.0,35.69230769230769,1
997,2018,9,70,raikkonen,ferrari,3,23.0,7.790035587188612,9.0,7.871212121212121,7.78125,26.332194064364558,6.310600777049402,-1.8956898387320351,4.0,0.0,35.69230769230769,0
997,2018,9,70,vettel,ferrari,6,23.0,6.028985507246377,12.0,5.926108374384237,6.135135135135135,26.332194064364558,3.644690330536141,-1.3709552535131455,4.0,0.0,35.69230769230769,0
997,2018,9,70,grosjean,haas,5,23.0,12.772727272727272,10.5,12.772727272727272,12.802197802197805,3.2024476051136146,13.711078659634838,0.4790364278781211,4.0,0.0,35.69230769230769,0
997,2018,9,70,kevin_magnussen,haas,8,23.0,12.46376811594203,13.0,12.46376811594203,12.652173913043478,3.2024476051136146,10.62431057090631,1.0035266343331877,4.0,0.0,35.69230769230769,0
997,2018,9,70,ocon,force_india,11,23.0,11.45945945945946,8.0,11.45945945945946,11.73913043478261,4.670529538533505,12.306400341595776,-2.9960810031710343,4.0,0.0,35.69230769230769,0
997,2018,9,70,perez,force_india,16,23.0,10.631944444444445,9.75,10.631944444444445,10.98019801980198,4.670529538533505,11.708511648712198,-1.2451978234063117,4.0,0.0,35.69230769230769,0
997,2018,9,70,alonso,mclaren,13,23.0,7.9933554817275745,15.5,7.898601398601398,7.4,2.966268973158208,12.845279627789816,-0.8036360984165605,4.0,0.0,35.69230769230769,0
997,2018,9,70,leclerc,sauber,18,23.0,12.25,12.25,12.25,12.0,1.2026936876265952,11.86531130072728,1.4632361882542362,4.0,0.0,35.69230769230769,0
997,2018,9,70,ericsson,sauber,20,23.0,15.25,15.25,15.25,15.392857142857142,1.2026936876265952,13.712808641018222,3.284364001042615,4.0,0.0,35.69230769230769,0
997,2018,9,70,gasly,toro_rosso,12,23.0,13.615384615384617,13.615384615384617,13.615384615384617,13.75,1.7278555793781498,13.995861509510664,0.2790947095685693,4.0,0.0,35.69230769230769,0
997,2018,9,70,sainz,renault,9,23.0,11.852941176470589,13.666666666666666,11.852941176470589,11.909090909090908,6.676306062638171,9.39317922910842,-0.3965482876468519,4.0,0.0,35.69230769230769,0
997,2018,9,70,sirotkin,williams,17,23.0,16.5,16.5,16.5,16.8,1.1468689230653577,16.188920156047303,0.3495596342956624,4.0,0.0,35.69230769230769,0
997,2018,9,70,stroll,williams,14,23.0,12.964285714285714,10.0,12.964285714285714,12.88888888888889,1.1468689230653577,14.727092484142837,1.648444430584108,4.0,0.0,35.69230769230769,0
997,2018,9,70,vandoorne,mclaren,15,23.0,13.10344827586207,12.0,13.10344827586207,12.578947368421051,2.966268973158208,12.83345820901319,1.3143887836376886,4.0,0.0,35.69230769230769,0
997,2018,9,70,hamilton,mercedes,2,23.0,5.375,2.25,5.374407582938389,5.584415584415584,30.77096337268197,2.59654732454465,0.5905607819593784,4.0,0.0,35.69230769230769,0
997,2018,9,70,brendon_hartley,toro_rosso,19,23.0,15.75,15.75,15.75,15.166666666666666,1.7278555793781498,15.801548932135288,0.8623322883363074,4.0,0.0,35.69230769230769,0
997,2018,9,70,ricciardo,red_bull,7,23.0,9.562043795620438,6.5,9.562043795620438,9.74736842105263,22.3038723465401,6.835258699575061,-1.407343125673994,4.0,0.0,35.69230769230769,0
997,2018,9,70,bottas,mercedes,1,23.0,8.11320754716981,4.5,8.11320754716981,8.295774647887324,30.77096337268197,4.72411248790554,-1.327326183303727,4.0,0.0,35.69230769230769,0
997,2018,9,70,hulkenberg,renault,10,23.0,11.475862068965515,11.75,11.475862068965515,11.346534653465346,6.676306062638171,10.733122537943974,-0.4211344152692773,4.0,0.0,35.69230769230769,0
998,2018,10,9,vettel,ferrari,2,28.0,6.014423076923077,7.7,5.911764705882353,6.114093959731544,27.54452241629827,3.5274739068022973,-0.5762361165107549,4.0,0.0,37.266666666666666,1
998,2018,10,9,hamilton,mercedes,1,28.0,5.423963133640553,3.8181818181818175,5.4245283018867925,5.651612903225806,25.176242759467044,5.033538720081988,-2.062268451124147,4.0,0.0,37.266666666666666,0
998,2018,10,9,raikkonen,ferrari,3,28.0,7.76950354609929,6.066666666666666,7.849056603773585,7.751295336787565,27.54452241629827,5.5268551812222375,-1.369200777144392,4.0,0.0,37.266666666666666,0
998,2018,10,9,bottas,mercedes,4,28.0,8.214953271028037,7.0,8.214953271028037,8.444444444444445,25.176242759467044,7.319728400423367,-4.358721424137132,4.0,0.0,37.266666666666666,0
998,2018,10,9,ricciardo,red_bull,6,28.0,9.623188405797102,9.571428571428571,9.623188405797102,9.833333333333334,22.7940773744419,8.865211663290596,-3.151462557371272,4.0,0.0,37.266666666666666,0
998,2018,10,9,hulkenberg,renault,11,28.0,11.534246575342468,8.571428571428571,11.534246575342468,11.431372549019608,5.462432233067594,12.418009349227203,-2.1627463397661018,4.0,0.0,37.266666666666666,0
998,2018,10,9,ocon,force_india,10,28.0,11.31578947368421,8.0,11.31578947368421,11.5,6.366796895163779,11.15922243789116,-1.5415384834760473,4.0,0.0,37.266666666666666,0
998,2018,10,9,alonso,mclaren,13,28.0,7.993377483443709,8.5,7.898954703832753,7.402843601895735,3.1542200689476254,11.964319695464397,0.2515704649319057,4.0,0.0,37.266666666666666,0
998,2018,10,9,kevin_magnussen,haas,7,28.0,12.357142857142858,12.0,12.357142857142858,12.48936170212766,6.620334458639518,9.601707837598736,1.366522079724758,4.0,0.0,37.266666666666666,0
998,2018,10,9,perez,force_india,12,28.0,10.606896551724136,12.0,10.606896551724136,10.941176470588236,6.366796895163779,10.85241862167342,0.6175654172134484,4.0,0.0,37.266666666666666,0
998,2018,10,9,vandoorne,mclaren,17,28.0,13.166666666666666,11.0,13.166666666666666,12.7,3.1542200689476254,13.228334200521909,1.0748270192045777,4.0,0.0,37.266666666666666,0
998,2018,10,9,stroll,williams,19,28.0,13.0,16.0,13.0,12.947368421052632,0.938347300689838,14.594500152568832,1.3478346797090146,4.0,0.0,37.266666666666666,0
998,2018,10,9,gasly,toro_rosso,14,28.0,13.428571428571429,13.428571428571429,13.428571428571429,13.444444444444445,1.4137000194912133,13.416242134570307,0.4185706741632459,4.0,0.0,37.266666666666666,0
998,2018,10,9,sirotkin,williams,18,28.0,16.11111111111111,16.11111111111111,16.11111111111111,16.166666666666668,0.938347300689838,15.495122724015054,1.1437677133878006,4.0,0.0,37.266666666666666,0
998,2018,10,9,max_verstappen,red_bull,5,28.0,8.797101449275363,7.333333333333333,8.797101449275363,8.555555555555555,22.7940773744419,5.422214050181079,1.0339122647385262,4.0,0.0,37.266666666666666,0
998,2018,10,9,grosjean,haas,8,28.0,12.706766917293232,14.5,12.706766917293232,12.706521739130435,6.620334458639518,11.945427994242158,0.5737570773550693,4.0,0.0,37.266666666666666,0
998,2018,10,9,sainz,renault,16,28.0,11.855072463768115,13.666666666666666,11.855072463768115,11.911111111111111,5.462432233067594,9.867147101604951,-0.8699036034514904,4.0,0.0,37.266666666666666,0
998,2018,10,9,ericsson,sauber,15,28.0,15.188235294117646,16.25,15.188235294117646,15.298245614035087,1.5294766535126691,13.037752498071216,4.505388775874256,4.0,0.0,37.266666666666666,0
998,2018,10,9,leclerc,sauber,9,28.0,11.88888888888889,11.88888888888889,11.88888888888889,11.5,1.5294766535126691,11.241919831157958,3.102972250164349,4.0,0.0,37.266666666666666,0
998,2018,10,9,brendon_hartley,toro_rosso,22,28.0,15.846153846153848,15.846153846153848,15.846153846153848,15.428571428571429,1.4137000194912133,16.0367680256127,1.0856214780174884,4.0,0.0,37.266666666666666,0
999,2018,11,10,hamilton,mercedes,14,40.0,5.408256880733945,6.6,5.408450704225352,5.628205128205129,26.05328953047304,4.481986225521626,-1.8691287327379384,5.0,0.0,58.6,1
999,2018,11,10,bottas,mercedes,2,40.0,8.175925925925926,5.5,8.175925925925926,8.383561643835616,26.05328953047304,6.716141418294584,-3.566226619441817,5.0,0.0,58.6,0
999,2018,11,10,raikkonen,ferrari,3,40.0,7.752650176678445,11.6,7.830827067669173,7.72680412371134,29.809154704244044,5.0674269664545575,-1.120255181299957,5.0,0.0,58.6,0
999,2018,11,10,max_verstappen,red_bull,4,40.0,8.885714285714286,3.0,8.885714285714286,8.695652173913043,20.46788148817973,7.163631059046833,-0.9722551932543518,5.0,0.0,58.6,0
999,2018,11,10,hulkenberg,renault,7,40.0,11.496598639455785,9.0,11.496598639455785,11.37864077669903,5.923808190691668,11.25109855845844,-0.8604288234447909,5.0,0.0,58.6,0
999,2018,11,10,grosjean,haas,6,40.0,12.73134328358209,17.333333333333332,12.73134328358209,12.741935483870968,5.780243471582242,12.682622904381494,-0.9851078458036694,5.0,0.0,58.6,0
999,2018,11,10,perez,force_india,10,40.0,10.602739726027398,8.666666666666666,10.602739726027398,10.932038834951456,6.481924732406728,10.697433417732768,0.8689171595383235,5.0,0.0,58.6,0
999,2018,11,10,ocon,force_india,15,40.0,11.205128205128204,11.205128205128204,11.205128205128204,11.32,6.481924732406728,10.402698204932364,-0.7154744849834339,5.0,0.0,58.6,0
999,2018,11,10,ericsson,sauber,13,40.0,15.22093023255814,18.0,15.22093023255814,15.344827586206897,1.251389989237638,13.939979345470654,3.1407725911450357,5.0,0.0,58.6,0
999,2018,11,10,brendon_hartley,toro_rosso,17,40.0,16.142857142857142,16.142857142857142,16.142857142857142,16.0,1.1566636523109926,16.803547809139218,-2.9938844345618105,5.0,0.0,58.6,0
999,2018,11,10,kevin_magnussen,haas,5,40.0,12.309859154929578,12.5,12.309859154929578,12.416666666666666,5.780243471582242,9.492306341564037,0.7544267588036566,5.0,0.0,58.6,0
999,2018,11,10,sainz,renault,8,40.0,11.928571428571429,14.0,11.928571428571429,12.021739130434783,5.923808190691668,11.164030475704305,-0.8935575124998547,5.0,0.0,58.6,0
999,2018,11,10,vandoorne,mclaren,19,40.0,13.096774193548388,13.096774193548388,13.096774193548388,12.61904761904762,3.307998238229876,12.822375615497815,1.972096492434544,5.0,0.0,58.6,0
999,2018,11,10,gasly,toro_rosso,16,40.0,13.4,13.4,13.4,13.4,1.1566636523109926,13.33663817056105,0.5297657581871539,5.0,0.0,58.6,0
999,2018,11,10,leclerc,sauber,9,40.0,12.6,12.6,12.6,12.571428571428571,1.251389989237638,12.871552399115997,0.3506121493141197,5.0,0.0,58.6,0
999,2018,11,10,alonso,mclaren,11,40.0,7.993399339933993,5.3,7.899305555555555,7.40566037735849,3.307998238229876,11.24353429628905,1.1149212894897416,5.0,0.0,58.6,0
999,2018,11,10,stroll,williams,18,40.0,12.966666666666669,12.966666666666669,12.966666666666669,12.9,0.7677387005644128,14.121624058289337,2.378003769595125,5.0,0.0,58.6,0
999,2018,11,10,vettel,ferrari,1,40.0,5.990430622009569,5.0,5.88780487804878,6.08,29.809154704244044,3.067933196474607,-0.2896477316906174,5.0,0.0,58.6,0
999,2018,11,10,sirotkin,williams,12,40.0,15.9,15.9,15.9,15.857142857142858,0.7677387005644128,15.181062978417872,1.743736913836426,5.0,0.0,58.6,0
999,2018,11,10,ricciardo,red_bull,20,40.0,9.589928057553957,7.0,9.589928057553957,9.783505154639176,20.46788148817973,8.162445906328129,-2.3966511833031867,5.0,0.0,58.6,0
1000,2018,12,11,hamilton,mercedes,1,20.0,5.388127853881279,4.2727272727272725,5.38785046728972,5.598726114649682,29.134509615841583,3.8488978208813305,0.8343492186689612,5.0,0.0,47.642857142857146,1
1000,2018,12,11,vettel,ferrari,4,20.0,6.047619047619048,7.090909090909091,5.946601941747573,6.158940397350993,27.116581121654217,5.782854433479225,-3.3278935986559617,5.0,0.0,47.642857142857146,0
1000,2018,12,11,raikkonen,ferrari,3,20.0,7.735915492957746,6.133333333333334,7.812734082397004,7.702564102564103,27.116581121654217,4.69153115437191,-0.9165724210636012,5.0,0.0,47.642857142857146,0
1000,2018,12,11,ricciardo,red_bull,12,20.0,9.664285714285716,10.428571428571429,9.664285714285716,9.887755102040815,18.928266672147053,10.31472846881528,-1.9608964227023329,5.0,0.0,47.642857142857146,0
1000,2018,12,11,bottas,mercedes,2,20.0,8.119266055045872,10.6,8.119266055045872,8.297297297297296,29.134509615841583,5.858661160151288,-2.9178217793379626,5.0,0.0,47.642857142857146,0
1000,2018,12,11,gasly,toro_rosso,6,20.0,13.4375,13.4375,13.4375,13.454545454545457,1.128179351890812,13.462317705751978,0.8083141279194076,5.0,0.0,47.642857142857146,0
1000,2018,12,11,kevin_magnussen,haas,9,20.0,12.291666666666666,13.333333333333334,12.291666666666666,12.387755102040815,6.183847429340254,9.76643260687183,-0.4736514859550459,5.0,0.0,47.642857142857146,0
1000,2018,12,11,alonso,mclaren,11,20.0,8.019736842105264,6.75,7.927335640138408,7.446009389671362,2.706544013097171,12.108346242418316,0.0031174186734242,5.0,0.0,47.642857142857146,0
1000,2018,12,11,sainz,renault,5,20.0,11.929577464788732,10.666666666666666,11.929577464788732,12.02127659574468,6.664933974202273,11.316025033332712,-1.4583656041386903,5.0,0.0,47.642857142857146,0
1000,2018,12,11,grosjean,haas,10,20.0,12.681481481481482,11.666666666666666,12.681481481481482,12.670212765957446,6.183847429340254,11.467600558128227,-0.805997328384513,5.0,0.0,47.642857142857146,0
1000,2018,12,11,brendon_hartley,toro_rosso,8,20.0,15.733333333333333,15.733333333333333,15.733333333333333,15.333333333333334,1.128179351890812,15.502407607431683,-1.0826103208471995,5.0,0.0,47.642857142857146,0
1000,2018,12,11,hulkenberg,renault,13,20.0,11.452702702702704,13.571428571428571,11.452702702702704,11.317307692307692,6.664933974202273,10.114535184193128,-0.3403508555456721,5.0,0.0,47.642857142857146,0
1000,2018,12,11,ocon,force_india,18,20.0,11.125,9.0,11.125,11.192307692307692,7.121574781060049,9.965701270281972,0.6877973418276229,5.0,0.0,47.642857142857146,0
1000,2018,12,11,perez,force_india,19,20.0,10.578231292517009,13.571428571428571,10.578231292517009,10.89423076923077,7.121574781060049,10.025172796326704,1.256386766895052,5.0,0.0,47.642857142857146,0
1000,2018,12,11,ericsson,sauber,14,20.0,15.149425287356324,17.0,15.149425287356324,15.23728813559322,1.3875009002853402,13.041801259145394,3.296995760480986,5.0,0.0,47.642857142857146,0
1000,2018,12,11,sirotkin,williams,20,20.0,16.181818181818183,16.181818181818183,16.181818181818183,16.25,0.6281498459163376,15.961224067798891,-0.0424992239707368,5.0,0.0,47.642857142857146,0
1000,2018,12,11,stroll,williams,15,20.0,13.096774193548388,14.0,13.096774193548388,13.095238095238097,0.6281498459163376,14.646007440364867,2.1269586344750517,5.0,0.0,47.642857142857146,0
1000,2018,12,11,vandoorne,mclaren,16,20.0,13.09375,10.0,13.09375,12.636363636363637,2.706544013097171,12.85472356484328,2.705635521978895,5.0,0.0,47.642857142857146,0
1000,2018,12,11,max_verstappen,red_bull,7,20.0,8.816901408450704,4.666666666666667,8.816901408450704,8.595744680851064,18.928266672147053,6.588425038558901,-0.7954814070028488,5.0,0.0,47.642857142857146,0
1000,2018,12,11,leclerc,sauber,17,20.0,12.818181818181818,12.818181818181818,12.818181818181818,12.875,1.3875009002853402,13.306367634248664,-0.9467385178075548,5.0,0.0,47.642857142857146,0
1001,2018,13,13,vettel,ferrari,2,34.0,6.028436018957346,6.636363636363637,5.927536231884058,6.131578947368421,28.186293644989817,5.095062718301184,-2.3591856716276043,4.0,0.0,38.07692307692308,1
1001,2018,13,13,hamilton,mercedes,1,34.0,5.368181818181818,9.0,5.367441860465116,5.569620253164557,30.2009624129613,3.3309163989029065,0.68264936072915,4.0,0.0,38.07692307692308,0
1001,2018,13,13,max_verstappen,red_bull,7,34.0,8.958333333333334,12.666666666666666,8.958333333333334,8.8125,17.66858182266577,8.845076230086127,-2.832667687706759,4.0,0.0,38.07692307692308,0
1001,2018,13,13,bottas,mercedes,19,34.0,8.090909090909092,8.0,8.090909090909092,8.253333333333334,30.2009624129613,5.702540949174239,-2.932763274007659,4.0,0.0,38.07692307692308,0
1001,2018,13,13,perez,force_india,4,34.0,10.60135135135135,12.428571428571429,10.60135135135135,10.923809523809524,5.826743002685495,10.747868651540124,1.9370437183687648,4.0,0.0,38.07692307692308,0
1001,2018,13,13,ocon,force_india,3,34.0,11.170731707317072,12.5,11.170731707317072,11.25925925925926,5.826743002685495,10.51753940171439,1.4720437424662611,4.0,0.0,38.07692307692308,0
1001,2018,13,13,grosjean,haas,5,34.0,12.661764705882351,13.285714285714286,12.661764705882351,12.642105263157896,6.332242374110972,11.200764093013628,-0.659452359587123,4.0,0.0,38.07692307692308,0
1001,2018,13,13,kevin_magnussen,haas,9,34.0,12.219178082191782,15.0,12.219178082191782,12.28,6.332242374110972,9.263444641595738,-0.0238964748869774,4.0,0.0,38.07692307692308,0
1001,2018,13,13,gasly,toro_rosso,10,34.0,13.0,13.0,13.0,12.833333333333334,2.3776012879106654,12.0592381787286,0.656333329324718,4.0,0.0,38.07692307692308,0
1001,2018,13,13,ericsson,sauber,13,34.0,15.147727272727272,15.5,15.147727272727272,15.233333333333333,1.1352280093243692,13.397837401471913,2.515723787296398,4.0,0.0,38.07692307692308,0
1001,2018,13,13,sainz,renault,14,34.0,11.88888888888889,15.666666666666666,11.88888888888889,11.958333333333334,5.81676416071095,10.894929349077158,-1.92048119427658,4.0,0.0,38.07692307692308,0
1001,2018,13,13,sirotkin,williams,16,34.0,16.166666666666668,16.166666666666668,16.166666666666668,16.22222222222222,0.5139407830224579,15.968971428084842,0.7651847223839754,4.0,0.0,38.07692307692308,0
1001,2018,13,13,stroll,williams,17,34.0,13.21875,11.0,13.21875,13.272727272727272,0.5139407830224579,15.074703265502214,1.3753802448695216,4.0,0.0,38.07692307692308,0
1001,2018,13,13,brendon_hartley,toro_rosso,11,34.0,15.4375,15.4375,15.4375,14.9,2.3776012879106654,14.649388229122415,-1.4458760876755632,4.0,0.0,38.07692307692308,0
1001,2018,13,13,vandoorne,mclaren,18,34.0,13.242424242424242,14.0,13.242424242424242,12.869565217391305,2.9417178288976857,13.791474802910514,1.8489254974236011,4.0,0.0,38.07692307692308,0
1001,2018,13,13,ricciardo,red_bull,8,34.0,9.624113475177303,9.142857142857142,9.624113475177303,9.828282828282829,17.66858182266577,9.16659601993918,-0.1498243458464301,4.0,0.0,38.07692307692308,0
1001,2018,13,13,raikkonen,ferrari,6,34.0,7.719298245614035,8.076923076923077,7.794776119402985,7.678571428571429,28.186293644989817,4.383980035395199,-0.7499228899611281,4.0,0.0,38.07692307692308,0
1001,2018,13,13,leclerc,sauber,12,34.0,13.416666666666666,13.416666666666666,13.416666666666666,13.666666666666666,1.1352280093243692,14.643743130219026,-1.3569764040640604,4.0,0.0,38.07692307692308,0
1001,2018,13,13,alonso,mclaren,15,34.0,8.01967213114754,11.142857142857142,7.927586206896552,7.4485981308411215,2.9417178288976857,11.361374198342258,0.548005160732802,4.0,0.0,38.07692307692308,0
1001,2018,13,13,hulkenberg,renault,20,34.0,11.456375838926174,10.142857142857142,11.456375838926174,11.323809523809524,5.81676416071095,10.457346968885322,-0.0966506999918882,4.0,0.0,38.07692307692308,0
1002,2018,14,14,hamilton,mercedes,3,21.0,5.352941176470588,5.727272727272728,5.351851851851852,4.854838709677419,30.16442379242288,3.0889315991023776,0.3767131133238497,2.0,0.0,27.714285714285715,1
1002,2018,14,14,raikkonen,ferrari,1,21.0,7.751748251748252,7.0,7.828996282527881,7.808988764044944,27.606967527718943,6.677801847141528,-2.6135732736045605,2.0,0.0,27.714285714285715,0
1002,2018,14,14,bottas,mercedes,4,21.0,8.054054054054054,6.2,8.054054054054054,7.742857142857143,30.16442379242288,5.3929880492587525,0.3277391401394982,2.0,0.0,27.714285714285715,0
1002,2018,14,14,vettel,ferrari,2,21.0,6.004716981132075,6.2727272727272725,5.903846153846154,5.762711864406779,27.606967527718943,4.350505860428242,-1.7484246404225852,2.0,0.0,27.714285714285715,0
1002,2018,14,14,max_verstappen,red_bull,5,21.0,8.876712328767123,9.666666666666666,8.876712328767123,9.25,17.18338512763563,7.78233463553158,-1.5903639319201872,2.0,0.0,27.714285714285715,0
1002,2018,14,14,ocon,force_india,8,21.0,11.047619047619047,12.0,11.047619047619047,11.0,8.04006245674268,9.695988992923354,0.6587670805382474,2.0,0.0,27.714285714285715,0
1002,2018,14,14,perez,force_india,14,21.0,10.563758389261745,8.714285714285714,10.563758389261745,9.813953488372093,8.04006245674268,9.702801623987266,1.4030357695743887,2.0,0.0,27.714285714285715,0
1002,2018,14,14,sainz,renault,7,21.0,11.876712328767123,13.333333333333334,11.876712328767123,11.75,4.759170676945322,10.914033112091891,-1.025847861102052,2.0,0.0,27.714285714285715,0
1002,2018,14,14,stroll,williams,10,21.0,13.212121212121213,7.0,13.212121212121213,13.1,0.4204970042911019,14.696981897744031,1.8532196449598517,2.0,0.0,27.714285714285715,0
1002,2018,14,14,sirotkin,williams,12,21.0,15.846153846153848,15.846153846153848,15.846153846153848,16.0,0.4204970042911019,15.1899843785633,1.40007949411914,2.0,0.0,27.714285714285715,0
1002,2018,14,14,leclerc,sauber,15,21.0,13.76923076923077,13.76923076923077,13.76923076923077,12.666666666666666,1.1106410985381203,15.302473152291432,-2.2682591677201063,2.0,0.0,27.714285714285715,0
1002,2018,14,14,vandoorne,mclaren,17,21.0,13.294117647058824,19.0,13.294117647058824,14.1,2.406860041825379,14.01144613188392,2.0584398614508705,2.0,0.0,27.714285714285715,0
1002,2018,14,14,hulkenberg,renault,20,21.0,11.513333333333334,10.714285714285714,11.513333333333334,11.772727272727272,4.759170676945322,12.192374792724502,-0.0790778454479071,2.0,0.0,27.714285714285715,0
1002,2018,14,14,gasly,toro_rosso,9,21.0,12.77777777777778,12.77777777777778,12.77777777777778,13.4,2.308946508290544,11.487580681286994,0.7205518103434032,2.0,0.0,27.714285714285715,0
1002,2018,14,14,ericsson,sauber,18,21.0,15.089887640449438,15.75,15.089887640449438,14.964285714285714,1.1106410985381203,12.780048772196318,2.603774009330958,2.0,0.0,27.714285714285715,0
1002,2018,14,14,kevin_magnussen,haas,11,21.0,12.16216216216216,12.666666666666666,12.16216216216216,12.08695652173913,6.999120517095342,9.033727352359469,0.1622665867352092,2.0,0.0,27.714285714285715,0
1002,2018,14,14,ricciardo,red_bull,19,21.0,9.669014084507042,8.142857142857142,9.669014084507042,9.142857142857142,17.18338512763563,10.409033107223491,-1.57712901023859,2.0,0.0,27.714285714285715,0
1002,2018,14,14,alonso,mclaren,13,21.0,8.055555555555555,9.1875,7.965635738831615,9.362637362637363,2.406860041825379,12.750215253189122,-0.2789048684913442,2.0,0.0,27.714285714285715,0
1002,2018,14,14,brendon_hartley,toro_rosso,16,21.0,15.352941176470589,15.352941176470589,15.352941176470589,16.333333333333332,2.308946508290544,14.527288987935014,-1.7380854963099757,2.0,0.0,27.714285714285715,0
1002,2018,14,14,grosjean,haas,6,21.0,12.62043795620438,14.0,12.62043795620438,12.707317073170731,6.999120517095342,10.436988803373907,-0.9031882942079263,2.0,0.0,27.714285714285715,0
1003,2018,15,15,hamilton,mercedes,1,25.0,5.333333333333333,8.0,5.331797235023042,5.547169811320755,31.95271037561872,2.709125853811036,0.6718561836286044,4.0,0.0,45.583333333333336,1
1003,2018,15,15,max_verstappen,red_bull,2,25.0,8.824324324324325,11.0,8.824324324324325,8.693877551020408,15.877315104429153,7.276455431029792,-1.301206750582648,4.0,0.0,45.583333333333336,0
1003,2018,15,15,vettel,ferrari,3,25.0,5.995305164319249,4.0,5.894736842105263,6.098039215686274,28.04206434086095,4.286777522168562,-1.7941656148912062,4.0,0.0,45.583333333333336,0
1003,2018,15,15,bottas,mercedes,4,25.0,8.008928571428571,10.4,8.008928571428571,8.197368421052632,31.95271037561872,4.957899312954422,0.4499683874080632,4.0,0.0,45.583333333333336,0
1003,2018,15,15,raikkonen,ferrari,5,25.0,7.73170731707317,8.625,7.807407407407408,7.725888324873097,28.04206434086095,5.827292420388523,-2.3201963147673674,4.0,0.0,45.583333333333336,0
1003,2018,15,15,ricciardo,red_bull,6,25.0,9.72027972027972,8.428571428571429,9.72027972027972,9.89,15.877315104429153,11.60739072409236,-0.9267419174677128,4.0,0.0,45.583333333333336,0
1003,2018,15,15,alonso,mclaren,11,25.0,8.087947882736156,5.9,8.0,7.502325581395349,1.9692491251298556,13.7047215707911,-1.1372858014929186,4.0,0.0,45.583333333333336,0
1003,2018,15,15,sainz,renault,12,25.0,11.824324324324325,9.0,11.824324324324325,11.93877551020408,4.621139644773446,10.38420872152024,-1.0211482483216934,4.0,0.0,45.583333333333336,0
1003,2018,15,15,leclerc,sauber,13,25.0,13.571428571428571,13.571428571428571,13.571428571428571,14.1,0.908706353349371,14.470059240195688,-1.0555180415952412,4.0,0.0,45.583333333333336,0
1003,2018,15,15,hulkenberg,renault,10,25.0,11.52317880794702,13.857142857142858,11.52317880794702,11.40566037735849,4.621139644773446,12.339215739501876,1.2080272173608928,4.0,0.0,45.583333333333336,0
1003,2018,15,15,ericsson,sauber,14,25.0,15.088888888888889,14.5,15.088888888888889,15.147540983606556,0.908706353349371,13.183676273947777,2.675815099576426,4.0,0.0,45.583333333333336,0
1003,2018,15,15,vandoorne,mclaren,18,25.0,13.257142857142858,7.0,13.257142857142858,12.958333333333334,1.9692491251298556,13.645402609086572,2.5937457881506325,4.0,0.0,45.583333333333336,0
1003,2018,15,15,gasly,toro_rosso,15,25.0,12.842105263157896,12.842105263157896,12.842105263157896,12.538461538461538,1.8891380522377177,11.954701732343285,-0.3430406220051983,4.0,0.0,45.583333333333336,0
1003,2018,15,15,stroll,williams,20,25.0,13.088235294117649,8.0,13.088235294117649,13.26086956521739,0.8894975489654473,13.66003812346259,1.6979197309323744,4.0,0.0,45.583333333333336,0
1003,2018,15,15,grosjean,haas,8,25.0,12.673913043478262,15.0,12.673913043478262,12.583333333333334,5.726532665721468,12.175718111853016,-3.2844267861723613,4.0,0.0,45.583333333333336,0
1003,2018,15,15,perez,force_india,7,25.0,10.54,7.857142857142857,10.54,10.867924528301886,9.123687464607649,9.211383146898632,2.4206656296518587,4.0,0.0,45.583333333333336,0
1003,2018,15,15,brendon_hartley,toro_rosso,17,25.0,15.555555555555555,15.555555555555555,15.555555555555555,14.818181818181818,1.8891380522377177,15.36307183142685,-1.9738902440999977,4.0,0.0,45.583333333333336,0
1003,2018,15,15,kevin_magnussen,haas,16,25.0,12.213333333333331,11.0,12.213333333333331,12.196078431372548,5.726532665721468,10.300322747649949,-0.7763276111584523,4.0,0.0,45.583333333333336,0
1003,2018,15,15,sirotkin,williams,19,25.0,15.428571428571429,15.428571428571429,15.428571428571429,15.8,0.8894975489654473,14.185860692637496,1.5161481266405958,4.0,0.0,45.583333333333336,0
1003,2018,15,15,ocon,force_india,9,25.0,10.930232558139537,14.0,10.930232558139537,11.071428571428571,9.123687464607649,9.023870771056972,0.902671238982256,4.0,0.0,45.583333333333336,0
1004,2018,16,71,hamilton,mercedes,2,20.0,5.313901345291479,2.0,5.311926605504588,4.7936507936507935,32.8703993982335,2.3983756985726656,0.5497005138779489,1.0,0.0,24.5,1
1004,2018,16,71,bottas,mercedes,1,20.0,7.9734513274336285,5.0,7.9734513274336285,7.611111111111111,32.8703993982335,4.783735801483447,0.3681559533222593,1.0,0.0,24.5,0
1004,2018,16,71,vettel,ferrari,3,20.0,5.981308411214953,8.0,5.880952380952381,5.733333333333333,27.488961733431683,4.052817972683368,-1.4679536849109869,1.0,0.0,24.5,0
1004,2018,16,71,raikkonen,ferrari,4,20.0,7.722222222222222,5.75,7.797047970479705,7.7444444444444445,27.488961733431683,5.676875616681519,-1.8983424393551185,1.0,0.0,24.5,0
1004,2018,16,71,max_verstappen,red_bull,19,20.0,8.733333333333333,11.333333333333334,8.733333333333333,9.08,17.717803267260216,6.317099619043113,-1.064623636201232,1.0,0.0,24.5,0
1004,2018,16,71,ricciardo,red_bull,18,20.0,9.694444444444445,12.5,9.694444444444445,9.325581395348838,17.717803267260216,10.58786513789346,-0.7582433870189902,1.0,0.0,24.5,0
1004,2018,16,71,leclerc,sauber,7,20.0,13.266666666666667,13.266666666666667,13.266666666666667,12.25,1.107123380013122,13.423941217246004,-0.0886786882300519,1.0,0.0,24.5,0
1004,2018,16,71,kevin_magnussen,haas,5,20.0,12.289473684210526,8.333333333333334,12.289473684210526,12.25,4.685331195555754,11.700264399452594,-0.9988135529915692,1.0,0.0,24.5,0
1004,2018,16,71,ocon,force_india,6,20.0,11.136363636363637,7.0,11.136363636363637,10.666666666666666,7.464835198315346,11.019822738126855,-1.261767569754374,1.0,0.0,24.5,0
1004,2018,16,71,perez,force_india,8,20.0,10.57615894039735,7.0,10.57615894039735,9.75,7.464835198315346,10.445677120189876,0.3441809697150127,1.0,0.0,24.5,0
1004,2018,16,71,grosjean,haas,9,20.0,12.690647482014388,15.25,12.690647482014388,12.88095238095238,4.685331195555754,12.689223909698317,-3.959985552323361,1.0,0.0,24.5,0
1004,2018,16,71,hulkenberg,renault,12,20.0,11.513157894736842,15.0,11.513157894736842,11.8,4.690023345723729,11.913903786865143,0.9883859051134452,1.0,0.0,24.5,0
1004,2018,16,71,ericsson,sauber,10,20.0,15.043956043956044,17.0,15.043956043956044,14.96551724137931,1.107123380013122,12.786644219481518,2.734757809435804,1.0,0.0,24.5,0
1004,2018,16,71,alonso,mclaren,16,20.0,8.084415584415584,10.75,7.996587030716723,9.456521739130435,2.702112920560791,12.48568128519272,-0.2032338375851145,1.0,0.0,24.5,0
1004,2018,16,71,stroll,williams,14,20.0,13.114285714285714,11.0,13.114285714285714,12.727272727272728,0.7277707218808204,13.721904479678653,2.4808134868648586,1.0,0.0,24.5,0
1004,2018,16,71,vandoorne,mclaren,15,20.0,13.22222222222222,14.0,13.22222222222222,13.909090909090908,2.702112920560791,13.346020315908357,3.213516409310366,1.0,0.0,24.5,0
1004,2018,16,71,sainz,renault,11,20.0,11.773333333333332,12.666666666666666,11.773333333333332,11.6,4.690023345723729,9.950716100597376,-0.108211937603341,1.0,0.0,24.5,0
1004,2018,16,71,sirotkin,williams,13,20.0,15.666666666666666,15.666666666666666,15.666666666666666,14.5,0.7277707218808204,15.106537722497649,1.2261933361905772,1.0,0.0,24.5,0
1004,2018,16,71,gasly,toro_rosso,17,20.0,12.85,12.85,12.85,13.5,1.5456584063763144,12.148253756624708,0.0908070838551927,1.0,0.0,24.5,0
1004,2018,16,71,brendon_hartley,toro_rosso,20,20.0,15.63157894736842,15.63157894736842,15.63157894736842,16.714285714285715,1.5456584063763144,15.667417368380942,-1.6068951017580453,1.0,0.0,24.5,0
1005,2018,17,22,hamilton,mercedes,1,23.0,5.294642857142857,4.888888888888889,5.292237442922374,5.51875,34.71214496219105,2.144125571559454,0.631573147718322,4.0,0.0,44.66666666666666,1
1005,2018,17,22,bottas,mercedes,2,23.0,7.921052631578948,8.4,7.921052631578948,8.142857142857142,34.71214496219105,4.277602019336778,0.1194003254166011,4.0,0.0,44.66666666666666,0
1005,2018,17,22,max_verstappen,red_bull,3,23.0,8.68421052631579,4.333333333333333,8.68421052631579,8.56,17.769111764121995,6.077626904039497,1.6743994950101315,4.0,0.0,44.66666666666666,0
1005,2018,17,22,ricciardo,red_bull,15,23.0,9.66896551724138,10.428571428571429,9.66896551724138,9.851485148514852,17.769111764121995,9.753707840094457,1.5614372288031806,4.0,0.0,44.66666666666666,0
1005,2018,17,22,raikkonen,ferrari,4,23.0,7.709342560553633,6.076923076923077,7.783088235294118,7.712121212121212,27.40005960008047,5.371989140921243,-1.5531892685632784,4.0,0.0,44.66666666666666,0
1005,2018,17,22,vettel,ferrari,8,23.0,5.967441860465116,4.0,5.867298578199052,6.077922077922078,27.40005960008047,3.861396523104573,-1.2010530149271708,4.0,0.0,44.66666666666666,0
1005,2018,17,22,perez,force_india,9,23.0,10.572368421052632,11.571428571428571,10.572368421052632,10.91588785046729,6.653046980439828,10.364644916518984,-0.0820337520513775,4.0,0.0,44.66666666666666,0
1005,2018,17,22,grosjean,haas,5,23.0,12.678571428571429,11.428571428571429,12.678571428571429,12.608247422680412,4.560724180925748,12.382092289752972,-3.603624542809798,4.0,0.0,44.66666666666666,0
1005,2018,17,22,ocon,force_india,11,23.0,11.088888888888889,13.5,11.088888888888889,11.379310344827584,6.653046980439828,10.652538261354884,-1.5778476774785295,4.0,0.0,44.66666666666666,0
1005,2018,17,22,sainz,renault,13,23.0,11.842105263157896,15.666666666666666,11.842105263157896,11.86,3.837291828319414,11.232404387355563,-1.1794463857258566,4.0,0.0,44.66666666666666,0
1005,2018,17,22,gasly,toro_rosso,7,23.0,13.142857142857142,13.0,13.142857142857142,12.571428571428571,1.2646296052169843,13.412722039836977,-0.2950448070268688,4.0,0.0,44.66666666666666,0
1005,2018,17,22,ericsson,sauber,20,23.0,15.021739130434783,16.0,15.021739130434783,15.080645161290322,1.996737310919828,12.825436179948117,1.6920745613488215,4.0,0.0,44.66666666666666,0
1005,2018,17,22,brendon_hartley,toro_rosso,6,23.0,15.85,15.85,15.85,15.0,1.2646296052169843,16.46965742240521,-1.309355337868079,4.0,0.0,44.66666666666666,0
1005,2018,17,22,alonso,mclaren,18,23.0,8.103559870550162,10.0,8.017006802721088,7.5,2.210819662277011,12.761011960612226,0.1973541328849065,4.0,0.0,44.66666666666666,0
1005,2018,17,22,vandoorne,mclaren,19,23.0,13.297297297297296,14.0,13.297297297297296,12.92,2.210819662277011,13.828849973849785,2.446965444797532,4.0,0.0,44.66666666666666,0
1005,2018,17,22,sirotkin,williams,17,23.0,15.8125,15.8125,15.8125,16.09090909090909,0.5954487724479438,15.65472873679906,0.0465881045131651,4.0,0.0,44.66666666666666,0
1005,2018,17,22,stroll,williams,14,23.0,13.166666666666666,16.0,13.166666666666666,13.291666666666666,0.5954487724479438,13.95445496043122,1.847476747231401,4.0,0.0,44.66666666666666,0
1005,2018,17,22,leclerc,sauber,10,23.0,12.875,12.875,12.875,13.636363636363637,1.996737310919828,12.206870969233451,-0.0718777572396145,4.0,0.0,44.66666666666666,0
1005,2018,17,22,hulkenberg,renault,16,23.0,11.516339869281046,10.285714285714286,11.516339869281046,11.392523364485982,3.837291828319414,11.929557643798756,0.8086793769109922,4.0,0.0,44.66666666666666,0
1005,2018,17,22,kevin_magnussen,haas,12,23.0,12.233766233766234,12.0,12.233766233766234,12.307692307692308,4.560724180925748,11.02748892308692,-1.3626657051193474,4.0,0.0,44.66666666666666,0
1006,2018,18,69,raikkonen,ferrari,2,24.0,7.7,11.4,7.772893772893773,7.703296703296703,25.690957854611295,5.304354751662835,-1.4526094015517732,3.0,0.0,32.916666666666664,1
1006,2018,18,69,max_verstappen,red_bull,18,24.0,8.61038961038961,9.333333333333334,8.61038961038961,8.923076923076923,19.44745507973618,5.5180582670666105,1.3699631639067285,3.0,0.0,32.916666666666664,0
1006,2018,18,69,hamilton,mercedes,1,24.0,5.275555555555556,1.5,5.2727272727272725,4.734375,36.21902769633813,1.9361027403668256,0.5167416663149906,3.0,0.0,32.916666666666664,0
1006,2018,18,69,vettel,ferrari,5,24.0,5.967592592592593,3.1666666666666665,5.867924528301887,5.688524590163935,25.690957854611295,4.250233518903742,-0.619043375849503,3.0,0.0,32.916666666666664,0
1006,2018,18,69,bottas,mercedes,3,24.0,7.869565217391305,10.6,7.869565217391305,7.45945945945946,36.21902769633813,3.863492561236205,0.0976911753387931,3.0,0.0,32.916666666666664,0
1006,2018,18,69,hulkenberg,renault,7,24.0,11.564935064935066,14.333333333333334,11.564935064935066,11.804347826086955,3.3214205868067928,13.215092617653577,0.1161922174726035,3.0,0.0,32.916666666666664,0
1006,2018,18,69,sainz,renault,11,24.0,11.818181818181818,6.666666666666667,11.818181818181818,11.807692307692308,3.3214205868067928,11.008330818747616,-0.4195468948901533,3.0,0.0,32.916666666666664,0
1006,2018,18,69,perez,force_india,10,24.0,10.549019607843135,9.333333333333334,10.549019607843135,9.755555555555556,6.897947529450768,9.752891295333686,0.2965178392307088,3.0,0.0,32.916666666666664,0
1006,2018,18,69,brendon_hartley,toro_rosso,20,24.0,15.714285714285714,13.0,15.714285714285714,17.125,1.034696949722987,15.829343025402355,-2.35954596529451,3.0,0.0,32.916666666666664,0
1006,2018,18,69,ericsson,sauber,16,24.0,14.989247311827956,14.666666666666666,14.989247311827956,14.9,1.6336941634798583,12.675356873324438,2.8389701046555667,3.0,0.0,32.916666666666664,0
1006,2018,18,69,vandoorne,mclaren,17,24.0,13.342105263157896,12.0,13.342105263157896,14.083333333333334,1.808852450953918,14.041890275630346,2.729473187553232,3.0,0.0,32.916666666666664,0
1006,2018,18,69,gasly,toro_rosso,19,24.0,13.045454545454543,13.045454545454543,13.045454545454543,14.285714285714286,1.034696949722987,12.968673420927194,-0.976922043359282,3.0,0.0,32.916666666666664,0
1006,2018,18,69,sirotkin,williams,14,24.0,15.823529411764708,15.823529411764708,15.823529411764708,15.2,0.4871853592755903,15.719647313006735,0.225850468315636,3.0,0.0,32.916666666666664,0
1006,2018,18,69,stroll,williams,15,24.0,13.27027027027027,11.0,13.27027027027027,12.916666666666666,0.4871853592755903,14.5085207954165,0.965591496272584,3.0,0.0,32.916666666666664,0
1006,2018,18,69,leclerc,sauber,9,24.0,13.176470588235292,13.176470588235292,13.176470588235292,11.2,1.6336941634798583,13.29610638656339,-1.5625387616593966,3.0,0.0,32.916666666666664,0
1006,2018,18,69,ricciardo,red_bull,4,24.0,9.63013698630137,9.5,9.63013698630137,9.25,19.44745507973618,8.707579141895266,3.27753955083929,3.0,0.0,32.916666666666664,0
1006,2018,18,69,grosjean,haas,8,24.0,12.645390070921986,10.333333333333334,12.645390070921986,12.83720930232558,4.458773431012806,11.585348237070203,-3.4938746259352325,3.0,0.0,32.916666666666664,0
1006,2018,18,69,alonso,mclaren,13,24.0,8.12258064516129,7.833333333333333,8.03728813559322,9.505376344086022,1.808852450953918,12.986282513228184,0.8887442905421967,3.0,0.0,32.916666666666664,0
1006,2018,18,69,ocon,force_india,6,24.0,11.043478260869565,12.0,11.043478260869565,10.5625,6.897947529450768,10.352047320273602,-0.9272661806425428,3.0,0.0,32.916666666666664,0
1006,2018,18,69,kevin_magnussen,haas,12,24.0,12.333333333333334,12.0,12.333333333333334,12.08,4.458773431012806,12.658854833353542,-2.569453951006597,3.0,0.0,32.916666666666664,0
1007,2018,19,32,max_verstappen,red_bull,2,29.0,8.525641025641026,4.666666666666667,8.525641025641026,8.666666666666666,19.184281428875057,4.878411207505812,4.029970285186177,2.0,0.0,27.88888888888889,1
1007,2018,19,32,vettel,ferrari,4,29.0,5.95852534562212,9.0,5.859154929577465,5.661290322580645,27.747147335591063,4.204736515466698,-0.3246718529677749,2.0,0.0,27.88888888888889,0
1007,2018,19,32,raikkonen,ferrari,6,29.0,7.676975945017182,9.333333333333334,7.748175182481752,7.630434782608695,27.747147335591063,4.521744796815047,-1.0066804194514505,2.0,0.0,27.88888888888889,0
1007,2018,19,32,hamilton,mercedes,3,29.0,5.265486725663717,4.0,5.262443438914027,4.707692307692308,34.1792044788221,2.129538605754676,0.0591522724395374,2.0,0.0,27.88888888888889,0
1007,2018,19,32,bottas,mercedes,5,29.0,7.844827586206897,4.333333333333333,7.844827586206897,7.394736842105263,34.1792044788221,4.070130277391138,-0.2837072202069967,2.0,0.0,27.88888888888889,0
1007,2018,19,32,hulkenberg,renault,7,29.0,11.529032258064516,11.0,11.529032258064516,11.680851063829786,5.26298048011465,11.903257596261977,0.2768845415684988,2.0,0.0,27.88888888888889,0
1007,2018,19,32,leclerc,sauber,9,29.0,13.27777777777778,13.27777777777778,13.27777777777778,11.833333333333334,1.5184770428471568,13.61450054290486,-2.391734737357553,2.0,0.0,27.88888888888889,0
1007,2018,19,32,vandoorne,mclaren,15,29.0,13.282051282051285,12.0,13.282051282051285,13.846153846153848,1.4799701871441144,13.488598466432745,3.324351875842855,2.0,0.0,27.88888888888889,0
1007,2018,19,32,ericsson,sauber,10,29.0,14.936170212765957,13.333333333333334,14.936170212765957,14.741935483870968,1.5184770428471568,12.188928347776434,3.4137028165927554,2.0,0.0,27.88888888888889,0
1007,2018,19,32,gasly,toro_rosso,20,29.0,13.0,13.0,13.0,14.0,1.2102065952278986,12.790790299669142,0.4879264395759824,2.0,0.0,27.88888888888889,0
1007,2018,19,32,ocon,force_india,11,29.0,11.212765957446807,13.0,11.212765957446807,11.058823529411764,6.371047978641537,11.924528398400067,-3.122484655496371,2.0,0.0,27.88888888888889,0
1007,2018,19,32,stroll,williams,17,29.0,13.289473684210526,6.0,13.289473684210526,13.0,0.3986062030436647,14.416017340437856,0.9718506414326644,2.0,0.0,27.88888888888889,0
1007,2018,19,32,sirotkin,williams,19,29.0,15.666666666666666,15.666666666666666,15.666666666666666,14.833333333333334,0.3986062030436647,15.211446680676977,0.3705101378390446,2.0,0.0,27.88888888888889,0
1007,2018,19,32,brendon_hartley,toro_rosso,14,29.0,15.409090909090908,18.0,15.409090909090908,16.22222222222222,1.2102065952278986,14.572438877962329,0.0992071928403574,2.0,0.0,27.88888888888889,0
1007,2018,19,32,kevin_magnussen,haas,16,29.0,12.430379746835444,12.5,12.430379746835444,12.384615384615383,3.6480815048068567,13.993608674011746,-3.5568260886258805,2.0,0.0,27.88888888888889,0
1007,2018,19,32,grosjean,haas,18,29.0,12.67605633802817,15.0,12.67605633802817,12.931818181818182,3.6480815048068567,12.569830375785124,-4.494988330311067,2.0,0.0,27.88888888888889,0
1007,2018,19,32,ricciardo,red_bull,1,29.0,9.673469387755102,9.333333333333334,9.673469387755102,9.4,19.184281428875057,10.03347384336906,0.4998050870498985,2.0,0.0,27.88888888888889,0
1007,2018,19,32,perez,force_india,13,29.0,10.532467532467532,8.333333333333334,10.532467532467532,9.717391304347826,6.371047978641537,9.434183787091186,0.6062418684615009,2.0,0.0,27.88888888888889,0
1007,2018,19,32,sainz,renault,8,29.0,11.756410256410255,15.0,11.756410256410255,11.62962962962963,5.26298048011465,10.279543281042434,0.3840072140259217,2.0,0.0,27.88888888888889,0
1007,2018,19,32,alonso,mclaren,12,29.0,8.154340836012862,14.333333333333334,8.070945945945946,9.595744680851064,1.4799701871441144,13.89786751082306,-0.1819364895563852,2.0,0.0,27.88888888888889,0
1008,2018,20,18,hamilton,mercedes,1,25.0,5.259911894273127,7.181818181818182,5.256756756756757,5.490683229813665,31.96480366449081,2.4696224956174624,-0.1334208680040149,5.0,0.0,53.92307692307692,1
1008,2018,20,18,max_verstappen,red_bull,5,25.0,8.430379746835444,5.666666666666667,8.430379746835444,8.450980392156863,20.241684805443228,4.17324544149018,3.479066525156056,5.0,0.0,53.92307692307692,0
1008,2018,20,18,raikkonen,ferrari,4,25.0,7.660958904109589,6.357142857142857,7.73090909090909,7.698492462311558,28.70221145639269,4.245063924666856,-0.2781930704602772,5.0,0.0,53.92307692307692,0
1008,2018,20,18,ricciardo,red_bull,11,25.0,9.722972972972974,12.285714285714286,9.722972972972974,9.794117647058824,20.241684805443228,11.300114962756664,-2.500159474232281,5.0,0.0,53.92307692307692,0
1008,2018,20,18,bottas,mercedes,3,25.0,7.82051282051282,9.8,7.82051282051282,8.064102564102564,31.96480366449081,4.239197499694411,-0.2321240892569895,5.0,0.0,53.92307692307692,0
1008,2018,20,18,vettel,ferrari,2,25.0,5.940366972477064,4.545454545454546,5.841121495327103,6.077419354838709,28.70221145639269,3.8038753308363895,0.0979957566627298,5.0,0.0,53.92307692307692,0
1008,2018,20,18,leclerc,sauber,7,25.0,12.947368421052632,12.947368421052632,12.947368421052632,14.0,2.6969357623294927,12.384700874194753,-1.5752023491550295,5.0,0.0,53.92307692307692,0
1008,2018,20,18,grosjean,haas,8,25.0,12.6993006993007,16.857142857142858,12.6993006993007,12.56122448979592,2.984790043820005,13.193497580188044,-3.314081361163193,5.0,0.0,53.92307692307692,0
1008,2018,20,18,kevin_magnussen,haas,10,25.0,12.4625,14.333333333333334,12.4625,12.452830188679243,2.984790043820005,14.176588934616491,-2.728312165964152,5.0,0.0,53.92307692307692,0
1008,2018,20,18,perez,force_india,12,25.0,10.580645161290322,11.857142857142858,10.580645161290322,10.87962962962963,5.21267561888853,10.99160491671102,-0.4130748348951676,5.0,0.0,53.92307692307692,0
1008,2018,20,18,brendon_hartley,toro_rosso,16,25.0,15.347826086956522,17.0,15.347826086956522,14.846153846153848,1.1719872142773715,14.467318605080338,0.080989200344186,5.0,0.0,53.92307692307692,0
1008,2018,20,18,sainz,renault,15,25.0,11.848101265822784,12.0,11.848101265822784,11.823529411764708,5.760620392821077,11.865081072994233,-1.6858125492499263,5.0,0.0,53.92307692307692,0
1008,2018,20,18,gasly,toro_rosso,9,25.0,12.875,12.0,12.875,12.466666666666669,1.1719872142773715,12.279231103377295,2.2315145214953915,5.0,0.0,53.92307692307692,0
1008,2018,20,18,vandoorne,mclaren,20,25.0,13.15,19.0,13.15,13.0,1.9381574258451848,12.490345460527044,3.9928698610865982,5.0,0.0,53.92307692307692,0
1008,2018,20,18,ocon,force_india,18,25.0,11.208333333333334,15.0,11.208333333333334,11.3,5.21267561888853,11.756421300988649,-2.554722937137507,5.0,0.0,53.92307692307692,0
1008,2018,20,18,sirotkin,williams,14,25.0,15.526315789473683,15.526315789473683,15.526315789473683,16.083333333333332,0.3261323479448165,14.800283906159724,1.4171718959847397,5.0,0.0,53.92307692307692,0
1008,2018,20,18,alonso,mclaren,17,25.0,8.192307692307692,6.6875,8.11111111111111,7.529953917050691,1.9381574258451848,15.007346145218868,-1.603402582364316,5.0,0.0,53.92307692307692,0
1008,2018,20,18,stroll,williams,19,25.0,13.256410256410255,16.0,13.256410256410255,13.44,0.3261323479448165,13.97656605054324,1.7045338891405528,5.0,0.0,53.92307692307692,0
1008,2018,20,18,hulkenberg,renault,13,25.0,11.493589743589745,7.428571428571429,11.493589743589745,11.462962962962964,5.760620392821077,10.829938033305224,0.4083600794651387,5.0,0.0,53.92307692307692,0
1008,2018,20,18,ericsson,sauber,6,25.0,14.873684210526315,16.666666666666668,14.873684210526315,15.031746031746032,2.6969357623294927,11.609123190587262,2.9748477567233995,5.0,0.0,53.92307692307692,0
1009,2018,21,24,hamilton,mercedes,1,18.0,5.241228070175438,6.222222222222222,5.237668161434978,4.696969696969697,32.5166575436743,2.2024184055051963,-0.1091625283669212,3.0,0.0,31.857142857142858,1
1009,2018,21,24,vettel,ferrari,3,18.0,5.940639269406392,5.333333333333333,5.841860465116279,5.603174603174603,27.665445737048564,4.203170725229774,-0.6470943809123124,3.0,0.0,31.857142857142858,0
1009,2018,21,24,max_verstappen,red_bull,6,18.0,8.35,8.333333333333334,8.35,8.392857142857142,22.01592393172628,3.778109864530141,3.3919635112921545,3.0,0.0,31.857142857142858,0
1009,2018,21,24,ricciardo,red_bull,5,18.0,9.68456375838926,11.714285714285714,9.68456375838926,9.565217391304348,22.01592393172628,9.972821333164404,-0.7728577516444146,3.0,0.0,31.857142857142858,0
1009,2018,21,24,bottas,mercedes,2,18.0,7.796610169491525,10.6,7.796610169491525,7.333333333333333,32.5166575436743,4.377525227029898,-0.5535560730451712,3.0,0.0,31.857142857142858,0
1009,2018,21,24,sainz,renault,11,18.0,11.85,16.0,11.85,11.892857142857142,4.713234866853608,11.889611789611632,-0.8338465403370621,3.0,0.0,31.857142857142858,0
1009,2018,21,24,leclerc,sauber,8,18.0,12.65,12.65,12.65,11.142857142857142,3.2974928964514034,11.387645979339988,-1.2835309547163154,3.0,0.0,31.857142857142858,0
1009,2018,21,24,perez,force_india,14,18.0,10.576923076923077,8.857142857142858,10.576923076923077,9.893617021276595,4.446734597272433,10.811313113672648,0.0256660441766923,3.0,0.0,31.857142857142858,0
1009,2018,21,24,grosjean,haas,7,18.0,12.666666666666666,12.142857142857142,12.666666666666666,13.0,3.5330126831105964,12.249225292880858,-2.7115211136788058,3.0,0.0,31.857142857142858,0
1009,2018,21,24,kevin_magnussen,haas,13,18.0,12.419753086419751,15.333333333333334,12.419753086419751,12.48148148148148,3.5330126831105964,13.23539086437157,-2.05043716754377,3.0,0.0,31.857142857142858,0
1009,2018,21,24,alonso,mclaren,15,18.0,8.220447284345047,8.333333333333334,8.140939597315436,9.705263157894738,1.5857651666006054,15.369646846088164,-1.3118748401162583,3.0,0.0,31.857142857142858,0
1009,2018,21,24,brendon_hartley,toro_rosso,16,18.0,15.166666666666666,15.0,15.166666666666666,16.0,0.958898629863304,13.831749992450094,0.9826568073733328,3.0,0.0,31.857142857142858,0
1009,2018,21,24,stroll,williams,20,18.0,13.375,18.0,13.375,12.928571428571429,0.2668355574093953,14.708338480002572,1.576394970453339,3.0,0.0,31.857142857142858,0
1009,2018,21,24,vandoorne,mclaren,18,18.0,13.170731707317072,12.0,13.170731707317072,13.428571428571429,1.5857651666006054,12.764901466503636,4.357900151134075,3.0,0.0,31.857142857142858,0
1009,2018,21,24,sirotkin,williams,19,18.0,15.55,15.55,15.55,14.571428571428571,0.2668355574093953,15.022428614240352,0.784433319589587,3.0,0.0,31.857142857142858,0
1009,2018,21,24,gasly,toro_rosso,17,18.0,12.88,16.0,12.88,13.555555555555555,0.958898629863304,12.411154103749642,1.0909546327550428,3.0,0.0,31.857142857142858,0
1009,2018,21,24,ocon,force_india,9,18.0,11.285714285714286,10.5,11.285714285714286,11.055555555555555,4.446734597272433,12.346194529182371,-1.544719116556287,3.0,0.0,31.857142857142858,0
1009,2018,21,24,ericsson,sauber,12,18.0,14.927083333333334,15.333333333333334,14.927083333333334,14.5625,3.2974928964514034,13.134737162496904,-0.1114882123192419,3.0,0.0,31.857142857142858,0
1009,2018,21,24,raikkonen,ferrari,4,18.0,7.645051194539249,8.285714285714286,7.713768115942029,7.580645161290323,27.665445737048564,4.018688665636518,-0.0457943303765903,3.0,0.0,31.857142857142858,0
1009,2018,21,24,hulkenberg,renault,10,18.0,11.54140127388535,11.428571428571429,11.54140127388535,11.5625,4.713234866853608,12.31540384543158,-0.7567962986194564,3.0,0.0,31.857142857142858,0
1010,2019,1,1,bottas,mercedes,2,22.0,7.773109243697479,9.333333333333334,7.773109243697479,8.025316455696203,32.96817435391534,4.490702458483826,-0.9983640597831678,4.0,0.0,35.0,1
1010,2019,1,1,hamilton,mercedes,1,22.0,5.222707423580786,5.5,5.21875,5.462962962962963,32.96817435391534,1.983796877231524,-0.0893147959365719,4.0,0.0,35.0,0
1010,2019,1,1,max_verstappen,red_bull,4,22.0,8.283950617283951,8.5,8.283950617283951,8.326923076923077,22.92211958050332,3.636635331360827,3.3206974121109702,4.0,0.0,35.0,0
1010,2019,1,1,vettel,ferrari,3,22.0,5.922727272727273,7.454545454545454,5.824074074074074,6.076923076923077,25.9080919666761,3.8025942297334514,-0.3476226752918918,4.0,0.0,35.0,0
1010,2019,1,1,leclerc,ferrari,5,22.0,12.38095238095238,13.0,12.38095238095238,13.461538461538462,25.9080919666761,10.5779196728231,-0.8621124778186955,4.0,0.0,35.0,0
1010,2019,1,1,kevin_magnussen,haas,7,22.0,12.390243902439025,12.6,12.390243902439025,12.38888888888889,3.436100903298758,12.64713793794034,-1.132175798792037,4.0,0.0,35.0,0
1010,2019,1,1,hulkenberg,renault,11,22.0,11.59493670886076,13.0,11.59493670886076,11.53211009174312,5.31082852742568,13.712603146262223,-2.437378789779584,4.0,0.0,35.0,0
1010,2019,1,1,raikkonen,alfa,9,22.0,7.683673469387755,7.375,7.754512635379061,7.675,0.0,6.742563453702607,-2.7647408157626665,4.0,0.0,35.0,0
1010,2019,1,1,stroll,racing_point,16,22.0,13.365853658536585,15.0,13.365853658536585,13.615384615384617,0.0,14.397648466054497,2.562768538691503,4.0,0.0,35.0,0
1010,2019,1,1,kvyat,toro_rosso,15,22.0,12.594594594594597,14.0,12.594594594594597,12.306122448979592,0.7845534244336121,13.227546509932836,-0.5873652123569787,4.0,0.0,35.0,0
1010,2019,1,1,gasly,red_bull,17,22.0,13.0,18.0,13.0,12.5,22.92211958050332,13.067228248599122,1.0743272866304263,4.0,0.0,35.0,0
1010,2019,1,1,norris,mclaren,8,22.0,10.5,10.5,10.5,10.5,1.297444227218677,10.5,0.0,4.0,0.0,35.0,0
1010,2019,1,1,perez,racing_point,10,22.0,10.560509554140127,11.5,10.560509554140127,10.871559633027523,0.0,10.300165274823064,1.1119085815991347,4.0,0.0,35.0,0
1010,2019,1,1,albon,toro_rosso,13,22.0,10.5,10.5,10.5,10.5,0.7845534244336121,10.5,0.0,4.0,0.0,35.0,0
1010,2019,1,1,giovinazzi,alfa,14,22.0,15.5,12.0,15.5,15.5,0.0,15.85,1.25,4.0,0.0,35.0,0
1010,2019,1,1,russell,williams,19,22.0,10.5,10.5,10.5,10.5,0.2183200015167779,10.5,0.0,4.0,0.0,35.0,0
1010,2019,1,1,kubica,williams,20,22.0,8.789473684210526,11.25,9.02777777777778,9.39655172413793,0.2183200015167779,8.729496444568095,-1.2624538678017942,4.0,0.0,35.0,0
1010,2019,1,1,grosjean,haas,6,22.0,12.641379310344828,14.571428571428571,12.641379310344828,12.515151515151516,3.436100903298758,11.658457057811471,-2.5821536384644475,4.0,0.0,35.0,0
1010,2019,1,1,ricciardo,renault,12,22.0,9.646666666666668,11.571428571428571,9.646666666666668,9.737864077669904,5.31082852742568,8.88685381804351,-0.45051997861813,4.0,0.0,35.0,0
1010,2019,1,1,sainz,mclaren,18,22.0,11.77777777777778,9.0,11.77777777777778,11.826923076923077,1.297444227218677,10.818773188963718,0.2268529231943298,4.0,0.0,35.0,0
1011,2019,2,3,hamilton,mercedes,3,40.0,5.208695652173913,4.090909090909091,5.204444444444444,5.441717791411043,34.97396083502164,1.9867428995530647,-0.2548939239481044,5.0,0.0,49.0,1
1011,2019,2,3,bottas,mercedes,4,40.0,7.716666666666667,6.666666666666667,7.716666666666667,7.9375,34.97396083502164,3.856029284191932,-0.6350251398099358,5.0,0.0,49.0,0
1011,2019,2,3,leclerc,ferrari,1,40.0,12.045454545454543,12.0,12.045454545454543,12.857142857142858,25.19752979091681,9.551333316744488,-0.7034452758785386,5.0,0.0,49.0,0
1011,2019,2,3,max_verstappen,red_bull,5,40.0,8.21951219512195,15.25,8.21951219512195,8.226415094339623,21.481734202229987,3.5208834446671413,2.898752397964795,5.0,0.0,49.0,0
1011,2019,2,3,vettel,ferrari,2,40.0,5.914027149321267,6.4,5.815668202764977,6.063694267515924,25.19752979091681,3.838486187963733,-0.4662367343297298,5.0,0.0,49.0,0
1011,2019,2,3,norris,mclaren,9,40.0,12.0,12.0,12.0,12.0,1.061545276815281,12.0,-4.0,5.0,0.0,49.0,0
1011,2019,2,3,raikkonen,alfa,8,40.0,7.684745762711865,5.923076923076923,7.755395683453237,7.676616915422885,4.0,6.971188280302133,-2.0802424856239994,5.0,0.0,49.0,0
1011,2019,2,3,gasly,red_bull,13,40.0,12.925925925925926,4.0,12.925925925925926,12.411764705882351,21.481734202229987,12.68969400358914,1.9738941971873196,5.0,0.0,49.0,0
1011,2019,2,3,albon,toro_rosso,12,40.0,14.0,14.0,14.0,14.0,0.8237255290820463,14.0,-1.0,5.0,0.0,49.0,0
1011,2019,2,3,perez,racing_point,14,40.0,10.575949367088608,9.571428571428571,10.575949367088608,10.89090909090909,2.0,10.791044315764331,0.3642888394901882,5.0,0.0,49.0,0
1011,2019,2,3,giovinazzi,alfa,16,40.0,15.333333333333334,15.333333333333334,15.333333333333334,15.333333333333334,4.0,15.50830564784053,0.3455149501661129,5.0,0.0,49.0,0
1011,2019,2,3,kvyat,toro_rosso,15,40.0,12.56,9.75,12.56,12.26,0.8237255290820463,12.640719701058025,0.428519667224143,5.0,0.0,49.0,0
1011,2019,2,3,kevin_magnussen,haas,6,40.0,12.313253012048191,13.25,12.313253012048191,12.272727272727272,4.265903421401707,11.438567333168924,-0.744507449092717,5.0,0.0,49.0,0
1011,2019,2,3,stroll,racing_point,18,40.0,13.261904761904765,15.5,13.261904761904765,13.444444444444445,2.0,13.416043235978467,3.369714310886656,5.0,0.0,49.0,0
1011,2019,2,3,russell,williams,19,40.0,16.0,16.0,16.0,16.0,0.1786254557864546,16.0,3.0,5.0,0.0,49.0,0
1011,2019,2,3,kubica,williams,20,40.0,8.896103896103897,9.5,9.136986301369864,9.52542372881356,0.1786254557864546,10.233224656560958,-0.4874621045587961,5.0,0.0,49.0,0
1011,2019,2,3,hulkenberg,renault,17,40.0,11.566037735849056,10.75,11.566037735849056,11.49090909090909,5.436132431530102,12.492129846941802,-1.2669462825469158,5.0,0.0,49.0,0
1011,2019,2,3,ricciardo,renault,10,40.0,9.708609271523178,10.0,9.708609271523178,9.826923076923077,5.436132431530102,10.725607669308456,-1.6413345279603713,5.0,0.0,49.0,0
1011,2019,2,3,sainz,mclaren,7,40.0,11.878048780487806,16.0,11.878048780487806,11.9811320754717,1.061545276815281,12.488087273792242,-0.1780294553851283,5.0,0.0,49.0,0
1011,2019,2,3,grosjean,haas,11,40.0,12.678082191780822,7.285714285714286,12.678082191780822,12.57,4.265903421401707,12.81146486548233,-4.294489340562144,5.0,0.0,49.0,0
1012,2019,3,17,hamilton,mercedes,2,37.0,5.190476190476191,4.083333333333333,5.185840707964601,5.414634146341464,36.43324068319953,1.807335099634326,0.1550867894970057,5.0,0.0,50.8,1
1012,2019,3,17,bottas,mercedes,1,37.0,7.669421487603306,7.333333333333333,7.669421487603306,7.864197530864198,36.43324068319953,3.518569414329236,-0.1559296598308389,5.0,0.0,50.8,0
1012,2019,3,17,vettel,ferrari,3,37.0,5.90990990990991,4.25,5.811926605504588,6.056962025316456,25.34343346529557,4.049670517424873,-0.9269209644515972,5.0,0.0,50.8,0
1012,2019,3,17,max_verstappen,red_bull,5,37.0,8.168674698795181,8.25,8.168674698795181,8.148148148148149,20.48505525636999,3.6079955507255352,2.553524669076933,5.0,0.0,50.8,0
1012,2019,3,17,leclerc,ferrari,4,37.0,11.652173913043478,19.0,11.652173913043478,12.2,25.34343346529557,8.348273964017631,-0.9415391434565712,5.0,0.0,50.8,0
1012,2019,3,17,gasly,red_bull,6,37.0,12.75,18.0,12.75,12.166666666666666,20.48505525636999,11.833916692705088,2.5260992417807886,5.0,0.0,50.8,0
1012,2019,3,17,ricciardo,renault,7,37.0,9.763157894736842,6.571428571428571,9.763157894736842,9.904761904761903,4.447744716706446,12.048224456706992,-2.7974555228767333,5.0,0.0,50.8,0
1012,2019,3,17,perez,racing_point,12,37.0,10.572327044025156,11.375,10.572327044025156,10.882882882882884,1.45,10.647218076534452,1.0253272323101634,5.0,0.0,50.8,0
1012,2019,3,17,raikkonen,alfa,13,37.0,7.682432432432432,6.230769230769231,7.752688172043011,7.673267326732673,5.1000000000000005,6.976426774792655,-1.5201983973287263,5.0,0.0,50.8,0
1012,2019,3,17,albon,toro_rosso,22,37.0,11.5,11.5,11.5,11.5,1.0375936147034923,11.25,1.2,5.0,0.0,50.8,0
1012,2019,3,17,grosjean,haas,10,37.0,12.727891156462585,12.857142857142858,12.727891156462585,12.643564356435643,3.4902825661677315,14.118471253576654,-5.150036733187341,5.0,0.0,50.8,0
1012,2019,3,17,stroll,racing_point,16,37.0,13.27906976744186,17.0,13.27906976744186,13.464285714285714,1.45,13.52223618802256,3.484332210844096,5.0,0.0,50.8,0
1012,2019,3,17,kevin_magnussen,haas,9,37.0,12.321428571428571,12.0,12.321428571428571,12.285714285714286,3.4902825661677315,11.722464195252602,-1.88186978543644,5.0,0.0,50.8,0
1012,2019,3,17,sainz,mclaren,14,37.0,11.963855421686748,9.5,11.963855421686748,12.11111111111111,2.323082499212504,13.672071474994212,-2.3274787708783777,5.0,0.0,50.8,0
1012,2019,3,17,giovinazzi,alfa,19,37.0,14.25,19.0,14.25,14.25,5.1000000000000005,14.023019801980196,1.878960396039604,5.0,0.0,50.8,0
1012,2019,3,17,russell,williams,17,37.0,15.5,15.5,15.5,15.5,0.1461481001889174,15.45,3.55,5.0,0.0,50.8,0
1012,2019,3,17,kubica,williams,18,37.0,8.987179487179487,11.0,9.22972972972973,9.633333333333333,0.1461481001889174,11.2817294315129,0.3284402262644234,5.0,0.0,50.8,0
1012,2019,3,17,norris,mclaren,15,37.0,9.0,9.0,9.0,9.0,2.323082499212504,8.7,-0.1499999999999998,5.0,0.0,50.8,0
1012,2019,3,17,kvyat,toro_rosso,11,37.0,12.552631578947368,12.25,12.552631578947368,12.254901960784316,1.0375936147034923,12.524225182230252,0.8960616571881387,5.0,0.0,50.8,0
1012,2019,3,17,hulkenberg,renault,8,37.0,11.6,12.375,11.6,11.54054054054054,4.447744716706446,13.3117426020433,-1.0365924129929285,5.0,0.0,50.8,0
1013,2019,4,73,bottas,mercedes,1,26.0,7.622950819672131,7.333333333333333,7.622950819672131,7.792682926829267,37.62719692261779,3.242465884444755,-0.3093969944106285,4.0,0.0,36.125,1
1013,2019,4,73,hamilton,mercedes,2,26.0,5.172413793103448,3.6666666666666665,5.167400881057269,5.387878787878788,37.62719692261779,1.6605468997008122,0.308707373224823,4.0,0.0,36.125,0
1013,2019,4,73,vettel,ferrari,3,26.0,5.896860986547085,3.333333333333333,5.799086757990867,6.037735849056604,25.28099101706001,3.858821332438532,-0.7583898800058523,4.0,0.0,36.125,0
1013,2019,4,73,max_verstappen,red_bull,4,26.0,8.119047619047619,14.0,8.119047619047619,8.072727272727272,20.578681573393627,3.679269090363797,2.271065624835456,4.0,0.0,36.125,0
1013,2019,4,73,leclerc,ferrari,8,26.0,11.375,6.0,11.375,11.75,25.28099101706001,7.734526546950562,-0.9522551720995812,4.0,0.0,36.125,0
1013,2019,4,73,perez,racing_point,5,26.0,10.55625,7.0,10.55625,10.857142857142858,2.475083056478405,10.165905698982728,1.5661768264355944,4.0,0.0,36.125,0
1013,2019,4,73,sainz,mclaren,9,26.0,11.988095238095235,11.333333333333334,11.988095238095235,12.145454545454545,1.900703862992048,13.7316948460268,-1.9043007923109336,4.0,0.0,36.125,0
1013,2019,4,73,norris,mclaren,7,26.0,12.0,12.0,12.0,12.0,1.900703862992048,12.438538205980066,-1.2956810631229236,4.0,0.0,36.125,0
1013,2019,4,73,stroll,racing_point,13,26.0,13.25,5.5,13.25,13.413793103448276,2.475083056478405,13.24542546081129,3.5781037141356453,4.0,0.0,36.125,0
1013,2019,4,73,raikkonen,alfa,22,26.0,7.686868686868687,6.666666666666667,7.757142857142857,7.679802955665025,3.853820598006645,7.3443491793758096,-0.5165259614507755,4.0,0.0,36.125,0
1013,2019,4,73,albon,toro_rosso,11,26.0,11.0,11.0,11.0,11.0,1.0307584120301303,10.74750830564784,-3.3023255813953494,4.0,0.0,36.125,0
1013,2019,4,73,giovinazzi,alfa,17,26.0,14.4,14.4,14.4,14.4,3.853820598006645,14.303484245406953,2.4878531793494245,4.0,0.0,36.125,0
1013,2019,4,73,kevin_magnussen,haas,12,26.0,12.329411764705885,11.333333333333334,12.329411764705885,12.298245614035087,2.8556843627439648,11.95474344156274,-2.2669843849625444,4.0,0.0,36.125,0
1013,2019,4,73,hulkenberg,renault,15,26.0,11.652173913043478,14.666666666666666,11.652173913043478,11.616071428571429,4.729972950032548,14.527789401671802,-3.029939246994233,4.0,0.0,36.125,0
1013,2019,4,73,russell,williams,16,26.0,15.666666666666666,15.666666666666666,15.666666666666666,15.666666666666666,0.1195757183363869,15.671096345514949,2.5249169435215943,4.0,0.0,36.125,0
1013,2019,4,73,kubica,williams,22,26.0,9.08860759493671,9.333333333333334,9.333333333333334,9.754098360655735,0.1195757183363869,12.321415124950502,0.4505420192241436,4.0,0.0,36.125,0
1013,2019,4,73,gasly,red_bull,22,26.0,12.517241379310343,12.0,12.517241379310343,11.842105263157896,20.578681573393627,10.77004568129422,2.065440665932763,4.0,0.0,36.125,0
1013,2019,4,73,grosjean,haas,14,26.0,12.716216216216216,13.666666666666666,12.716216216216216,12.627450980392156,2.8556843627439648,13.551476480199009,-4.395484599880456,4.0,0.0,36.125,0
1013,2019,4,73,kvyat,toro_rosso,6,26.0,12.636363636363637,20.5,12.636363636363637,12.384615384615383,1.0307584120301303,13.701639014740817,-0.7214044136360336,4.0,0.0,36.125,0
1013,2019,4,73,ricciardo,renault,10,26.0,9.745098039215684,8.333333333333334,9.745098039215684,9.87735849056604,4.729972950032548,11.130365464578407,-2.2888272459900305,4.0,0.0,36.125,0
1014,2019,5,4,hamilton,mercedes,2,37.0,5.1587982832618025,6.333333333333333,5.1535087719298245,5.367469879518072,38.60407020941456,1.7222656452097556,0.2525787599112188,5.0,0.0,47.785714285714285,1
1014,2019,5,4,bottas,mercedes,1,37.0,7.569105691056911,8.166666666666666,7.569105691056911,7.710843373493976,38.60407020941456,2.83474481453793,-0.2531429954258047,5.0,0.0,47.785714285714285,0
1014,2019,5,4,max_verstappen,red_bull,4,37.0,8.070588235294117,8.5,8.070588235294117,8.0,19.01892128732206,3.737583803487154,1.85814458599072,5.0,0.0,47.785714285714285,0
1014,2019,5,4,vettel,ferrari,3,37.0,5.883928571428571,5.090909090909091,5.786363636363636,6.01875,25.411719923049095,3.70267199926789,-0.6205008109138791,5.0,0.0,47.785714285714285,0
1014,2019,5,4,leclerc,ferrari,5,37.0,11.12,10.0,11.12,11.352941176470589,25.411719923049095,7.234023614093878,-0.2288702383384668,5.0,0.0,47.785714285714285,0
1014,2019,5,4,gasly,red_bull,6,37.0,12.666666666666666,19.0,12.666666666666666,12.1,19.01892128732206,11.90552314998984,-1.4094448949323355,5.0,0.0,47.785714285714285,0
1014,2019,5,4,kevin_magnussen,haas,8,37.0,12.33720930232558,11.5,12.33720930232558,12.310344827586206,2.3364681048067943,12.144790094631912,-2.0366235803261863,5.0,0.0,47.785714285714285,0
1014,2019,5,4,sainz,mclaren,12,37.0,11.929411764705884,7.25,11.929411764705884,12.053571428571429,3.3733031606298587,12.507750280704723,-1.194427893221916,5.0,0.0,47.785714285714285,0
1014,2019,5,4,kvyat,toro_rosso,9,37.0,12.717948717948715,10.75,12.717948717948715,12.50943396226415,0.8433477916610156,14.664977529181774,-2.953876694120067,5.0,0.0,47.785714285714285,0
1014,2019,5,4,grosjean,haas,7,37.0,12.751677852348994,12.571428571428571,12.751677852348994,12.679611650485436,2.3364681048067943,14.360298938344728,-4.323578308993093,5.0,0.0,47.785714285714285,0
1014,2019,5,4,albon,toro_rosso,11,37.0,11.0,11.0,11.0,11.0,0.8433477916610156,10.830693069306932,-2.2143564356435643,5.0,0.0,47.785714285714285,0
1014,2019,5,4,ricciardo,renault,13,37.0,9.811688311688313,6.428571428571429,9.811688311688313,9.97196261682243,3.869977868208448,12.743026289200577,-3.690858655810079,5.0,0.0,47.785714285714285,0
1014,2019,5,4,hulkenberg,renault,22,37.0,11.666666666666666,14.0,11.666666666666666,11.63716814159292,3.869977868208448,14.43182769227693,-2.297223020268002,5.0,0.0,47.785714285714285,0
1014,2019,5,4,raikkonen,alfa,14,37.0,7.694630872483222,9.625,7.765124555160142,7.6911764705882355,2.913613861386138,7.8271947831256625,-2.2407939684597267,5.0,0.0,47.785714285714285,0
1014,2019,5,4,perez,racing_point,15,37.0,10.527950310559008,10.0,10.527950310559008,10.8141592920354,4.954207920792079,9.40846829916768,1.0995992216291184,5.0,0.0,47.785714285714285,0
1014,2019,5,4,giovinazzi,alfa,18,37.0,14.0,14.0,14.0,14.0,2.913613861386138,13.705189820339967,3.140344482791988,5.0,0.0,47.785714285714285,0
1014,2019,5,4,russell,williams,19,37.0,15.5,15.5,15.5,15.5,0.097834678638862,15.45,2.022524752475247,5.0,0.0,47.785714285714285,0
1014,2019,5,4,kubica,williams,17,37.0,9.175,6.75,9.421052631578949,9.85483870967742,0.097834678638862,12.990248809931096,-2.5404659396442155,5.0,0.0,47.785714285714285,0
1014,2019,5,4,stroll,racing_point,16,37.0,13.155555555555557,13.5,13.155555555555557,13.266666666666667,4.954207920792079,12.473437484037389,3.654821315973037,5.0,0.0,47.785714285714285,0
1014,2019,5,4,norris,mclaren,10,37.0,11.0,11.0,11.0,11.0,3.3733031606298587,10.976237623762374,-1.198267326732673,5.0,0.0,47.785714285714285,0
1015,2019,6,6,hamilton,mercedes,1,23.0,5.141025641025641,4.25,5.135371179039302,4.641791044776119,39.585148353157365,1.5909446188079817,0.3884735308364518,3.0,0.0,31.615384615384617,1
1015,2019,6,6,vettel,ferrari,4,23.0,5.875555555555556,5.545454545454546,5.778280542986425,5.546875,24.79140720976744,3.7567316357646368,-0.6895006634749921,3.0,0.0,31.615384615384617,0
1015,2019,6,6,bottas,mercedes,2,23.0,7.524193548387097,10.5,7.524193548387097,7.275,39.585148353157365,2.6829730300741192,-0.388935178077778,3.0,0.0,31.615384615384617,0
1015,2019,6,6,max_verstappen,red_bull,3,23.0,8.011627906976743,12.5,8.011627906976743,8.206896551724139,19.74275378053623,3.6034776531078263,1.7021182926366776,3.0,0.0,31.615384615384617,0
1015,2019,6,6,gasly,red_bull,8,23.0,12.451612903225806,7.0,12.451612903225806,13.8,19.74275378053623,10.829653192406546,-1.1526718062806638,3.0,0.0,31.615384615384617,0
1015,2019,6,6,sainz,mclaren,9,23.0,11.883720930232558,8.5,11.883720930232558,11.689655172413794,3.487248040515339,11.688159294353609,-0.2499864278730604,3.0,0.0,31.615384615384617,0
1015,2019,6,6,kvyat,toro_rosso,7,23.0,12.670886075949369,14.25,12.670886075949369,13.16,1.0536481931771946,13.634981480517348,-2.4168081342691248,3.0,0.0,31.615384615384617,0
1015,2019,6,6,albon,toro_rosso,10,23.0,11.0,11.0,11.0,10.5,1.0536481931771946,10.879296484382662,-1.5786749279425891,3.0,0.0,31.615384615384617,0
1015,2019,6,6,ricciardo,renault,6,23.0,9.825806451612904,7.0,9.825806451612904,9.4468085106383,3.166345528534184,12.607930600255012,-2.8379752638445828,3.0,0.0,31.615384615384617,0
1015,2019,6,6,grosjean,haas,13,23.0,12.733333333333333,13.857142857142858,12.733333333333333,12.91304347826087,3.184384223104211,13.567517313191074,-4.082927707357965,3.0,0.0,31.615384615384617,0
1015,2019,6,6,norris,mclaren,12,23.0,12.8,12.8,12.8,10.5,3.487248040515339,13.566714378149449,-3.725005392051137,3.0,0.0,31.615384615384617,0
1015,2019,6,6,perez,racing_point,16,23.0,10.555555555555555,13.375,10.555555555555555,9.854166666666666,3.531989568831984,10.425110426591743,0.8996720904238225,3.0,0.0,31.615384615384617,0
1015,2019,6,6,hulkenberg,renault,11,23.0,11.674846625766872,11.625,11.674846625766872,11.73469387755102,3.166345528534184,14.171495384590212,-4.243182471128378,3.0,0.0,31.615384615384617,0
1015,2019,6,6,kevin_magnussen,haas,5,23.0,12.275862068965518,13.0,12.275862068965518,12.392857142857142,3.184384223104211,11.209373689302517,-1.4845101876318951,3.0,0.0,31.615384615384617,0
1015,2019,6,6,russell,williams,19,23.0,15.8,15.8,15.8,10.5,0.080046555249978,15.894962843865803,2.016058508656693,3.0,0.0,31.615384615384617,0
1015,2019,6,6,stroll,racing_point,17,23.0,13.282608695652174,16.0,13.282608695652174,12.933333333333334,3.531989568831984,13.660201481162328,2.4447352521714154,3.0,0.0,31.615384615384617,0
1015,2019,6,6,raikkonen,alfa,14,23.0,7.7157190635451505,9.3125,7.787234042553192,7.702127659574468,2.0771945648124546,8.949523004375543,-1.8333768832852309,3.0,0.0,31.615384615384617,0
1015,2019,6,6,kubica,williams,20,23.0,9.283950617283953,6.75,9.532467532467532,6.833333333333333,0.080046555249978,13.901112742156648,-2.260381198903916,3.0,0.0,31.615384615384617,0
1015,2019,6,6,giovinazzi,alfa,18,23.0,14.285714285714286,14.285714285714286,14.285714285714286,10.5,2.0771945648124546,14.258146888896116,2.8655672711786746,3.0,0.0,31.615384615384617,0
1015,2019,6,6,leclerc,ferrari,15,23.0,10.884615384615383,18.0,10.884615384615383,10.625,24.79140720976744,6.825623483644827,-0.1870306469377076,3.0,0.0,31.615384615384617,0
1016,2019,7,7,hamilton,mercedes,2,22.0,5.123404255319149,6.727272727272728,5.1173913043478265,4.588235294117647,39.660575925310575,1.483500142661076,0.3178419797752786,3.0,0.0,34.833333333333336,1
1016,2019,7,7,vettel,ferrari,1,22.0,5.8584070796460175,3.4,5.761261261261262,5.492307692307692,23.556605898900635,3.43732588380743,-0.2005005428431749,3.0,0.0,34.833333333333336,0
1016,2019,7,7,leclerc,ferrari,3,22.0,11.22222222222222,10.0,11.22222222222222,11.666666666666666,23.556605898900635,9.231636605296927,-1.0660147417980117,3.0,0.0,34.833333333333336,0
1016,2019,7,7,bottas,mercedes,6,22.0,7.488,5.166666666666667,7.488,7.170731707317073,39.660575925310575,2.7406142973341066,-0.5000378729741464,3.0,0.0,34.833333333333336,0
1016,2019,7,7,max_verstappen,red_bull,9,22.0,7.9655172413793105,10.0,7.9655172413793105,8.066666666666666,20.33498036589328,3.675572627157335,1.210824044750778,3.0,0.0,34.833333333333336,0
1016,2019,7,7,ricciardo,renault,4,22.0,9.82051282051282,8.142857142857142,9.82051282051282,9.4375,2.954282705164332,11.951943218390449,-2.867434306781932,3.0,0.0,34.833333333333336,0
1016,2019,7,7,hulkenberg,renault,7,22.0,11.682926829268292,10.25,11.682926829268292,11.76,2.954282705164332,13.958496223755628,-3.835331112741398,3.0,0.0,34.833333333333336,0
1016,2019,7,7,gasly,red_bull,5,22.0,12.21875,11.0,12.21875,13.0,20.33498036589328,9.767989689965123,-0.3964106791027546,3.0,0.0,34.833333333333336,0
1016,2019,7,7,stroll,racing_point,17,22.0,13.340425531914894,14.5,13.340425531914894,13.125,2.614609876463568,14.085653496657972,2.1820350581396304,3.0,0.0,34.833333333333336,0
1016,2019,7,7,kvyat,toro_rosso,10,22.0,12.6,13.5,12.6,12.923076923076923,2.680257612599524,12.42862108266661,-1.9773884266261017,3.0,0.0,34.833333333333336,0
1016,2019,7,7,sainz,mclaren,11,22.0,11.816091954022989,12.25,11.816091954022989,11.5,4.307748396785278,10.653948486488584,0.3409202108452787,3.0,0.0,34.833333333333336,0
1016,2019,7,7,perez,racing_point,15,22.0,10.56441717791411,9.285714285714286,10.56441717791411,9.89795918367347,2.614609876463568,10.711453985393248,1.4633680739831312,3.0,0.0,34.833333333333336,0
1016,2019,7,7,giovinazzi,alfa,12,22.0,14.875,14.875,14.875,19.0,1.537675386252943,15.336941323955056,1.986132087763064,3.0,0.0,34.833333333333336,0
1016,2019,7,7,grosjean,haas,14,22.0,12.71523178807947,10.857142857142858,12.71523178807947,12.851063829787234,2.787222984555475,12.918877801701742,-2.7951226696564277,3.0,0.0,34.833333333333336,0
1016,2019,7,7,raikkonen,alfa,16,22.0,7.746666666666667,6.4,7.819787985865724,7.8,1.537675386252943,10.41324609448908,-2.0454901772333707,3.0,0.0,34.833333333333336,0
1016,2019,7,7,russell,williams,18,22.0,15.666666666666666,15.666666666666666,15.666666666666666,15.0,0.0654926361136183,15.662510079669708,2.531356642905525,3.0,0.0,34.833333333333336,0
1016,2019,7,7,kevin_magnussen,haas,22,22.0,12.295454545454543,12.5,12.295454545454543,12.448275862068966,2.787222984555475,11.716760302114858,-2.850962910056796,3.0,0.0,34.833333333333336,0
1016,2019,7,7,kubica,williams,19,22.0,9.390243902439025,8.333333333333334,9.64102564102564,7.421052631578948,0.0654926361136183,14.646365024064906,-1.485766380160949,3.0,0.0,34.833333333333336,0
1016,2019,7,7,albon,toro_rosso,13,22.0,10.5,10.5,10.5,8.0,2.680257612599524,10.131443731251816,-0.6491694352159468,3.0,0.0,34.833333333333336,0
1016,2019,7,7,norris,mclaren,8,22.0,12.5,12.5,12.5,11.0,4.307748396785278,12.900049995161757,-2.4977582814566333,3.0,0.0,34.833333333333336,0
1017,2019,8,34,hamilton,mercedes,1,23.0,5.1059322033898304,1.0,5.0995670995671,4.536231884057971,39.35865302979956,1.3955910258136075,0.441870710725228,1.0,0.0,22.5,1
1017,2019,8,34,bottas,mercedes,2,23.0,7.46031746031746,7.0,7.46031746031746,7.095238095238095,39.35865302979956,2.969593516003026,-0.0454855324286426,1.0,0.0,22.5,0
1017,2019,8,34,leclerc,ferrari,3,23.0,10.928571428571429,10.0,10.928571428571429,10.8,25.27358664455507,8.094484967598126,-0.871487928662554,1.0,0.0,22.5,0
1017,2019,8,34,max_verstappen,red_bull,4,23.0,7.931818181818182,2.0,7.931818181818182,7.967741935483871,19.18316575391268,3.916377609195447,1.7179469565668817,1.0,0.0,22.5,0
1017,2019,8,34,vettel,ferrari,7,23.0,5.841409691629956,5.0,5.744394618834081,5.4393939393939394,25.27358664455507,3.175993904933352,-0.3458640805080524,1.0,0.0,22.5,0
1017,2019,8,34,sainz,mclaren,6,23.0,11.806818181818182,8.0,11.806818181818182,11.483870967741936,3.5245214155515905,10.716866944838264,0.2789347166366964,1.0,0.0,22.5,0
1017,2019,8,34,raikkonen,alfa,12,23.0,7.770764119601329,3.0,7.845070422535211,7.875,1.1671573880717905,11.24720135003652,-1.4917646904636668,1.0,0.0,22.5,0
1017,2019,8,34,hulkenberg,renault,13,23.0,11.654545454545454,9.0,11.654545454545454,11.666666666666666,4.962594940589001,12.69331509216369,-3.1379981831520496,1.0,0.0,22.5,0
1017,2019,8,34,norris,mclaren,5,23.0,13.571428571428571,13.571428571428571,13.571428571428571,15.5,3.5245214155515905,14.610852734476854,-4.787416821395681,1.0,0.0,22.5,0
1017,2019,8,34,gasly,red_bull,9,23.0,12.090909090909092,20.0,12.090909090909092,12.583333333333334,19.18316575391268,9.44610872752574,-0.8704212693024312,1.0,0.0,22.5,0
1017,2019,8,34,ricciardo,renault,8,23.0,9.796178343949045,4.0,9.796178343949045,9.36734693877551,4.962594940589001,10.869771724137616,-2.709718978276123,1.0,0.0,22.5,0
1017,2019,8,34,perez,racing_point,14,23.0,10.573170731707316,18.0,10.573170731707316,9.94,2.4665135857083578,10.945735078958114,1.7427556968952906,1.0,0.0,22.5,0
1017,2019,8,34,stroll,racing_point,17,23.0,13.25,17.0,13.25,12.882352941176473,2.4665135857083578,13.160928578264004,3.2399162448182466,1.0,0.0,22.5,0
1017,2019,8,34,kvyat,toro_rosso,19,23.0,12.567901234567902,12.567901234567902,12.567901234567902,12.814814814814817,2.374756228490519,11.987053574557857,-1.6178632267749746,1.0,0.0,22.5,0
1017,2019,8,34,albon,toro_rosso,11,23.0,11.714285714285714,11.714285714285714,11.714285714285714,13.5,2.374756228490519,12.268409533546944,-1.9385046532957049,1.0,0.0,22.5,0
1017,2019,8,34,giovinazzi,alfa,10,23.0,14.666666666666666,14.666666666666666,14.666666666666666,16.0,1.1671573880717905,14.828504671411284,1.3364542429696438,1.0,0.0,22.5,0
1017,2019,8,34,kevin_magnussen,haas,15,23.0,12.348314606741573,6.0,12.348314606741573,12.6,2.280454677767982,12.67734935492738,-5.423515153309809,1.0,0.0,22.5,0
1017,2019,8,34,kubica,williams,18,23.0,9.49397590361446,9.746835443037977,9.746835443037977,7.95,0.0535848840929604,15.256116873490846,-1.0338088300935506,1.0,0.0,22.5,0
1017,2019,8,34,russell,williams,20,23.0,15.714285714285714,15.714285714285714,15.714285714285714,15.5,0.0535848840929604,15.743831593173164,2.403321037074981,1.0,0.0,22.5,0
1017,2019,8,34,grosjean,haas,16,23.0,12.723684210526317,11.0,12.723684210526317,12.875,2.280454677767982,13.11544547411962,-2.2869185479006844,1.0,0.0,22.5,0
1018,2019,9,70,max_verstappen,red_bull,2,23.0,7.887640449438202,7.75,7.887640449438202,7.912280701754386,18.05895379865583,3.931581680517257,1.4055929589901066,4.0,0.0,35.69230769230769,1
1018,2019,9,70,leclerc,ferrari,1,23.0,10.655172413793103,9.0,10.655172413793103,11.0,25.405661800090517,7.165456467435747,-0.7125636942356328,4.0,0.0,35.69230769230769,0
1018,2019,9,70,bottas,mercedes,3,23.0,7.417322834645669,7.4,7.417322834645669,7.642857142857143,40.02071611529055,2.79330378581915,-0.0372154356233641,4.0,0.0,35.69230769230769,0
1018,2019,9,70,vettel,ferrari,9,23.0,5.837719298245614,10.2,5.741071428571429,6.006211180124224,25.405661800090517,3.507631376763652,0.0806566614025028,4.0,0.0,35.69230769230769,0
1018,2019,9,70,hamilton,mercedes,4,23.0,5.0886075949367084,5.0,5.081896551724138,5.341317365269461,40.02071611529055,1.323665384756588,0.3615305815024592,4.0,0.0,35.69230769230769,0
1018,2019,9,70,norris,mclaren,5,23.0,13.0,13.0,13.0,12.8,4.701881158178575,13.334356697154483,-4.608275699751846,4.0,0.0,35.69230769230769,0
1018,2019,9,70,gasly,red_bull,8,23.0,12.029411764705882,11.0,12.029411764705882,11.80952380952381,18.05895379865583,9.546925987775143,-0.8940067151556722,4.0,0.0,35.69230769230769,0
1018,2019,9,70,sainz,mclaren,19,23.0,11.741573033707866,13.25,11.741573033707866,11.982456140350877,4.701881158178575,9.859254758020654,0.2282193127231034,4.0,0.0,35.69230769230769,0
1018,2019,9,70,raikkonen,alfa,6,23.0,7.768211920529802,8.125,7.842105263157895,7.721951219512195,2.266652373071474,10.474982922757151,-0.3114438376520902,4.0,0.0,35.69230769230769,0
1018,2019,9,70,giovinazzi,alfa,7,23.0,14.8,14.8,14.8,14.285714285714286,2.266652373071474,15.07458448743925,-0.2046131999389489,4.0,0.0,35.69230769230769,0
1018,2019,9,70,perez,racing_point,13,23.0,10.581818181818182,9.2,10.581818181818182,10.850877192982455,1.905369858158347,11.13741961005664,1.7895273883688745,4.0,0.0,35.69230769230769,0
1018,2019,9,70,ricciardo,renault,12,23.0,9.80379746835443,8.8,9.80379746835443,9.99074074074074,4.787577678663728,10.893449592476232,-2.762497345862283,4.0,0.0,35.69230769230769,0
1018,2019,9,70,hulkenberg,renault,15,23.0,11.632530120481928,13.4,11.632530120481928,11.649122807017545,4.787577678663728,11.839985075406654,-1.6583621498516716,4.0,0.0,35.69230769230769,0
1018,2019,9,70,stroll,racing_point,14,23.0,13.244897959183673,12.0,13.244897959183673,13.451612903225806,1.905369858158347,13.131667266633022,3.378120707107936,4.0,0.0,35.69230769230769,0
1018,2019,9,70,albon,toro_rosso,18,23.0,12.125,12.125,12.125,11.0,1.9429823687649697,12.889859528944124,-2.4075047795789866,4.0,0.0,35.69230769230769,0
1018,2019,9,70,grosjean,haas,11,23.0,12.77124183006536,9.2,12.77124183006536,12.653846153846152,1.8658262255746316,14.367182660643383,-2.598387902827848,4.0,0.0,35.69230769230769,0
1018,2019,9,70,kvyat,toro_rosso,16,23.0,12.585365853658535,18.0,12.585365853658535,12.444444444444445,1.9429823687649697,12.353043859860104,-0.4146152814519358,4.0,0.0,35.69230769230769,0
1018,2019,9,70,russell,williams,22,23.0,16.125,16.125,16.125,15.8,0.0438421778942403,16.484625598089476,2.0840587381537894,4.0,0.0,35.69230769230769,0
1018,2019,9,70,kevin_magnussen,haas,10,23.0,12.4,11.0,12.4,12.220338983050848,1.8658262255746316,13.46328584711832,-4.801057843783323,4.0,0.0,35.69230769230769,0
1018,2019,9,70,kubica,williams,17,23.0,9.595238095238097,9.85,9.85,9.984126984126984,0.0438421778942403,15.755004738518826,-0.8458435792745029,4.0,0.0,35.69230769230769,0
1019,2019,10,9,hamilton,mercedes,2,29.0,5.088235294117647,3.6666666666666665,5.081545064377682,5.339285714285714,37.28967682160136,1.9920898602553905,0.1139795666838301,4.0,0.0,37.266666666666666,1
1019,2019,10,9,bottas,mercedes,1,29.0,7.3828125,6.5,7.3828125,7.588235294117647,37.28967682160136,2.8308849156704765,-0.0304489927827051,4.0,0.0,37.266666666666666,0
1019,2019,10,9,leclerc,ferrari,3,29.0,10.366666666666667,19.0,10.366666666666667,10.526315789473683,26.240996018255878,6.223995401390592,-0.7649521119003625,4.0,0.0,37.266666666666666,0
1019,2019,10,9,gasly,red_bull,5,29.0,11.885714285714286,13.0,11.885714285714286,11.590909090909092,20.593689471627496,9.08343569286173,-0.5493348498603894,4.0,0.0,37.266666666666666,0
1019,2019,10,9,max_verstappen,red_bull,4,29.0,7.811111111111111,9.25,7.811111111111111,7.793103448275862,20.593689471627496,3.398566821871829,1.3318487835709358,4.0,0.0,37.266666666666666,0
1019,2019,10,9,sainz,mclaren,13,29.0,11.7,14.5,11.7,11.913793103448276,6.028811856691562,9.521208433533676,2.186724920308764,4.0,0.0,37.266666666666666,0
1019,2019,10,9,ricciardo,renault,7,29.0,9.81761006289308,9.0,9.81761006289308,10.009174311926603,3.9171090098157766,11.094640575662376,-2.2602251011600427,4.0,0.0,37.266666666666666,0
1019,2019,10,9,raikkonen,alfa,12,29.0,7.772277227722772,5.875,7.846153846153846,7.728155339805825,2.4262031537284003,10.20680420952858,-0.8002722308062559,4.0,0.0,37.266666666666666,0
1019,2019,10,9,kvyat,toro_rosso,17,29.0,12.63855421686747,10.0,12.63855421686747,12.527272727272727,1.5897128471713386,13.19794502560533,-0.5210488728599691,4.0,0.0,37.266666666666666,0
1019,2019,10,9,hulkenberg,renault,10,29.0,11.640718562874252,8.25,11.640718562874252,11.660869565217393,3.9171090098157766,12.05089687987817,-0.993205395333184,4.0,0.0,37.266666666666666,0
1019,2019,10,9,norris,mclaren,8,29.0,12.22222222222222,12.22222222222222,12.22222222222222,11.666666666666666,6.028811856691562,11.738657340290803,-3.823241176449388,4.0,0.0,37.266666666666666,0
1019,2019,10,9,albon,toro_rosso,9,29.0,12.444444444444445,12.444444444444445,12.444444444444445,11.666666666666666,1.5897128471713386,13.348952252626658,-1.2310209712091051,4.0,0.0,37.266666666666666,0
1019,2019,10,9,stroll,racing_point,18,29.0,13.26,14.0,13.26,13.46875,1.4908280540447978,13.28955287703135,2.763889975792684,4.0,0.0,37.266666666666666,0
1019,2019,10,9,russell,williams,19,29.0,16.333333333333332,16.333333333333332,16.333333333333332,16.166666666666668,0.0358708728225603,16.814318038528658,-2.285529616352893,4.0,0.0,37.266666666666666,0
1019,2019,10,9,kubica,williams,20,29.0,9.717647058823529,13.5,9.975308641975309,10.140625,0.0358708728225603,16.526822088970242,-1.237508398358926,4.0,0.0,37.266666666666666,0
1019,2019,10,9,vettel,ferrari,6,29.0,5.829694323144105,7.090909090909091,5.733333333333333,5.993827160493828,26.240996018255878,3.597152944624806,0.9750827229656848,4.0,0.0,37.266666666666666,0
1019,2019,10,9,perez,racing_point,15,29.0,10.58433734939759,11.75,10.58433734939759,10.852173913043478,1.4908280540447978,11.112434226409976,1.82779513593817,4.0,0.0,37.266666666666666,0
1019,2019,10,9,giovinazzi,alfa,11,29.0,14.363636363636363,14.363636363636363,14.363636363636363,13.75,2.4262031537284003,14.037910318815104,-0.7756757754284642,4.0,0.0,37.266666666666666,0
1019,2019,10,9,grosjean,haas,14,29.0,12.792207792207792,14.714285714285714,12.792207792207792,12.685714285714283,1.5265848734372691,14.664058540526415,-3.035044647768256,4.0,0.0,37.266666666666666,0
1019,2019,10,9,kevin_magnussen,haas,16,29.0,12.472527472527473,11.25,12.472527472527473,12.333333333333334,1.5265848734372691,14.46996115945154,-5.564501881142296,4.0,0.0,37.266666666666666,0
1020,2019,11,10,max_verstappen,red_bull,2,78.0,7.78021978021978,3.5,7.78021978021978,7.745762711864407,20.849382294967956,3.689736494038109,0.9078762724935194,5.0,0.0,58.6,1
1020,2019,11,10,vettel,ferrari,20,78.0,5.873913043478261,7.166666666666667,5.778761061946903,6.0552147239263805,24.19717856039117,5.852216045602116,-1.0203868630280777,5.0,0.0,58.6,0
1020,2019,11,10,kvyat,toro_rosso,14,78.0,12.595238095238097,17.5,12.595238095238097,12.464285714285714,1.6643105113220045,12.434682257196712,1.0282328144356896,5.0,0.0,58.6,0
1020,2019,11,10,stroll,racing_point,15,78.0,13.254901960784316,17.0,13.254901960784316,13.454545454545457,1.1776704303514691,13.23690500825733,3.1704700392537477,5.0,0.0,58.6,0
1020,2019,11,10,sainz,mclaren,7,78.0,11.637362637362637,13.0,11.637362637362637,11.813559322033898,6.387209700929461,8.880988710835336,3.0618658541552426,5.0,0.0,58.6,0
1020,2019,11,10,albon,toro_rosso,16,78.0,12.4,12.4,12.4,11.714285714285714,1.6643105113220045,13.065596515684216,-1.6026059219460478,5.0,0.0,58.6,0
1020,2019,11,10,grosjean,haas,6,78.0,12.832258064516129,14.5,12.832258064516129,12.745283018867925,1.2490238399413511,15.452411533158,-3.392309257264948,5.0,0.0,58.6,0
1020,2019,11,10,kevin_magnussen,haas,12,78.0,12.554347826086955,12.0,12.554347826086955,12.459016393442624,1.2490238399413511,15.47542277647448,-5.280046990931662,5.0,0.0,58.6,0
1020,2019,11,10,hamilton,mercedes,1,78.0,5.071129707112971,5.666666666666667,5.064102564102564,5.313609467455621,38.5097355813102,1.8117098856635008,0.2750741909231338,5.0,0.0,58.6,0
1020,2019,11,10,kubica,williams,18,78.0,9.77906976744186,7.0,10.03658536585366,10.215384615384616,0.0293488959457311,16.249218063911837,-0.1034159260081458,5.0,0.0,58.6,0
1020,2019,11,10,russell,williams,17,78.0,16.1,16.1,16.1,15.857142857142858,0.0293488959457311,16.223153184290933,-0.7551592052150031,5.0,0.0,58.6,0
1020,2019,11,10,raikkonen,alfa,5,78.0,7.7730263157894735,10.818181818181818,7.846689895470384,7.729468599033816,2.756788883730808,9.805567080523383,0.0725045384312457,5.0,0.0,58.6,0
1020,2019,11,10,giovinazzi,alfa,11,78.0,14.666666666666666,14.666666666666666,14.666666666666666,14.22222222222222,2.756788883730808,14.829528585687,-2.0192843637203204,5.0,0.0,58.6,0
1020,2019,11,10,gasly,red_bull,4,78.0,11.666666666666666,14.0,11.666666666666666,11.26086956521739,20.849382294967956,8.158500587892004,-0.2674321607005412,5.0,0.0,58.6,0
1020,2019,11,10,bottas,mercedes,3,78.0,7.341085271317829,4.333333333333333,7.341085271317829,7.523255813953488,38.5097355813102,2.6798149310022525,-0.2067309940959495,5.0,0.0,58.6,0
1020,2019,11,10,hulkenberg,renault,9,78.0,11.63095238095238,8.2,11.63095238095238,11.64655172413793,4.477634644394726,11.67800653808214,-0.8126225961816955,5.0,0.0,58.6,0
1020,2019,11,10,leclerc,ferrari,10,78.0,10.129032258064516,15.0,10.129032258064516,10.15,24.19717856039117,5.636646963725287,-0.6255929094586771,5.0,0.0,58.6,0
1020,2019,11,10,norris,mclaren,19,78.0,12.1,12.1,12.1,11.571428571428571,6.387209700929461,11.583497812147025,-3.6503142920619256,5.0,0.0,58.6,0
1020,2019,11,10,ricciardo,renault,13,78.0,9.8,10.25,9.8,9.981818181818182,4.477634644394726,10.35016047099648,-1.849275082767303,5.0,0.0,58.6,0
1020,2019,11,10,perez,racing_point,8,78.0,10.622754491017965,8.25,10.622754491017965,10.905172413793103,1.1776704303514691,12.182900730699076,1.1318323839494098,5.0,0.0,58.6,0
1021,2019,12,11,hamilton,mercedes,3,24.0,5.0875,4.0,5.080851063829787,5.3352941176470585,31.871601839253795,3.1186717246337747,-1.2294847528810733,5.0,0.0,47.642857142857146,1
1021,2019,12,11,max_verstappen,red_bull,1,24.0,7.706521739130435,8.25,7.706521739130435,7.633333333333334,21.78585824133741,3.200693490428222,0.9246260412918268,5.0,0.0,47.642857142857146,0
1021,2019,12,11,vettel,ferrari,5,24.0,5.857142857142857,6.666666666666667,5.762114537444934,6.030487804878049,23.07041882213823,5.151813128219913,2.4378652938861207,5.0,0.0,47.642857142857146,0
1021,2019,12,11,leclerc,ferrari,4,24.0,10.34375,20.0,10.34375,10.476190476190476,23.07041882213823,7.706076616879249,-1.7864639140231595,5.0,0.0,47.642857142857146,0
1021,2019,12,11,sainz,mclaren,8,24.0,11.565217391304348,10.25,11.565217391304348,11.7,7.044080664396832,8.175354393001639,2.8687993333648603,5.0,0.0,47.642857142857146,0
1021,2019,12,11,gasly,red_bull,6,24.0,11.72972972972973,6.0,11.72972972972973,11.375,21.78585824133741,9.22122506160194,-2.038045714718399,5.0,0.0,47.642857142857146,0
1021,2019,12,11,raikkonen,alfa,10,24.0,7.786885245901639,5.9375,7.861111111111111,7.75,2.1936113799986594,10.204554884064589,-1.2134053776471634,5.0,0.0,47.642857142857146,0
1021,2019,12,11,bottas,mercedes,2,24.0,7.4,9.666666666666666,7.4,7.609195402298851,31.871601839253795,4.919848579921424,-2.350961722452181,5.0,0.0,47.642857142857146,0
1021,2019,12,11,norris,mclaren,7,24.0,12.636363636363637,12.636363636363637,12.636363636363637,12.375,7.044080664396832,12.894308990388762,-2.7003132201520965,5.0,0.0,47.642857142857146,0
1021,2019,12,11,albon,toro_rosso,12,24.0,11.818181818181818,11.818181818181818,11.818181818181818,11.0,5.5435267819907335,11.622183481206037,0.7676614128040861,5.0,0.0,47.642857142857146,0
1021,2019,12,11,perez,racing_point,16,24.0,10.678571428571429,13.625,10.678571428571429,10.982905982905985,3.38853706129673,13.60419150693561,-1.2557735040413978,5.0,0.0,47.642857142857146,0
1021,2019,12,11,hulkenberg,renault,11,24.0,11.65680473372781,13.375,11.65680473372781,11.683760683760685,3.663519254504776,12.463823531158116,-1.9376003059668443,5.0,0.0,47.642857142857146,0
1021,2019,12,11,kevin_magnussen,haas,14,24.0,12.505376344086022,11.75,12.505376344086022,12.387096774193548,2.840111105900331,14.116254988260168,-3.5927657066030165,5.0,0.0,47.642857142857146,0
1021,2019,12,11,ricciardo,renault,20,24.0,9.857142857142858,9.625,9.857142857142858,10.063063063063064,3.663519254504776,11.922858567178952,-2.6039523404459826,5.0,0.0,47.642857142857146,0
1021,2019,12,11,kvyat,toro_rosso,13,24.0,12.48235294117647,10.75,12.48235294117647,12.298245614035087,5.5435267819907335,10.719285416079924,2.841281464528921,5.0,0.0,47.642857142857146,0
1021,2019,12,11,russell,williams,15,24.0,15.636363636363637,15.636363636363637,15.636363636363637,15.25,0.2058309148646892,15.156128288297182,0.6248353678034918,5.0,0.0,47.642857142857146,0
1021,2019,12,11,stroll,racing_point,18,24.0,13.076923076923077,15.5,13.076923076923077,13.176470588235292,3.38853706129673,11.55741837490803,4.594062779757857,5.0,0.0,47.642857142857146,0
1021,2019,12,11,giovinazzi,alfa,17,24.0,14.538461538461538,14.538461538461538,14.538461538461538,14.1,2.1936113799986594,14.47044838044921,-2.0154994360964795,5.0,0.0,47.642857142857146,0
1021,2019,12,11,kubica,williams,19,24.0,9.781609195402298,13.8,10.036144578313252,10.212121212121213,0.2058309148646892,15.11299656800216,1.3699324627443126,5.0,0.0,47.642857142857146,0
1021,2019,12,11,grosjean,haas,9,24.0,12.794871794871796,11.428571428571429,12.794871794871796,12.69158878504673,2.840111105900331,13.915609436220144,-2.957343937762219,5.0,0.0,47.642857142857146,0
1022,2019,13,13,leclerc,ferrari,1,24.0,10.151515151515152,18.0,10.151515151515152,10.181818181818182,23.784888127204,7.031346715972006,-1.4612195264157013,4.0,0.0,38.07692307692308,1
1022,2019,13,13,hamilton,mercedes,3,24.0,5.070539419087137,8.416666666666666,5.063559322033898,5.309941520467836,31.34949241393492,2.73345868379127,-0.6423057069026961,4.0,0.0,38.07692307692308,0
1022,2019,13,13,bottas,mercedes,4,24.0,7.404580152671755,7.333333333333333,7.404580152671755,7.613636363636363,31.34949241393492,5.479876110846947,-3.0144232274634177,4.0,0.0,38.07692307692308,0
1022,2019,13,13,vettel,ferrari,2,24.0,5.844827586206897,6.166666666666667,5.75,6.012121212121212,23.784888127204,4.760574377634474,2.358253422270462,4.0,0.0,38.07692307692308,0
1022,2019,13,13,albon,red_bull,17,24.0,11.666666666666666,11.666666666666666,11.666666666666666,10.88888888888889,22.733884015639703,11.298074190586316,1.0138804070959182,4.0,0.0,38.07692307692308,0
1022,2019,13,13,perez,racing_point,7,24.0,10.680473372781066,11.5,10.680473372781066,10.983050847457626,2.711513558160702,13.130702142038224,-0.1183601396702321,4.0,0.0,38.07692307692308,0
1022,2019,13,13,kvyat,toro_rosso,19,24.0,12.511627906976743,9.75,12.511627906976743,12.344827586206897,4.717431003446963,11.497597183513092,1.9610484428149728,4.0,0.0,38.07692307692308,0
1022,2019,13,13,hulkenberg,renault,12,24.0,11.658823529411764,11.375,11.658823529411764,11.686440677966102,2.9974248445948164,12.37949198003846,-1.7671275230637813,4.0,0.0,38.07692307692308,0
1022,2019,13,13,gasly,toro_rosso,13,24.0,11.578947368421051,9.0,11.578947368421051,11.16,4.717431003446963,8.63526191093488,-1.6673110825949302,4.0,0.0,38.07692307692308,0
1022,2019,13,13,stroll,racing_point,16,24.0,13.150943396226417,12.0,13.150943396226417,13.285714285714286,2.711513558160702,12.547002465800224,3.940581106259565,4.0,0.0,38.07692307692308,0
1022,2019,13,13,norris,mclaren,11,24.0,12.333333333333334,12.333333333333334,12.333333333333334,12.0,7.945156907233772,12.116233181485503,-2.5603919204811394,4.0,0.0,38.07692307692308,0
1022,2019,13,13,kevin_magnussen,haas,8,24.0,12.51063829787234,13.25,12.51063829787234,12.396825396825395,2.323727084869354,13.913299534545208,-2.7577173909462456,4.0,0.0,38.07692307692308,0
1022,2019,13,13,grosjean,haas,9,24.0,12.840764331210192,12.5,12.840764331210192,12.75925925925926,2.323727084869354,15.021862265998324,-4.419645039987301,4.0,0.0,38.07692307692308,0
1022,2019,13,13,ricciardo,renault,10,24.0,9.882716049382717,10.0,9.882716049382717,10.098214285714286,2.9974248445948164,12.300520645873693,-1.0395973694557914,4.0,0.0,38.07692307692308,0
1022,2019,13,13,russell,williams,14,24.0,15.666666666666666,15.666666666666666,15.666666666666666,15.333333333333334,0.1684071121620184,15.324732311838776,0.3001962350950932,4.0,0.0,38.07692307692308,0
1022,2019,13,13,raikkonen,alfa,6,24.0,7.784313725490196,8.714285714285714,7.858131487889273,7.746411483253588,2.954120859810647,9.62190854150739,-0.4473316726204058,4.0,0.0,38.07692307692308,0
1022,2019,13,13,kubica,williams,22,24.0,9.886363636363637,5.5,10.142857142857142,10.343283582089551,0.1684071121620184,15.819724479865934,1.1208538278196023,4.0,0.0,38.07692307692308,0
1022,2019,13,13,giovinazzi,alfa,18,24.0,14.785714285714286,14.785714285714286,14.785714285714286,14.454545454545457,2.954120859810647,15.15332257107824,-1.8190273540145985,4.0,0.0,38.07692307692308,0
1022,2019,13,13,sainz,mclaren,15,24.0,11.494623655913978,14.5,11.494623655913978,11.59016393442623,7.945156907233772,7.598017226103895,2.8926540002131245,4.0,0.0,38.07692307692308,0
1022,2019,13,13,max_verstappen,red_bull,5,24.0,7.645161290322581,10.25,7.645161290322581,7.540983606557377,22.733884015639703,2.982385581363272,0.5746940310362181,4.0,0.0,38.07692307692308,0
1023,2019,14,14,leclerc,ferrari,1,29.0,9.882352941176473,11.0,9.882352941176473,10.090909090909092,26.369453922257826,5.933543082413576,-1.1952537013574804,2.0,0.0,27.714285714285715,1
1023,2019,14,14,bottas,mercedes,3,29.0,7.371212121212121,5.666666666666667,7.371212121212121,6.976744186046512,31.649584702310392,5.028989545236997,-2.284528095195054,2.0,0.0,27.714285714285715,0
1023,2019,14,14,hamilton,mercedes,2,29.0,5.0578512396694215,5.333333333333333,5.050632911392405,4.485714285714286,31.649584702310392,2.6001025594655847,-0.3437046692840238,2.0,0.0,27.714285714285715,0
1023,2019,14,14,ricciardo,renault,5,29.0,9.9079754601227,9.25,9.9079754601227,9.4,3.1797112364866686,12.609516892078476,-1.5778523931911057,2.0,0.0,27.714285714285715,0
1023,2019,14,14,hulkenberg,renault,6,29.0,11.637426900584796,11.0,11.637426900584796,11.596153846153848,3.1797112364866686,11.583220710940555,-0.7185588825067286,2.0,0.0,27.714285714285715,0
1023,2019,14,14,albon,red_bull,8,29.0,11.153846153846152,11.153846153846152,11.153846153846152,14.0,20.418632376432484,10.061955886313218,3.170117871243321,2.0,0.0,27.714285714285715,0
1023,2019,14,14,perez,racing_point,18,29.0,10.652941176470588,8.5,10.652941176470588,9.980392156862743,3.9457500821682263,11.834210843485817,0.0849780675425377,2.0,0.0,27.714285714285715,0
1023,2019,14,14,max_verstappen,red_bull,19,29.0,7.776595744680851,8.5,7.776595744680851,7.84375,20.418632376432484,6.076497313722819,-2.257068538255785,2.0,0.0,27.714285714285715,0
1023,2019,14,14,giovinazzi,alfa,10,29.0,15.0,15.0,15.0,16.0,2.374317771224456,15.697733597203175,-1.4711486171099002,2.0,0.0,27.714285714285715,0
1023,2019,14,14,norris,mclaren,16,29.0,12.23076923076923,12.23076923076923,12.23076923076923,13.333333333333334,6.500582924100359,11.897150930988424,-2.0578657159231954,2.0,0.0,27.714285714285715,0
1023,2019,14,14,gasly,toro_rosso,17,29.0,11.512820512820513,14.0,11.512820512820513,12.384615384615383,5.31426173009297,8.701604408163941,-0.6364794226578224,2.0,0.0,27.714285714285715,0
1023,2019,14,14,stroll,racing_point,9,29.0,13.092592592592592,8.0,13.092592592592592,12.88888888888889,3.9457500821682263,12.083901997388612,4.315028271958431,2.0,0.0,27.714285714285715,0
1023,2019,14,14,vettel,ferrari,4,29.0,5.836909871244635,6.083333333333333,5.74235807860262,5.432835820895522,26.369453922257826,4.622288127155478,1.5658437091303774,2.0,0.0,27.714285714285715,0
1023,2019,14,14,russell,williams,14,29.0,15.615384615384617,15.615384615384617,15.615384615384617,16.666666666666668,0.1377876372234696,15.260997344211242,0.0450076938501716,2.0,0.0,27.714285714285715,0
1023,2019,14,14,raikkonen,alfa,22,29.0,7.811074918566775,6.6875,7.886206896551724,7.865979381443299,2.374317771224456,10.781561533960591,-2.1841804594166967,2.0,0.0,27.714285714285715,0
1023,2019,14,14,grosjean,haas,13,29.0,12.841772151898734,14.857142857142858,12.841772151898734,13.020408163265309,1.9012311283546235,14.654250944907714,-4.34334594180779,2.0,0.0,27.714285714285715,0
1023,2019,14,14,kubica,williams,15,29.0,9.96629213483146,7.6,10.223529411764703,8.428571428571429,0.1377876372234696,16.0343200327418,-2.173846925884084,2.0,0.0,27.714285714285715,0
1023,2019,14,14,kevin_magnussen,haas,11,29.0,12.505263157894737,13.5,12.505263157894737,12.741935483870968,1.9012311283546235,13.565426890071876,-2.9835869574161302,2.0,0.0,27.714285714285715,0
1023,2019,14,14,kvyat,toro_rosso,12,29.0,12.448275862068966,13.0,12.448275862068966,12.857142857142858,5.31426173009297,10.679852219649325,3.786312410084728,2.0,0.0,27.714285714285715,0
1023,2019,14,14,sainz,mclaren,7,29.0,11.574468085106384,12.0,11.574468085106384,11.3125,6.500582924100359,9.67110501649582,1.6394441739404908,2.0,0.0,27.714285714285715,0
1024,2019,15,15,vettel,ferrari,3,28.0,5.867521367521367,3.909090909090909,5.773913043478261,6.0,26.12046230002913,6.145508467672665,-0.3552187834387834,4.0,0.0,45.583333333333336,1
1024,2019,15,15,leclerc,ferrari,1,28.0,9.628571428571428,9.0,9.628571428571428,9.782608695652174,26.12046230002913,5.03573554924949,-0.9777411025628594,4.0,0.0,45.583333333333336,0
1024,2019,15,15,max_verstappen,red_bull,4,28.0,7.778947368421052,8.75,7.778947368421052,7.741935483870968,18.887971944353847,6.426225076702623,0.1533075722801149,4.0,0.0,45.583333333333336,0
1024,2019,15,15,hamilton,mercedes,2,28.0,5.049382716049383,7.363636363636363,5.042016806722689,5.290697674418604,32.076932938253954,2.6728111850172964,-0.463031093050565,4.0,0.0,45.583333333333336,0
1024,2019,15,15,bottas,mercedes,5,28.0,7.330827067669173,9.333333333333334,7.330827067669173,7.561797752808989,32.076932938253954,4.4782641733743125,-1.6873411687944213,4.0,0.0,45.583333333333336,0
1024,2019,15,15,albon,red_bull,6,28.0,10.785714285714286,10.785714285714286,10.785714285714286,10.3,18.887971944353847,9.276075656407418,2.9437312418936297,4.0,0.0,45.583333333333336,0
1024,2019,15,15,norris,mclaren,9,28.0,12.071428571428571,12.071428571428571,12.071428571428571,11.9,5.5004769379002925,11.530102776961224,-0.4988834082331398,4.0,0.0,45.583333333333336,0
1024,2019,15,15,gasly,toro_rosso,11,28.0,11.5,13.0,11.5,11.076923076923077,4.348032324621521,9.11963103597116,0.5705473935350673,4.0,0.0,45.583333333333336,0
1024,2019,15,15,hulkenberg,renault,8,28.0,11.598837209302326,13.375,11.598837209302326,11.655462184873947,6.601581920761822,10.386271490769545,-0.4060936311418684,4.0,0.0,45.583333333333336,0
1024,2019,15,15,giovinazzi,alfa,10,28.0,14.625,14.625,14.625,14.75,2.301897256491909,14.428791056386356,-1.0029685141806302,4.0,0.0,45.583333333333336,0
1024,2019,15,15,grosjean,haas,17,28.0,12.861635220125786,15.0,12.861635220125786,12.761467889908255,1.5555526591077444,14.898932591288132,-4.099101225115461,4.0,0.0,45.583333333333336,0
1024,2019,15,15,sainz,mclaren,7,28.0,11.663157894736845,8.75,11.663157894736845,11.709677419354838,5.5004769379002925,11.54908593245993,-1.0222729625866414,4.0,0.0,45.583333333333336,0
1024,2019,15,15,stroll,racing_point,16,28.0,13.072727272727272,11.0,13.072727272727272,13.194444444444445,4.343192704120207,12.068646843212887,2.9850017223921728,4.0,0.0,45.583333333333336,0
1024,2019,15,15,ricciardo,renault,20,28.0,9.871951219512194,8.125,9.871951219512194,10.132743362831858,6.601581920761822,11.044150184427837,-1.1091519580654474,4.0,0.0,45.583333333333336,0
1024,2019,15,15,kvyat,toro_rosso,14,28.0,12.522727272727272,11.25,12.522727272727272,12.254237288135592,4.348032324621521,12.192606393931854,1.8251646571558249,4.0,0.0,45.583333333333336,0
1024,2019,15,15,kubica,williams,19,28.0,10.044444444444444,8.666666666666666,10.30232558139535,10.441176470588236,0.1127353395464751,16.20989821112434,-2.1422383934519607,4.0,0.0,45.583333333333336,0
1024,2019,15,15,kevin_magnussen,haas,13,28.0,12.5625,12.75,12.5625,12.390625,1.5555526591077444,14.371712913526752,-3.713843877390496,4.0,0.0,45.583333333333336,0
1024,2019,15,15,raikkonen,alfa,12,28.0,7.834415584415584,8.222222222222221,7.9106529209622,7.785714285714286,2.301897256491909,11.548550345967758,-4.5143294667954805,4.0,0.0,45.583333333333336,0
1024,2019,15,15,perez,racing_point,15,28.0,10.63157894736842,8.875,10.63157894736842,10.941176470588236,4.343192704120207,10.955263417397484,2.069527509807534,4.0,0.0,45.583333333333336,0
1024,2019,15,15,russell,williams,18,28.0,15.5,15.5,15.5,15.3,0.1127353395464751,15.017027958399227,0.0362999043565229,4.0,0.0,45.583333333333336,0
1025,2019,16,71,hamilton,mercedes,2,25.0,5.045081967213115,1.8,5.03765690376569,4.464788732394366,30.24476331311687,2.914118242286879,-0.7424799852231897,1.0,0.0,24.5,1
1025,2019,16,71,bottas,mercedes,4,25.0,7.313432835820896,4.4,7.313432835820896,6.863636363636363,30.24476331311687,4.573125232761,-1.38055186537661,1.0,0.0,24.5,0
1025,2019,16,71,leclerc,ferrari,1,25.0,9.416666666666666,7.0,9.416666666666666,9.333333333333334,29.189469154569288,4.483381088889488,-0.98179112638168,1.0,0.0,24.5,0
1025,2019,16,71,max_verstappen,red_bull,9,25.0,7.729166666666667,9.75,7.729166666666667,7.848484848484849,19.635613409016784,5.8032750600773,0.3072516507095012,1.0,0.0,24.5,0
1025,2019,16,71,albon,red_bull,22,25.0,10.466666666666669,10.466666666666669,10.466666666666669,12.0,19.635613409016784,8.64954463759675,2.3807592206336152,1.0,0.0,24.5,0
1025,2019,16,71,sainz,mclaren,5,25.0,11.666666666666666,13.75,11.666666666666666,11.575757575757576,5.591299312827512,11.631070308728932,-1.745496063408842,1.0,0.0,24.5,0
1025,2019,16,71,perez,racing_point,11,25.0,10.680232558139537,7.6,10.680232558139537,9.923076923076923,3.512581559813626,12.41794279605249,0.9659770534788898,1.0,0.0,24.5,0
1025,2019,16,71,norris,mclaren,7,25.0,11.733333333333333,11.733333333333333,11.733333333333333,12.5,5.591299312827512,10.6637461338796,-0.020986029829409,1.0,0.0,24.5,0
1025,2019,16,71,kevin_magnussen,haas,13,25.0,12.608247422680412,8.25,12.608247422680412,12.90625,1.2727248478308193,14.849583294567202,-3.76587226350259,1.0,0.0,24.5,0
1025,2019,16,71,hulkenberg,renault,6,25.0,11.583815028901734,14.4,11.583815028901734,11.471698113207546,5.76493066244149,10.134222128811446,-0.5140766072978925,1.0,0.0,24.5,0
1025,2019,16,71,stroll,racing_point,14,25.0,13.071428571428571,13.0,13.071428571428571,12.842105263157896,3.512581559813626,12.237986011029903,2.987728717872125,1.0,0.0,24.5,0
1025,2019,16,71,kvyat,toro_rosso,19,25.0,12.55056179775281,11.5,12.55056179775281,13.06896551724138,4.284753720144881,12.703041603980044,1.311498346853254,1.0,0.0,24.5,0
1025,2019,16,71,raikkonen,alfa,15,25.0,7.867313915857605,5.4,7.945205479452055,7.938775510204081,2.0529167383218327,12.721541192155438,-4.784451381923575,1.0,0.0,24.5,0
1025,2019,16,71,gasly,toro_rosso,16,25.0,11.414634146341465,19.0,11.414634146341465,12.285714285714286,4.284753720144881,8.916007347659665,1.0123841097504855,1.0,0.0,24.5,0
1025,2019,16,71,giovinazzi,alfa,12,25.0,14.352941176470589,14.352941176470589,14.352941176470589,14.25,2.0529167383218327,13.596081125544066,-0.8143884182928349,1.0,0.0,24.5,0
1025,2019,16,71,kubica,williams,18,25.0,10.10989010989011,10.367816091954024,10.367816091954024,8.818181818181818,0.0922380050834796,16.17173489956313,-1.2072859473109756,1.0,0.0,24.5,0
1025,2019,16,71,russell,williams,17,25.0,15.8,15.8,15.8,16.0,0.0922380050834796,15.969993297836112,-0.3531309841473229,1.0,0.0,24.5,0
1025,2019,16,71,vettel,ferrari,3,25.0,5.846808510638298,7.0,5.753246753246753,5.544117647058823,29.189469154569288,5.209961473550361,0.0730028135500866,1.0,0.0,24.5,0
1025,2019,16,71,ricciardo,renault,10,25.0,9.896969696969697,11.2,9.896969696969697,9.294117647058824,5.76493066244149,11.581577423622775,0.1834211252191849,1.0,0.0,24.5,0
1025,2019,16,71,grosjean,haas,8,25.0,12.85,14.4,12.85,13.08,1.2727248478308193,14.190035756508466,-2.262901002367174,1.0,0.0,24.5,0
1026,2019,17,22,bottas,mercedes,3,31.0,7.274074074074074,7.333333333333333,7.274074074074074,7.533333333333333,32.74571543800472,4.105284281349105,-0.7659060716707164,4.0,0.0,44.66666666666666,1
1026,2019,17,22,vettel,ferrari,1,31.0,5.898305084745763,4.2,5.806034482758621,5.970059880239521,26.60956567192032,7.535423023813934,-2.6675431525499307,4.0,0.0,44.66666666666666,0
1026,2019,17,22,hamilton,mercedes,4,31.0,5.0285714285714285,4.5,5.020833333333333,5.283236994219653,32.74571543800472,2.5660967436892643,-0.4256654424553368,4.0,0.0,44.66666666666666,0
1026,2019,17,22,albon,red_bull,6,31.0,10.125,10.125,10.125,9.909090909090908,20.065501880104645,7.958107395722833,0.9824116717703788,4.0,0.0,44.66666666666666,0
1026,2019,17,22,sainz,mclaren,7,31.0,11.608247422680412,14.25,11.608247422680412,11.714285714285714,6.7565176195861465,10.607239339902517,-1.6099513241302374,4.0,0.0,44.66666666666666,0
1026,2019,17,22,leclerc,ferrari,2,31.0,9.243243243243244,18.0,9.243243243243244,9.458333333333334,26.60956567192032,4.213514522827047,-1.1670304652918129,4.0,0.0,44.66666666666666,0
1026,2019,17,22,gasly,toro_rosso,9,31.0,11.476190476190476,12.0,11.476190476190476,10.962962962962964,3.505707589209447,9.84057177763138,1.1919899009152728,4.0,0.0,44.66666666666666,0
1026,2019,17,22,perez,racing_point,17,31.0,10.658959537572256,11.0,10.658959537572256,11.008333333333333,3.983844118969869,11.432862287679308,1.5176175892100012,4.0,0.0,44.66666666666666,0
1026,2019,17,22,stroll,racing_point,12,31.0,13.035087719298245,16.5,13.035087719298245,13.18918918918919,3.983844118969869,12.012895219908026,2.9899598841192665,4.0,0.0,44.66666666666666,0
1026,2019,17,22,kvyat,toro_rosso,14,31.0,12.544444444444444,12.333333333333334,12.544444444444444,12.3,3.505707589209447,12.575215855969107,2.3457713895273744,4.0,0.0,44.66666666666666,0
1026,2019,17,22,norris,mclaren,8,31.0,11.5,11.5,11.5,11.454545454545457,6.7565176195861465,10.159076794891911,-0.206468545186872,4.0,0.0,44.66666666666666,0
1026,2019,17,22,raikkonen,alfa,13,31.0,7.883870967741935,6.0,7.962457337883959,7.834123222748815,1.6639742185567448,12.772170066308997,-3.5509147670283787,4.0,0.0,44.66666666666666,0
1026,2019,17,22,grosjean,haas,10,31.0,12.8944099378882,11.0,12.8944099378882,12.745454545454546,1.4049567147477182,15.246392891688751,-4.033282638300432,4.0,0.0,44.66666666666666,0
1026,2019,17,22,giovinazzi,alfa,11,31.0,14.38888888888889,14.38888888888889,14.38888888888889,14.384615384615383,1.6639742185567448,13.858421193069,-1.2227976934730227,4.0,0.0,44.66666666666666,0
1026,2019,17,22,kevin_magnussen,haas,19,31.0,12.571428571428571,14.0,12.571428571428571,12.461538461538462,1.4049567147477182,13.7860226924927,-2.3538954842548345,4.0,0.0,44.66666666666666,0
1026,2019,17,22,russell,williams,18,31.0,15.875,15.875,15.875,15.727272727272728,0.0754674587046651,16.165136819556352,-0.2862273186369229,4.0,0.0,44.66666666666666,0
1026,2019,17,22,kubica,williams,22,31.0,10.173913043478262,12.333333333333334,10.431818181818182,10.521739130434783,0.0754674587046651,16.14051037207014,-0.6241430422028436,4.0,0.0,44.66666666666666,0
1026,2019,17,22,max_verstappen,red_bull,5,31.0,7.690721649484536,4.0,7.690721649484536,7.666666666666667,20.065501880104645,5.475406866182167,1.1604786263103744,4.0,0.0,44.66666666666666,0
1026,2019,17,22,ricciardo,renault,16,31.0,9.951807228915662,9.625,9.951807228915662,10.166666666666666,4.898579632906673,12.93038152841864,-1.4862918066388544,4.0,0.0,44.66666666666666,0
1026,2019,17,22,hulkenberg,renault,15,31.0,11.57471264367816,11.375,11.57471264367816,11.633333333333333,4.898579632906673,10.109818105391184,-1.147880860516458,4.0,0.0,44.66666666666666,0
1027,2019,18,32,hamilton,mercedes,3,26.0,5.020325203252033,4.0,5.012448132780083,4.416666666666667,34.24649444927659,2.644988244836671,-0.1664535438270936,2.0,0.0,27.88888888888889,1
1027,2019,18,32,vettel,ferrari,2,26.0,5.881856540084388,7.25,5.789699570815451,5.72463768115942,26.49873554975299,6.528982474029581,-2.364353488449943,2.0,0.0,27.88888888888889,0
1027,2019,18,32,bottas,mercedes,6,26.0,7.227941176470588,4.5,7.227941176470588,6.755555555555556,34.24649444927659,3.5406871392848385,-0.2630140586389705,2.0,0.0,27.88888888888889,0
1027,2019,18,32,leclerc,ferrari,1,26.0,9.157894736842104,7.0,9.157894736842104,8.846153846153847,26.49873554975299,4.53848860529759,-1.6823672463473611,2.0,0.0,27.88888888888889,0
1027,2019,18,32,albon,red_bull,5,26.0,9.764705882352942,9.764705882352942,9.764705882352942,10.6,18.59904699281289,7.213896324621178,1.1737406136052202,2.0,0.0,27.88888888888889,0
1027,2019,18,32,max_verstappen,red_bull,4,26.0,7.795918367346939,3.75,7.795918367346939,7.735294117647059,18.59904699281289,7.752605624342086,-1.4141538586136724,2.0,0.0,27.88888888888889,0
1027,2019,18,32,perez,racing_point,11,26.0,10.64367816091954,10.75,10.64367816091954,9.867924528301886,4.362925679351664,10.808705508101252,2.878050754808184,2.0,0.0,27.88888888888889,0
1027,2019,18,32,ricciardo,renault,13,26.0,10.005988023952096,11.25,10.005988023952096,9.48076923076923,4.007928790560005,14.033948523251617,-1.7615114781590635,2.0,0.0,27.88888888888889,0
1027,2019,18,32,gasly,toro_rosso,10,26.0,11.372093023255816,11.5,11.372093023255816,12.4,4.141033482080457,9.32401178356188,1.3389271109791363,2.0,0.0,27.88888888888889,0
1027,2019,18,32,hulkenberg,renault,12,26.0,11.622857142857145,9.75,11.622857142857145,11.444444444444445,4.007928790560005,11.90803299532006,-1.848266158604376,2.0,0.0,27.88888888888889,0
1027,2019,18,32,kvyat,toro_rosso,9,26.0,12.516483516483516,11.0,12.516483516483516,13.033333333333331,4.141033482080457,12.106994785754765,2.646540231323436,2.0,0.0,27.88888888888889,0
1027,2019,18,32,stroll,racing_point,16,26.0,12.96551724137931,9.0,12.96551724137931,12.75,4.362925679351664,11.465091259373253,2.9917853758281563,2.0,0.0,27.88888888888889,0
1027,2019,18,32,sainz,mclaren,7,26.0,11.540816326530612,16.0,11.540816326530612,11.411764705882351,7.346241688752301,9.587741275166644,-0.9535965360349152,2.0,0.0,27.88888888888889,0
1027,2019,18,32,giovinazzi,alfa,15,26.0,14.36842105263158,14.36842105263158,14.36842105263158,14.4,1.3511105411295417,13.884744203964642,-1.5532236710084142,2.0,0.0,27.88888888888889,0
1027,2019,18,32,kevin_magnussen,haas,17,26.0,12.595959595959595,13.333333333333334,12.595959595959595,12.787878787878787,1.1495100060396404,14.00674583983218,-1.198641757123354,2.0,0.0,27.88888888888889,0
1027,2019,18,32,russell,williams,19,26.0,15.882352941176473,15.882352941176473,15.882352941176473,16.2,0.0617461025765442,16.134087472716203,0.1436336000999555,2.0,0.0,27.88888888888889,0
1027,2019,18,32,grosjean,haas,18,26.0,12.895061728395062,15.25,12.895061728395062,13.215686274509803,1.1495100060396404,14.837957820472614,-3.845413067700352,2.0,0.0,27.88888888888889,0
1027,2019,18,32,kubica,williams,20,26.0,10.24731182795699,10.50561797752809,10.50561797752809,9.130434782608695,0.0617461025765442,16.29678121473912,-3.6015716033657874,2.0,0.0,27.88888888888889,0
1027,2019,18,32,raikkonen,alfa,14,26.0,7.897106109324759,7.75,7.976190476190476,7.98989898989899,1.3511105411295417,12.631775508798269,-2.723475718477764,2.0,0.0,27.88888888888889,0
1027,2019,18,32,norris,mclaren,8,26.0,11.470588235294118,11.470588235294118,11.470588235294118,11.6,7.346241688752301,10.317188815769365,-0.7317137768825066,2.0,0.0,27.88888888888889,0
1028,2019,19,69,bottas,mercedes,1,33.0,7.197080291970803,9.666666666666666,7.197080291970803,6.673913043478261,35.292586367589934,3.4423803866874816,0.3302612247506152,3.0,0.0,32.916666666666664,1
1028,2019,19,69,hamilton,mercedes,5,33.0,5.004048582995951,1.7142857142857142,4.9958677685950414,4.36986301369863,35.292586367589934,2.345899473048185,0.2274471005051055,3.0,0.0,32.916666666666664,0
1028,2019,19,69,max_verstappen,red_bull,3,33.0,7.777777777777778,7.5,7.777777777777778,7.685714285714286,18.490129357756,7.43395005552921,-1.5206713391166624,3.0,0.0,32.916666666666664,0
1028,2019,19,69,leclerc,ferrari,4,33.0,9.025641025641026,15.0,9.025641025641026,8.5,27.31714726797972,4.440542490329437,-1.922032501852153,3.0,0.0,32.916666666666664,0
1028,2019,19,69,albon,red_bull,6,33.0,9.5,9.5,9.5,9.666666666666666,18.490129357756,6.800201686090587,0.9544122767386912,3.0,0.0,32.916666666666664,0
1028,2019,19,69,ricciardo,renault,9,33.0,9.99404761904762,10.428571428571429,9.99404761904762,9.452830188679243,4.188305374094549,12.936866973569504,-0.5321457548574127,3.0,0.0,32.916666666666664,0
1028,2019,19,69,norris,mclaren,8,33.0,11.944444444444445,11.944444444444445,11.944444444444445,13.0,6.010561381706427,12.126545030092393,-2.837336133308558,3.0,0.0,32.916666666666664,0
1028,2019,19,69,sainz,mclaren,7,33.0,11.555555555555555,6.75,11.555555555555555,11.457142857142856,6.010561381706427,10.208151953870615,-1.8711244407355048,3.0,0.0,32.916666666666664,0
1028,2019,19,69,hulkenberg,renault,11,33.0,11.613636363636363,13.142857142857142,11.613636363636363,11.418181818181818,4.188305374094549,11.561117905261868,-1.148581402494489,3.0,0.0,32.916666666666664,0
1028,2019,19,69,perez,racing_point,22,33.0,10.622857142857145,9.142857142857142,10.622857142857145,9.814814814814817,4.668833802418,10.116213597537389,3.082041526661241,3.0,0.0,32.916666666666664,0
1028,2019,19,69,raikkonen,alfa,17,33.0,7.9326923076923075,9.666666666666666,8.013559322033899,8.1,1.0986383812043936,13.78963450719858,-3.137389224209079,3.0,0.0,32.916666666666664,0
1028,2019,19,69,kvyat,toro_rosso,13,33.0,12.5,12.25,12.5,12.96774193548387,3.751754667156737,11.905723004594805,1.8017147266104816,3.0,0.0,32.916666666666664,0
1028,2019,19,69,stroll,racing_point,14,33.0,12.94915254237288,12.5,12.94915254237288,12.714285714285714,4.668833802418,11.562348095584506,3.1750984479869317,3.0,0.0,32.916666666666664,0
1028,2019,19,69,giovinazzi,alfa,16,33.0,14.35,14.35,14.35,14.333333333333334,1.0986383812043936,13.906085474033729,-1.0804575474456668,3.0,0.0,32.916666666666664,0
1028,2019,19,69,grosjean,haas,15,33.0,12.920245398773003,11.285714285714286,12.920245398773003,13.288461538461538,0.940508164468372,15.231056398568503,-2.9644288735730093,3.0,0.0,32.916666666666664,0
1028,2019,19,69,gasly,toro_rosso,10,33.0,11.318181818181818,12.0,11.318181818181818,12.1875,3.751754667156737,9.265091927275126,1.2772949800391782,3.0,0.0,32.916666666666664,0
1028,2019,19,69,russell,williams,18,33.0,15.88888888888889,15.88888888888889,15.88888888888889,16.166666666666668,0.0505195384717179,16.109031525904285,0.6773819297647456,3.0,0.0,32.916666666666664,0
1028,2019,19,69,kevin_magnussen,haas,12,33.0,12.62,14.0,12.62,12.852941176470589,0.940508164468372,14.18733750566532,-0.6170705274345236,3.0,0.0,32.916666666666664,0
1028,2019,19,69,kubica,williams,19,33.0,10.329787234042554,10.588888888888889,10.588888888888889,9.5,0.0505195384717179,16.60645735950354,-2.5831040325736523,3.0,0.0,32.916666666666664,0
1028,2019,19,69,vettel,ferrari,2,33.0,5.8655462184873945,3.2857142857142856,5.773504273504273,5.671428571428572,27.31714726797972,5.705531115115111,-1.9344710360044983,3.0,0.0,32.916666666666664,0
1029,2019,20,18,max_verstappen,red_bull,1,45.0,7.73,4.75,7.73,7.828125,19.67374220180037,6.627777316606407,-1.2441856405625396,5.0,0.0,53.92307692307692,1
1029,2019,20,18,gasly,toro_rosso,6,45.0,11.422222222222222,12.5,11.422222222222222,10.821428571428571,3.06961745494642,10.489767311359603,-0.0460080151225218,5.0,0.0,53.92307692307692,0
1029,2019,20,18,sainz,mclaren,20,45.0,11.52,12.0,11.52,11.609375,6.735913857759805,9.80666977966576,-1.712738178478314,5.0,0.0,53.92307692307692,0
1029,2019,20,18,raikkonen,alfa,8,45.0,7.942492012779553,6.133333333333334,8.02364864864865,7.85377358490566,0.8943742635324018,13.282428233162475,-1.4760457288983362,5.0,0.0,53.92307692307692,0
1029,2019,20,18,giovinazzi,alfa,12,45.0,14.333333333333334,14.333333333333334,14.333333333333334,14.357142857142858,0.8943742635324018,13.923417105299563,-0.5119687668967724,5.0,0.0,53.92307692307692,0
1029,2019,20,18,ricciardo,renault,11,45.0,9.970414201183432,11.25,9.970414201183432,10.243478260869566,5.244977124259177,11.6756184329205,0.1100625642075728,5.0,0.0,53.92307692307692,0
1029,2019,20,18,hamilton,mercedes,3,45.0,4.991935483870968,6.666666666666667,4.983539094650205,5.270114942528736,36.6939343007554,2.283008659766697,0.7315476276859958,5.0,0.0,53.92307692307692,0
1029,2019,20,18,norris,mclaren,10,45.0,11.68421052631579,11.68421052631579,11.68421052631579,11.416666666666666,6.735913857759805,11.173393187600244,-2.1238801928544806,5.0,0.0,53.92307692307692,0
1029,2019,20,18,perez,racing_point,15,45.0,10.619318181818182,11.625,10.619318181818182,10.983471074380166,3.9867066235781863,10.095083852530587,0.7034885218137414,5.0,0.0,53.92307692307692,0
1029,2019,20,18,kvyat,toro_rosso,16,45.0,12.494623655913978,10.333333333333334,12.494623655913978,12.262295081967212,3.06961745494642,11.922864276621269,1.6559484115366054,5.0,0.0,53.92307692307692,0
1029,2019,20,18,kevin_magnussen,haas,9,45.0,12.673267326732674,13.0,12.673267326732674,12.5,0.7695066650972798,14.88054886936482,-1.595784978535318,5.0,0.0,53.92307692307692,0
1029,2019,20,18,russell,williams,18,45.0,15.947368421052632,15.947368421052632,15.947368421052632,15.75,0.0413341678404965,16.27468465831644,0.7373646288849076,5.0,0.0,53.92307692307692,0
1029,2019,20,18,grosjean,haas,7,45.0,12.932926829268292,15.75,12.932926829268292,12.747747747747749,0.7695066650972798,15.18904614428332,-2.425441805650641,5.0,0.0,53.92307692307692,0
1029,2019,20,18,albon,red_bull,5,45.0,9.263157894736842,9.263157894736842,9.263157894736842,9.416666666666666,19.67374220180037,6.465499553585612,0.9628881649180554,5.0,0.0,53.92307692307692,0
1029,2019,20,18,hulkenberg,renault,13,45.0,11.598870056497177,8.875,11.598870056497177,11.702479338842975,5.244977124259177,11.095460104305165,-0.5761120565863996,5.0,0.0,53.92307692307692,0
1029,2019,20,18,kubica,williams,19,45.0,10.421052631578949,7.2,10.68131868131868,10.614285714285714,0.0413341678404965,17.041646932790663,-2.113448751454946,5.0,0.0,53.92307692307692,0
1029,2019,20,18,vettel,ferrari,2,45.0,5.924686192468619,4.666666666666667,5.834042553191489,5.946428571428571,24.714029582892497,8.304525457821455,-4.855476302185501,5.0,0.0,53.92307692307692,0
1029,2019,20,18,leclerc,ferrari,14,45.0,8.9,7.0,8.9,9.32,24.714029582892497,4.360417688362212,-1.5724578820003592,5.0,0.0,53.92307692307692,0
1029,2019,20,18,stroll,racing_point,17,45.0,12.95,17.0,12.95,13.078947368421051,3.9867066235781863,11.823740893638442,2.779623668858643,5.0,0.0,53.92307692307692,0
1029,2019,20,18,bottas,mercedes,4,45.0,7.152173913043479,9.0,7.152173913043479,7.461538461538462,36.6939343007554,2.9983112254711584,0.270213729341356,5.0,0.0,53.92307692307692,0
1030,2019,21,24,hamilton,mercedes,1,25.0,5.0,5.7,4.991803278688525,4.337837837837838,31.11321897334532,3.140643448900025,-0.128733759166004,3.0,0.0,31.857142857142858,1
1030,2019,21,24,max_verstappen,red_bull,2,25.0,7.663366336633663,7.0,7.663366336633663,7.555555555555555,20.64215271056393,5.604545075609784,-1.0179700691944262,3.0,0.0,31.857142857142858,0
1030,2019,21,24,leclerc,ferrari,3,25.0,9.121951219512194,7.0,9.121951219512194,8.2,20.220569658730223,6.841004567516436,-2.0139471438354675,3.0,0.0,31.857142857142858,0
1030,2019,21,24,bottas,mercedes,20,25.0,7.244604316546763,9.666666666666666,7.244604316546763,6.553191489361702,31.11321897334532,6.089527366296964,-2.6880069487229856,3.0,0.0,31.857142857142858,0
1030,2019,21,24,vettel,ferrari,4,25.0,5.970833333333333,5.0,5.88135593220339,5.873239436619718,20.220569658730223,9.885520829126646,-6.699935156333593,3.0,0.0,31.857142857142858,0
1030,2019,21,24,albon,red_bull,5,25.0,9.5,9.5,9.5,9.0,20.64215271056393,7.860620791681551,-0.8818840227677927,3.0,0.0,31.857142857142858,0
1030,2019,21,24,perez,racing_point,10,25.0,10.610169491525424,8.75,10.610169491525424,9.818181818181818,3.6188392879622153,9.895977697525028,1.6664906087566982,3.0,0.0,31.857142857142858,0
1030,2019,21,24,norris,mclaren,6,25.0,11.5,11.5,11.5,12.142857142857142,8.965747701803478,10.585793748946422,-1.3602844002293135,3.0,0.0,31.857142857142858,0
1030,2019,21,24,kvyat,toro_rosso,13,25.0,12.46808510638298,16.333333333333332,12.46808510638298,12.9375,5.966050644956164,11.573252587716546,2.445775978150168,3.0,0.0,31.857142857142858,0
1030,2019,21,24,sainz,mclaren,8,25.0,11.435643564356436,13.5,11.435643564356436,11.36111111111111,8.965747701803478,8.569093454138507,1.6895778593377493,3.0,0.0,31.857142857142858,0
1030,2019,21,24,ricciardo,renault,7,25.0,9.947058823529412,10.75,9.947058823529412,9.38888888888889,5.745890374393872,10.643687808753135,0.9991420979880156,3.0,0.0,31.857142857142858,0
1030,2019,21,24,hulkenberg,renault,9,25.0,11.617977528089888,12.5,11.617977528089888,11.375,5.745890374393872,11.805376448976954,-0.8350007735706908,3.0,0.0,31.857142857142858,0
1030,2019,21,24,raikkonen,alfa,17,25.0,7.929936305732484,9.625,8.01010101010101,8.128712871287128,4.802384743810869,11.594714008951115,-0.4804010509168199,3.0,0.0,31.857142857142858,0
1030,2019,21,24,kevin_magnussen,haas,14,25.0,12.65686274509804,14.0,12.65686274509804,13.0,0.6295963523630138,14.174994528569949,-1.6692786188964508,3.0,0.0,31.857142857142858,0
1030,2019,21,24,grosjean,haas,15,25.0,12.933333333333334,11.75,12.933333333333334,13.320754716981131,0.6295963523630138,14.791037754413624,-3.075361477350528,3.0,0.0,31.857142857142858,0
1030,2019,21,24,giovinazzi,alfa,16,25.0,13.909090909090908,13.909090909090908,13.909090909090908,14.285714285714286,4.802384743810869,12.28110979590394,0.8705690062730325,3.0,0.0,31.857142857142858,0
1030,2019,21,24,russell,williams,18,25.0,15.75,15.75,15.75,16.285714285714285,0.0338188645967698,15.48316524765422,1.7118173383663418,3.0,0.0,31.857142857142858,0
1030,2019,21,24,gasly,toro_rosso,11,25.0,11.217391304347826,16.0,11.217391304347826,12.411764705882351,5.966050644956164,8.946022014436828,0.6897018831098928,3.0,0.0,31.857142857142858,0
1030,2019,21,24,kubica,williams,19,25.0,10.479166666666666,7.5,10.73913043478261,9.88,0.0338188645967698,16.852256580559587,-1.1837307926461125,3.0,0.0,31.857142857142858,0
1030,2019,21,24,stroll,racing_point,12,25.0,13.049180327868852,15.5,13.049180327868852,12.727272727272728,3.6188392879622153,13.128521577139152,1.9105969872549675,3.0,0.0,31.857142857142858,0
1031,2020,1,70,bottas,mercedes,1,38.0,7.2214285714285715,6.666666666666667,7.2214285714285715,7.5978260869565215,32.365360978191624,5.709613299697277,0.7098124965015155,4.0,0.0,35.69230769230769,1
1031,2020,1,70,leclerc,ferrari,7,38.0,8.976190476190476,5.5,8.976190476190476,9.653846153846152,21.089556993506548,6.142487389910007,-1.6476948652889492,4.0,0.0,35.69230769230769,0
1031,2020,1,70,norris,mclaren,3,38.0,11.333333333333334,6.0,11.333333333333334,11.153846153846152,8.244702665111936,10.1085936212224,-1.4783419081191076,4.0,0.0,35.69230769230769,0
1031,2020,1,70,hamilton,mercedes,5,38.0,4.984,5.0,4.975510204081632,5.28,32.365360978191624,2.7514355491000204,-0.1053276211358214,4.0,0.0,35.69230769230769,0
1031,2020,1,70,sainz,mclaren,8,38.0,11.42156862745098,12.2,11.42156862745098,11.476923076923075,8.244702665111936,8.829258280994463,1.0187455204107825,4.0,0.0,35.69230769230769,0
1031,2020,1,70,perez,racing_point,6,38.0,10.589887640449438,9.5,10.589887640449438,10.9672131147541,4.058275030421891,9.369436297975025,1.908946861710026,4.0,0.0,35.69230769230769,0
1031,2020,1,70,gasly,alphatauri,12,38.0,11.361702127659576,9.0,11.361702127659576,10.517241379310343,0.0,10.59233179333378,-0.7085378107740847,4.0,0.0,35.69230769230769,0
1031,2020,1,70,ocon,renault,14,38.0,11.4,7.0,11.4,11.419354838709678,4.701183033594985,13.192378128165268,-2.718458080217396,4.0,0.0,35.69230769230769,0
1031,2020,1,70,giovinazzi,alfa,18,38.0,14.0,10.0,14.0,13.733333333333333,3.916119698866662,12.964031183885664,0.7107013679536699,4.0,0.0,35.69230769230769,0
1031,2020,1,70,vettel,ferrari,11,38.0,5.966804979253112,9.166666666666666,5.877637130801688,6.011834319526627,21.089556993506548,8.997244314739982,-5.663583309727485,4.0,0.0,35.69230769230769,0
1031,2020,1,70,latifi,williams,20,38.0,10.5,10.5,10.5,10.5,0.0276699801246298,10.5,0.0,4.0,0.0,35.69230769230769,0
1031,2020,1,70,kvyat,alphatauri,13,38.0,12.43157894736842,17.8,12.43157894736842,12.225806451612904,0.0,11.105388478399457,2.7283621654265864,4.0,0.0,35.69230769230769,0
1031,2020,1,70,albon,red_bull,4,38.0,9.333333333333334,15.0,9.333333333333334,9.76923076923077,21.616306763188675,7.5172490591919905,-0.9036819559727992,4.0,0.0,35.69230769230769,0
1031,2020,1,70,raikkonen,alfa,19,38.0,7.946031746031746,8.222222222222221,8.026845637583893,7.835680751173709,3.916119698866662,11.850220552778184,0.3342173219771479,4.0,0.0,35.69230769230769,0
1031,2020,1,70,russell,williams,17,38.0,15.80952380952381,18.0,15.80952380952381,15.461538461538462,0.0276699801246298,15.763092344643516,1.5804536807184744,4.0,0.0,35.69230769230769,0
1031,2020,1,70,grosjean,haas,15,38.0,12.94578313253012,10.333333333333334,12.94578313253012,12.75,0.5151242816099554,14.829030889974783,-2.5162048451049754,4.0,0.0,35.69230769230769,0
1031,2020,1,70,kevin_magnussen,haas,16,38.0,12.669902912621358,12.6,12.669902912621358,12.477611940298509,0.5151242816099554,14.14317734152364,-1.3657734151403282,4.0,0.0,35.69230769230769,0
1031,2020,1,70,stroll,racing_point,9,38.0,13.161290322580646,12.666666666666666,13.161290322580646,13.23076923076923,4.058275030421891,14.377886226422582,0.1086631431527286,4.0,0.0,35.69230769230769,0
1031,2020,1,70,ricciardo,renault,10,38.0,9.953216374269006,9.333333333333334,9.953216374269006,10.20689655172414,4.701183033594985,10.708471843525292,0.0902071710811023,4.0,0.0,35.69230769230769,0
1031,2020,1,70,max_verstappen,red_bull,2,38.0,7.607843137254902,6.4,7.607843137254902,7.723076923076923,21.616306763188675,4.949173242835123,-0.8328846018293559,4.0,0.0,35.69230769230769,0
1032,2020,2,70,hamilton,mercedes,1,21.0,4.9800796812749,4.857142857142857,4.971544715447155,5.2727272727272725,33.208022618520424,2.978447267445472,0.0956410372525098,4.0,0.0,35.69230769230769,1
1032,2020,2,70,bottas,mercedes,4,21.0,7.177304964539007,5.857142857142857,7.177304964539007,7.526881720430108,33.208022618520424,4.85331997247915,0.5807556789557189,4.0,0.0,35.69230769230769,0
1032,2020,2,70,max_verstappen,red_bull,2,21.0,7.728155339805825,8.666666666666666,7.728155339805825,7.909090909090909,17.68606916988164,7.685687201572163,-3.95417831388274,4.0,0.0,35.69230769230769,0
1032,2020,2,70,albon,red_bull,6,21.0,9.5,14.0,9.5,10.0,17.68606916988164,8.526320117894054,-2.3937660959376075,4.0,0.0,35.69230769230769,0
1032,2020,2,70,norris,mclaren,9,21.0,10.954545454545457,4.5,10.954545454545457,10.571428571428571,11.472938544182494,8.800294891498867,-1.2062609672822195,4.0,0.0,35.69230769230769,0
1032,2020,2,70,perez,racing_point,17,21.0,10.564245810055866,9.0,10.564245810055866,10.926829268292684,4.783728480907892,8.756811516525019,1.5618656141263847,4.0,0.0,35.69230769230769,0
1032,2020,2,70,stroll,racing_point,12,21.0,13.238095238095235,14.0,13.238095238095235,13.35,4.783728480907892,15.036454495896894,-1.547462781761522,4.0,0.0,35.69230769230769,0
1032,2020,2,70,ricciardo,renault,8,21.0,10.005813953488373,10.714285714285714,10.005813953488373,10.282051282051285,4.573695209304987,12.216022417429787,-1.5625577691154635,4.0,0.0,35.69230769230769,0
1032,2020,2,70,sainz,mclaren,3,21.0,11.359223300970871,11.0,11.359223300970871,11.37878787878788,11.472938544182494,8.13302950189684,1.378973607989107,4.0,0.0,35.69230769230769,0
1032,2020,2,70,kvyat,alphatauri,13,21.0,12.427083333333334,16.833333333333332,12.427083333333334,12.22222222222222,6.0,11.268045119390074,2.4141144976337667,4.0,0.0,35.69230769230769,0
1032,2020,2,70,raikkonen,alfa,16,21.0,7.965189873417722,8.8,8.046822742474916,7.864485981308412,3.563468091305164,12.241089543182152,1.1825414452540306,4.0,0.0,35.69230769230769,0
1032,2020,2,70,kevin_magnussen,haas,15,21.0,12.711538461538462,13.333333333333334,12.711538461538462,12.544117647058824,0.4214653168407774,14.66259964351344,-1.2992691577846445,4.0,0.0,35.69230769230769,0
1032,2020,2,70,grosjean,haas,22,21.0,12.964071856287426,11.142857142857142,12.964071856287426,12.778761061946902,0.4214653168407774,15.041934364524822,-2.24053123690407,4.0,0.0,35.69230769230769,0
1032,2020,2,70,giovinazzi,alfa,19,21.0,13.791666666666666,9.5,13.791666666666666,13.4375,3.563468091305164,12.237413850170276,2.230151591976388,4.0,0.0,35.69230769230769,0
1032,2020,2,70,gasly,alphatauri,7,21.0,11.270833333333334,8.333333333333334,11.270833333333334,10.4,6.0,9.939137719726991,0.3294462289733949,4.0,0.0,35.69230769230769,0
1032,2020,2,70,russell,williams,11,21.0,15.772727272727272,16.5,15.772727272727272,15.428571428571429,0.0226390746474244,15.622649269915158,1.6576689423895747,4.0,0.0,35.69230769230769,0
1032,2020,2,70,latifi,williams,18,21.0,11.0,11.0,11.0,11.0,0.0226390746474244,11.0,9.0,4.0,0.0,35.69230769230769,0
1032,2020,2,70,ocon,renault,5,21.0,11.333333333333334,7.333333333333333,11.333333333333334,11.3125,4.573695209304987,12.248275465054292,-1.133226941694148,4.0,0.0,35.69230769230769,0
1032,2020,2,70,leclerc,ferrari,14,21.0,8.813953488372093,4.333333333333333,8.813953488372093,9.37037037037037,20.70963754014172,5.389173117616133,-0.4388068353399532,4.0,0.0,35.69230769230769,0
1032,2020,2,70,vettel,ferrari,10,21.0,5.983471074380165,9.285714285714286,5.894957983193278,6.035294117647059,20.70963754014172,9.179563530241804,-4.45202270795885,4.0,0.0,35.69230769230769,0
1033,2020,3,11,hamilton,mercedes,1,45.0,4.964285714285714,3.769230769230769,4.955465587044534,5.248587570621469,34.988382142425806,2.618729582455386,0.0782517577520535,5.0,0.0,47.642857142857146,1
1033,2020,3,11,max_verstappen,red_bull,7,45.0,7.6826923076923075,7.0,7.6826923076923075,7.835820895522388,19.37951113899407,6.8337440732777335,-3.4170549836219446,5.0,0.0,47.642857142857146,0
1033,2020,3,11,bottas,mercedes,2,45.0,7.140845070422535,9.428571428571429,7.140845070422535,7.468085106382978,34.988382142425806,4.334534522937267,0.8388001009638788,5.0,0.0,47.642857142857146,0
1033,2020,3,11,stroll,racing_point,3,45.0,13.140625,16.0,13.140625,13.195121951219512,6.476165899711623,13.57527708670268,-0.3570118547844098,5.0,0.0,47.642857142857146,0
1033,2020,3,11,albon,red_bull,13,45.0,9.26086956521739,10.0,9.26086956521739,9.6,19.37951113899407,7.695125689524756,-1.5869133317985014,5.0,0.0,47.642857142857146,0
1033,2020,3,11,vettel,ferrari,5,45.0,6.041152263374485,6.384615384615385,5.953974895397489,6.116959064327485,16.94424889647959,11.146915615652386,-5.460745851966332,5.0,0.0,47.642857142857146,0
1033,2020,3,11,perez,racing_point,4,45.0,10.53888888888889,13.333333333333334,10.53888888888889,10.887096774193548,6.476165899711623,8.255573058975015,3.2778900479215887,5.0,0.0,47.642857142857146,0
1033,2020,3,11,ricciardo,renault,11,45.0,9.99421965317919,10.11111111111111,9.99421965317919,10.26271186440678,4.469386989431354,11.449472886988008,-1.2784563565490157,5.0,0.0,47.642857142857146,0
1033,2020,3,11,sainz,mclaren,9,45.0,11.336538461538462,9.2,11.336538461538462,11.343283582089551,11.75058608160386,8.290660501688112,0.0373420417413606,5.0,0.0,47.642857142857146,0
1033,2020,3,11,kevin_magnussen,haas,22,45.0,12.704761904761904,12.0,12.704761904761904,12.53623188405797,0.3448352562367257,14.17849061707797,-0.5175838558168419,5.0,0.0,47.642857142857146,0
1033,2020,3,11,leclerc,ferrari,6,45.0,9.045454545454543,12.0,9.045454545454543,9.714285714285714,16.94424889647959,7.864231138772266,-1.2682360703003737,5.0,0.0,47.642857142857146,0
1033,2020,3,11,kvyat,alphatauri,17,45.0,12.402061855670103,11.6,12.402061855670103,12.1875,3.25,11.037491460507807,2.5206391348024995,5.0,0.0,47.642857142857146,0
1033,2020,3,11,norris,mclaren,8,45.0,10.695652173913045,9.0,10.695652173913045,10.2,11.75058608160386,8.102424688398022,-0.2502050552105529,5.0,0.0,47.642857142857146,0
1033,2020,3,11,ocon,renault,14,45.0,11.461538461538462,11.0,11.461538461538462,11.515151515151516,4.469386989431354,13.294074297727468,-3.290885455514281,5.0,0.0,47.642857142857146,0
1033,2020,3,11,raikkonen,alfa,20,45.0,7.974763406940063,6.0,8.056666666666667,7.879069767441861,2.909087767771459,12.015436898967216,1.8766248188442076,5.0,0.0,47.642857142857146,0
1033,2020,3,11,grosjean,haas,22,45.0,12.964285714285714,12.5,12.964285714285714,12.780701754385966,0.3448352562367257,14.670673570974852,-4.196798284739698,5.0,0.0,47.642857142857146,0
1033,2020,3,11,giovinazzi,alfa,19,45.0,13.8,18.0,13.8,13.470588235294118,2.909087767771459,12.56002162970934,2.7371195178611094,5.0,0.0,47.642857142857146,0
1033,2020,3,11,russell,williams,12,45.0,15.782608695652174,16.0,15.782608695652174,15.466666666666669,0.0185228792569836,15.69194437415395,0.4350825616860745,5.0,0.0,47.642857142857146,0
1033,2020,3,11,latifi,williams,15,45.0,14.0,14.0,14.0,14.0,0.0185228792569836,14.3,4.6,5.0,0.0,47.642857142857146,0
1033,2020,3,11,gasly,alphatauri,10,45.0,11.346938775510203,6.0,11.346938775510203,10.548387096774194,3.25,10.85934387516581,-1.1850798076617075,5.0,0.0,47.642857142857146,0
1034,2020,4,9,hamilton,mercedes,1,22.0,4.948616600790514,3.4615384615384617,4.939516129032258,5.224719101123595,36.08140357107566,2.3244151129180426,0.0640241654334983,4.0,0.0,37.266666666666666,1
1034,2020,4,9,max_verstappen,red_bull,3,22.0,7.628571428571429,8.4,7.628571428571429,7.75,20.946872750086055,5.954881513878877,-1.88668134915463,4.0,0.0,37.266666666666666,0
1034,2020,4,9,leclerc,ferrari,4,22.0,9.088888888888889,11.0,9.088888888888889,9.758620689655173,15.31802182439239,8.434439208883383,-1.9468198571267976,4.0,0.0,37.266666666666666,0
1034,2020,4,9,ricciardo,renault,8,22.0,9.982758620689657,8.777777777777779,9.982758620689657,10.243697478991596,4.384043900443835,10.822295998444734,-0.5005552008128301,4.0,0.0,37.266666666666666,0
1034,2020,4,9,norris,mclaren,5,22.0,10.791666666666666,11.0,10.791666666666666,10.375,9.977752248584975,9.000163114133166,-1.120854951333388,4.0,0.0,37.266666666666666,0
1034,2020,4,9,ocon,renault,9,22.0,11.50943396226415,7.5,11.50943396226415,11.588235294117649,4.384043900443835,13.422427511779444,-2.6925282573950127,4.0,0.0,37.266666666666666,0
1034,2020,4,9,gasly,alphatauri,11,22.0,11.52,8.5,11.52,10.84375,1.943521594684385,12.521354319151628,-2.7878629364093146,4.0,0.0,37.266666666666666,0
1034,2020,4,9,albon,red_bull,12,22.0,9.083333333333334,12.0,9.083333333333334,9.3125,20.946872750086055,7.2011020676846496,0.1703930768972102,4.0,0.0,37.266666666666666,0
1034,2020,4,9,stroll,racing_point,6,22.0,13.0,13.666666666666666,13.0,12.976190476190476,8.58851497561423,11.834313849110684,-0.4739190432544292,4.0,0.0,37.266666666666666,0
1034,2020,4,9,vettel,ferrari,10,22.0,6.040983606557377,7.833333333333333,5.954166666666667,6.116279069767442,15.31802182439239,10.21111277644286,-4.6497011516088165,4.0,0.0,37.266666666666666,0
1034,2020,4,9,bottas,mercedes,2,22.0,7.111888111888112,5.857142857142857,7.111888111888112,7.421052631578948,36.08140357107566,4.091891882403135,0.5044728098794219,4.0,0.0,37.266666666666666,0
1034,2020,4,9,russell,williams,20,22.0,15.875,14.0,15.875,15.625,0.0151550830284411,16.115017036078658,-0.744484983649761,4.0,0.0,37.266666666666666,0
1034,2020,4,9,sainz,mclaren,7,22.0,11.314285714285717,12.8,11.314285714285717,11.308823529411764,9.977752248584975,8.419631319654144,0.0305525796017697,4.0,0.0,37.266666666666666,0
1034,2020,4,9,giovinazzi,alfa,15,22.0,13.923076923076923,18.0,13.923076923076923,13.666666666666666,2.375844334683695,13.371690644386762,2.602367268443585,4.0,0.0,37.266666666666666,0
1034,2020,4,9,latifi,williams,18,22.0,15.666666666666666,15.666666666666666,15.666666666666666,15.666666666666666,0.0151550830284411,16.18936877076412,1.1428571428571426,4.0,0.0,37.266666666666666,0
1034,2020,4,9,grosjean,haas,17,22.0,12.982248520710058,15.25,12.982248520710058,12.808695652173911,0.4639561225504357,14.91236928534306,-6.342834960241575,4.0,0.0,37.266666666666666,0
1034,2020,4,9,raikkonen,alfa,16,22.0,7.99685534591195,6.0,8.079734219269103,7.912037037037037,2.375844334683695,12.558084735518632,2.444511215417988,4.0,0.0,37.266666666666666,0
1034,2020,4,9,kvyat,alphatauri,19,22.0,12.39795918367347,9.8,12.39795918367347,12.184615384615384,1.943521594684385,11.212493013646627,2.9714320206818186,4.0,0.0,37.266666666666666,0
1034,2020,4,9,kevin_magnussen,haas,14,22.0,12.679245283018869,13.0,12.679245283018869,12.5,0.4639561225504357,13.418765049897244,-2.241659519392466,4.0,0.0,37.266666666666666,0
1034,2020,4,9,hulkenberg,racing_point,13,22.0,11.620111731843576,8.444444444444445,11.620111731843576,11.729508196721312,8.58851497561423,11.840762549162964,-1.2286369965578383,4.0,0.0,37.266666666666666,0
1035,2020,5,9,max_verstappen,red_bull,4,41.0,7.575471698113207,7.333333333333333,7.575471698113207,7.666666666666667,21.320168613706773,5.235812147303312,-1.3618301944594076,4.0,0.0,37.266666666666666,1
1035,2020,5,9,hamilton,mercedes,2,41.0,4.933070866141732,3.2857142857142856,4.923694779116466,5.201117318435754,34.066602921789176,2.083612365114762,0.0523834080819531,4.0,0.0,37.266666666666666,0
1035,2020,5,9,bottas,mercedes,1,41.0,7.138888888888889,6.5,7.138888888888889,7.458333333333333,34.066602921789176,5.347911540148374,-1.2236131555536884,4.0,0.0,37.266666666666666,0
1035,2020,5,9,leclerc,ferrari,8,41.0,8.956521739130435,8.333333333333334,8.956521739130435,9.533333333333331,15.442017856321048,7.446262541320166,-1.410981932660807,4.0,0.0,37.266666666666666,0
1035,2020,5,9,albon,red_bull,9,41.0,9.04,10.0,9.04,9.235294117647058,21.320168613706773,7.347325098001496,0.8713295877673177,4.0,0.0,37.266666666666666,0
1035,2020,5,9,stroll,racing_point,6,41.0,12.93939393939394,12.5,12.93939393939394,12.883720930232558,7.382612962286755,11.318983145986092,-0.93320730309121,4.0,0.0,37.266666666666666,0
1035,2020,5,9,hulkenberg,racing_point,3,41.0,11.666666666666666,9.6,11.666666666666666,11.796747967479677,7.382612962286755,13.32426026749697,-2.2779757244564136,4.0,0.0,37.266666666666666,0
1035,2020,5,9,ocon,renault,14,41.0,11.407407407407408,7.0,11.407407407407408,11.428571428571429,7.223308645817685,12.072868685821916,-1.6575027566962115,4.0,0.0,37.266666666666666,0
1035,2020,5,9,norris,mclaren,10,41.0,10.56,8.0,10.56,10.058823529411764,9.9817972942968,8.268009545259813,-0.9157038288932372,4.0,0.0,37.266666666666666,0
1035,2020,5,9,kvyat,alphatauri,16,41.0,12.454545454545457,11.166666666666666,12.454545454545457,12.272727272727272,3.2799504950495044,12.44658519589084,2.612989834258899,4.0,0.0,37.266666666666666,0
1035,2020,5,9,gasly,alphatauri,7,41.0,11.431372549019608,8.0,11.431372549019608,10.727272727272728,3.2799504950495044,11.517435654519964,-1.5536617058913165,4.0,0.0,37.266666666666666,0
1035,2020,5,9,vettel,ferrari,11,41.0,6.057142857142857,8.0,5.970954356846473,6.138728323699422,15.442017856321048,10.172728635271431,-3.8043009422253946,4.0,0.0,37.266666666666666,0
1035,2020,5,9,sainz,mclaren,12,41.0,11.330188679245284,12.833333333333334,11.330188679245284,11.333333333333334,9.9817972942968,9.252425625653098,-1.0659115264143508,4.0,0.0,37.266666666666666,0
1035,2020,5,9,ricciardo,renault,5,41.0,9.948571428571428,8.3,9.948571428571428,10.191666666666666,7.223308645817685,9.581878544182054,0.3177275629713215,4.0,0.0,37.266666666666666,0
1035,2020,5,9,raikkonen,alfa,20,41.0,8.025078369905955,6.611111111111111,8.109271523178808,7.953917050691245,1.9409913401694576,13.365705692697064,1.8182364489783536,4.0,0.0,37.266666666666666,0
1035,2020,5,9,grosjean,haas,13,41.0,13.0,15.333333333333334,13.0,12.836206896551724,0.3796004616966483,15.110120324371596,-5.007774058379469,4.0,0.0,37.266666666666666,0
1035,2020,5,9,giovinazzi,alfa,19,41.0,13.925925925925926,16.0,13.925925925925926,13.68421052631579,1.9409913401694576,13.48643767261884,2.3097297634508465,4.0,0.0,37.266666666666666,0
1035,2020,5,9,russell,williams,15,41.0,15.72,13.0,15.72,15.411764705882351,0.0123996133869064,15.36184164723142,0.856026222035407,4.0,0.0,37.266666666666666,0
1035,2020,5,9,latifi,williams,18,41.0,15.5,15.0,15.5,15.5,0.0123996133869064,15.797524752475246,1.7547029702970296,4.0,0.0,37.266666666666666,0
1035,2020,5,9,kevin_magnussen,haas,17,41.0,12.738317757009346,14.0,12.738317757009346,12.591549295774648,0.3796004616966483,14.433535041305085,-2.7431759706492738,4.0,0.0,37.266666666666666,0
1036,2020,6,4,hamilton,mercedes,1,35.0,4.921568627450981,5.923076923076923,4.912,5.183333333333334,34.05449329964569,2.068410116912078,0.0428591520670525,5.0,0.0,47.785714285714285,1
1036,2020,6,4,max_verstappen,red_bull,3,35.0,7.514018691588785,7.4,7.514018691588785,7.571428571428571,23.807410683941907,4.465664483792916,-0.5687701587279734,5.0,0.0,47.785714285714285,0
1036,2020,6,4,bottas,mercedes,2,35.0,7.110344827586207,7.285714285714286,7.110344827586207,7.412371134020619,34.05449329964569,4.921018532848571,-1.3647743999985051,5.0,0.0,47.785714285714285,0
1036,2020,6,4,stroll,racing_point,5,35.0,12.835820895522389,15.333333333333334,12.835820895522389,12.727272727272728,8.592332372764025,10.351893900368944,-0.7635330021993283,5.0,0.0,47.785714285714285,0
1036,2020,6,4,perez,racing_point,4,35.0,10.519337016574584,10.555555555555555,10.519337016574584,10.856,8.592332372764025,8.027287048252285,2.1364554937540263,5.0,0.0,47.785714285714285,0
1036,2020,6,4,sainz,mclaren,7,35.0,11.345794392523365,7.4,11.345794392523365,11.357142857142858,8.530561422606471,9.933802784947606,-1.053927612515163,5.0,0.0,47.785714285714285,0
1036,2020,6,4,vettel,ferrari,11,35.0,6.08130081300813,5.0,5.9958677685950414,6.172413793103448,14.81619642789904,10.504959792494809,-3.294428043638959,5.0,0.0,47.785714285714285,0
1036,2020,6,4,albon,red_bull,6,35.0,8.884615384615385,11.0,8.884615384615385,9.0,23.807410683941907,6.918212410838174,1.443279408005081,5.0,0.0,47.785714285714285,0
1036,2020,6,4,gasly,alphatauri,10,35.0,11.423076923076923,12.5,11.423076923076923,10.735294117647058,2.625438716887904,11.42335367959354,-1.9984635591022333,5.0,0.0,47.785714285714285,0
1036,2020,6,4,norris,mclaren,8,35.0,10.5,20.0,10.5,10.0,8.530561422606471,8.40182415461192,-0.5654954923806104,5.0,0.0,47.785714285714285,0
1036,2020,6,4,ricciardo,renault,13,35.0,9.971590909090908,7.125,9.971590909090908,10.223140495867767,6.637252528396288,10.385173354330773,-1.3764047212052837,5.0,0.0,47.785714285714285,0
1036,2020,6,4,kvyat,alphatauri,12,35.0,12.43,10.4,12.43,12.238805970149254,2.625438716887904,12.001751523053294,3.228809865580605,5.0,0.0,47.785714285714285,0
1036,2020,6,4,ocon,renault,15,35.0,11.345454545454546,10.5,11.345454545454546,11.333333333333334,6.637252528396288,11.33233518634032,-0.2652071166608986,5.0,0.0,47.785714285714285,0
1036,2020,6,4,raikkonen,alfa,14,35.0,8.046875,9.882352941176473,8.132013201320133,7.986238532110092,1.5861602132625008,13.662850112206687,2.396738912800472,5.0,0.0,47.785714285714285,0
1036,2020,6,4,kevin_magnussen,haas,16,35.0,12.805555555555555,10.6,12.805555555555555,12.694444444444445,0.3105821944553689,15.445619579641354,-2.7898712487311164,5.0,0.0,47.785714285714285,0
1036,2020,6,4,giovinazzi,alfa,20,35.0,14.035714285714286,16.0,14.035714285714286,13.85,1.5861602132625008,14.127593986410009,2.2532101474878727,5.0,0.0,47.785714285714285,0
1036,2020,6,4,russell,williams,18,35.0,15.807692307692308,17.0,15.807692307692308,15.555555555555555,0.0101451382256506,15.844121336944074,0.1511090483049221,5.0,0.0,47.785714285714285,0
1036,2020,6,4,latifi,williams,19,35.0,16.2,16.2,16.2,16.2,0.0101451382256506,16.716868296700063,0.9639026685751256,5.0,0.0,47.785714285714285,0
1036,2020,6,4,grosjean,haas,17,35.0,13.017543859649123,12.25,13.017543859649123,12.863247863247864,0.3105821944553689,15.271916629031308,-4.642724229583202,5.0,0.0,47.785714285714285,0
1036,2020,6,4,leclerc,ferrari,9,35.0,8.851063829787234,7.5,8.851063829787234,9.35483870967742,14.81619642789904,6.8196191220995335,-0.4270881697890042,5.0,0.0,47.785714285714285,0
1037,2020,7,13,hamilton,mercedes,1,20.0,4.90625,7.923076923076923,4.896414342629482,5.1602209944751385,35.317312699710115,1.8741537320189725,0.0350665789639521,4.0,0.0,38.07692307692308,1
1037,2020,7,13,bottas,mercedes,2,20.0,7.082191780821918,6.714285714285714,7.082191780821918,7.36734693877551,35.317312699710115,4.5717424359669465,-1.298451781816946,4.0,0.0,38.07692307692308,0
1037,2020,7,13,max_verstappen,red_bull,3,20.0,7.462962962962963,12.2,7.462962962962963,7.492957746478873,23.478790559588838,4.0173618502025015,-0.2835392206670306,4.0,0.0,38.07692307692308,0
1037,2020,7,13,ricciardo,renault,4,20.0,9.977401129943503,10.444444444444445,9.977401129943503,10.229508196721312,5.430479341415143,10.496960017179724,-0.7625129537134135,4.0,0.0,38.07692307692308,0
1037,2020,7,13,ocon,renault,6,20.0,11.375,10.333333333333334,11.375,11.37837837837838,5.430479341415143,11.635550964034191,0.1466541469995995,4.0,0.0,38.07692307692308,0
1037,2020,7,13,albon,red_bull,5,20.0,8.851851851851851,5.0,8.851851851851851,8.947368421052632,23.478790559588838,7.11577736817278,0.8144393693975678,4.0,0.0,38.07692307692308,0
1037,2020,7,13,norris,mclaren,10,20.0,10.48148148148148,11.0,10.48148148148148,10.0,8.615913891223476,8.693696187412678,-0.8274765177533552,4.0,0.0,38.07692307692308,0
1037,2020,7,13,gasly,alphatauri,12,20.0,11.37735849056604,9.0,11.37735849056604,10.685714285714283,2.462990678321453,10.98273332456298,-1.4532752570053555,4.0,0.0,38.07692307692308,0
1037,2020,7,13,stroll,racing_point,9,20.0,12.705882352941176,11.333333333333334,12.705882352941176,12.533333333333331,11.040951038082438,9.197002731536168,-0.4428902581404492,4.0,0.0,38.07692307692308,0
1037,2020,7,13,perez,racing_point,8,20.0,10.489010989010987,10.88888888888889,10.489010989010987,10.80952380952381,11.040951038082438,7.4768712212973245,1.5661908585260211,4.0,0.0,38.07692307692308,0
1037,2020,7,13,kvyat,alphatauri,11,20.0,12.425742574257423,9.2,12.425742574257423,12.235294117647058,2.462990678321453,12.001433064315828,2.641753525458342,4.0,0.0,38.07692307692308,0
1037,2020,7,13,raikkonen,alfa,16,20.0,8.065420560747663,9.2,8.151315789473685,8.013698630136986,1.296482574141261,13.724150091805472,1.960968201382204,4.0,0.0,38.07692307692308,0
1037,2020,7,13,vettel,ferrari,14,20.0,6.08502024291498,6.0,6.0,6.177142857142857,13.213251622826483,9.86769437567757,-1.968168399340965,4.0,0.0,38.07692307692308,0
1037,2020,7,13,leclerc,ferrari,13,20.0,9.083333333333334,9.5,9.083333333333334,9.6875,13.213251622826483,9.2162091846603,-2.349561856956922,4.0,0.0,38.07692307692308,0
1037,2020,7,13,grosjean,haas,17,20.0,13.05232558139535,12.555555555555555,13.05232558139535,12.915254237288137,0.2541127035648188,15.949749969207431,-4.162228915113528,4.0,0.0,38.07692307692308,0
1037,2020,7,13,latifi,williams,19,20.0,16.5,16.5,16.5,16.5,0.0083005676391687,17.050141921749503,0.9732783924136372,4.0,0.0,38.07692307692308,0
1037,2020,7,13,kevin_magnussen,haas,20,20.0,12.825688073394495,13.0,12.825688073394495,12.726027397260276,0.2541127035648188,15.364597837862725,-2.100803748743603,4.0,0.0,38.07692307692308,0
1037,2020,7,13,giovinazzi,alfa,18,20.0,14.10344827586207,18.0,14.10344827586207,13.952380952380953,1.296482574141261,14.469045293375126,2.571754135172521,4.0,0.0,38.07692307692308,0
1037,2020,7,13,russell,williams,15,20.0,15.851851851851851,15.0,15.851851851851851,15.63157894736842,0.0083005676391687,16.055217416283973,0.3061405039563171,4.0,0.0,38.07692307692308,0
1037,2020,7,13,sainz,mclaren,7,20.0,11.296296296296296,15.4,11.296296296296296,11.28169014084507,8.615913891223476,9.21856591468029,-0.6804862282769518,4.0,0.0,38.07692307692308,0
1038,2020,8,14,gasly,alphatauri,10,37.0,11.314814814814817,12.5,11.314814814814817,12.72222222222222,2.8333481816966337,10.440407504977228,-0.4617511576742685,2.0,0.0,27.714285714285715,1
1038,2020,8,14,sainz,mclaren,3,37.0,11.376146788990823,13.6,11.376146788990823,11.324324324324325,8.140293183728298,11.178826658086482,-2.92039782384504,2.0,0.0,27.714285714285715,0
1038,2020,8,14,stroll,racing_point,8,37.0,12.652173913043478,9.333333333333334,12.652173913043478,13.043478260869565,9.573634950709971,9.161184018341602,-0.3623646785746268,2.0,0.0,27.714285714285715,0
1038,2020,8,14,norris,mclaren,6,37.0,10.357142857142858,10.0,10.357142857142858,11.625,8.140293183728298,8.384629803207373,-0.1290370120354916,2.0,0.0,27.714285714285715,0
1038,2020,8,14,bottas,mercedes,2,37.0,7.047619047619048,5.142857142857143,7.047619047619048,6.5,36.71416493612646,4.104152902154702,-1.062369639668374,2.0,0.0,27.714285714285715,0
1038,2020,8,14,ricciardo,renault,7,37.0,9.9438202247191,8.666666666666666,9.9438202247191,9.418181818181818,8.624937642976029,9.315694559510682,-0.6238742348564291,2.0,0.0,27.714285714285715,0
1038,2020,8,14,hamilton,mercedes,1,37.0,4.891050583657588,5.153846153846154,4.880952380952381,4.293333333333333,36.71416493612646,1.715216689833705,0.0286908373341426,2.0,0.0,27.714285714285715,0
1038,2020,8,14,ocon,renault,12,37.0,11.263157894736842,10.0,11.263157894736842,11.36842105263158,8.624937642976029,10.429074151924306,0.3018096103417404,2.0,0.0,27.714285714285715,0
1038,2020,8,14,kvyat,alphatauri,11,37.0,12.411764705882351,14.2,12.411764705882351,12.818181818181818,2.8333481816966337,11.819354325114384,2.161434702027992,2.0,0.0,27.714285714285715,0
1038,2020,8,14,perez,racing_point,4,37.0,10.486338797814208,8.333333333333334,10.486338797814208,9.767857142857142,9.573634950709971,7.935621908334175,0.9177925206121988,2.0,0.0,27.714285714285715,0
1038,2020,8,14,latifi,williams,20,37.0,16.428571428571427,16.428571428571427,16.428571428571427,10.5,0.0067913735229562,16.797099903823412,1.461636884476968,2.0,0.0,27.714285714285715,0
1038,2020,8,14,grosjean,haas,16,37.0,13.063583815028904,15.0,13.063583815028904,13.351851851851851,0.2079103931633188,15.777068156624264,-3.041823657820158,2.0,0.0,27.714285714285715,0
1038,2020,8,14,raikkonen,alfa,14,37.0,8.077639751552795,7.176470588235294,8.163934426229508,8.176470588235293,1.059899895173824,13.410668256931748,2.331701255676349,2.0,0.0,27.714285714285715,0
1038,2020,8,14,russell,williams,19,37.0,15.964285714285714,14.0,15.964285714285714,16.375,0.0067913735229562,16.5925825660575,-0.479645804903993,2.0,0.0,27.714285714285715,0
1038,2020,8,14,albon,red_bull,9,37.0,8.75,6.0,8.75,8.625,23.39173773057268,6.912169850294339,0.4833397191609329,2.0,0.0,27.714285714285715,0
1038,2020,8,14,giovinazzi,alfa,18,37.0,14.233333333333333,9.0,14.233333333333333,14.5,1.059899895173824,15.11260049574942,2.103023751910285,2.0,0.0,27.714285714285715,0
1038,2020,8,14,max_verstappen,red_bull,5,37.0,7.422018348623853,8.4,7.422018348623853,7.405405405405405,23.39173773057268,3.832386968288922,-0.2319866350748807,2.0,0.0,27.714285714285715,0
1038,2020,8,14,leclerc,ferrari,13,37.0,9.183673469387756,6.0,9.183673469387756,7.875,10.810842236858033,10.086036006813975,-2.1041738066323816,2.0,0.0,27.714285714285715,0
1038,2020,8,14,kevin_magnussen,haas,15,37.0,12.863636363636363,14.4,12.863636363636363,13.02777777777778,0.2079103931633188,15.661943685601091,-1.1733848850953734,2.0,0.0,27.714285714285715,0
1038,2020,8,14,vettel,ferrari,17,37.0,6.112903225806452,6.615384615384615,6.028688524590164,5.861111111111111,10.810842236858033,10.43720448919074,-1.4285014176426076,2.0,0.0,27.714285714285715,0
1039,2020,9,76,hamilton,mercedes,1,66.0,4.89922480620155,4.8893280632411065,4.8893280632411065,5.137362637362638,33.1297713113762,2.6760863825912136,-1.067434769453884,5.0,0.0,66.0,1
1039,2020,9,76,bottas,mercedes,2,66.0,7.033783783783784,7.033783783783784,7.033783783783784,7.313131313131313,33.1297713113762,4.26703419267205,-1.414666068819623,5.0,0.0,66.0,0
1039,2020,9,76,albon,red_bull,4,66.0,8.96551724137931,8.96551724137931,8.96551724137931,8.8,19.138694506832188,8.387063732863126,-0.6989598486352196,5.0,0.0,66.0,0
1039,2020,9,76,ricciardo,renault,8,66.0,9.921787709497206,9.921787709497206,9.921787709497206,10.178861788617889,9.238585344253115,8.712841003236012,-0.3286243739734418,5.0,0.0,66.0,0
1039,2020,9,76,perez,racing_point,7,66.0,10.483695652173912,10.483695652173912,10.483695652173912,10.803149606299211,10.745544637598815,8.310963379546143,-0.339987937680929,5.0,0.0,66.0,0
1039,2020,9,76,norris,mclaren,11,66.0,10.137931034482758,10.137931034482758,10.137931034482758,9.85,12.114785332141338,7.585050243006707,0.2592134342140444,5.0,0.0,66.0,0
1039,2020,9,76,kvyat,alphatauri,12,66.0,12.37864077669903,12.37864077669903,12.37864077669903,12.217391304347826,8.33137793604377,11.306744447279709,2.132082937991916,5.0,0.0,66.0,0
1039,2020,9,76,leclerc,ferrari,5,66.0,9.36,9.36,9.36,9.818181818181818,8.845234557429297,11.525001725507552,-2.6307107763657203,5.0,0.0,66.0,0
1039,2020,9,76,raikkonen,alfa,13,66.0,8.092879256965944,8.179738562091503,8.179738562091503,8.031818181818181,0.8666169203101564,13.336001301125975,2.0895737546442854,5.0,0.0,66.0,0
1039,2020,9,76,vettel,ferrari,14,66.0,6.168674698795181,6.085714285714285,6.085714285714285,6.215909090909091,8.845234557429297,12.175894582065151,-1.7142284326166792,5.0,0.0,66.0,0
1039,2020,9,76,russell,williams,18,66.0,15.89655172413793,15.89655172413793,15.89655172413793,15.8,0.0055565783369641,16.11980011440428,0.5196204910865004,5.0,0.0,66.0,0
1039,2020,9,76,grosjean,haas,15,66.0,13.057471264367816,13.057471264367816,13.057471264367816,12.932773109243698,0.1701085030538079,15.090328491783488,-1.7614920836710368,5.0,0.0,66.0,0
1039,2020,9,76,stroll,racing_point,6,66.0,12.514285714285714,12.514285714285714,12.514285714285714,12.456521739130435,10.745544637598815,8.040967853509189,0.6126114910679352,5.0,0.0,66.0,0
1039,2020,9,76,ocon,renault,10,66.0,11.20689655172414,11.20689655172414,11.20689655172414,11.210526315789474,9.238585344253115,9.987420412337103,0.9742137911709294,5.0,0.0,66.0,0
1039,2020,9,76,latifi,williams,19,66.0,15.75,15.75,15.75,16.428571428571427,0.0055565783369641,15.478231737898817,3.176650822685325,5.0,0.0,66.0,0
1039,2020,9,76,kevin_magnussen,haas,20,66.0,12.91891891891892,12.91891891891892,12.91891891891892,12.783783783783784,0.1701085030538079,16.268863015620468,-1.6873149060960757,5.0,0.0,66.0,0
1039,2020,9,76,giovinazzi,alfa,17,66.0,14.290322580645162,14.290322580645162,14.290322580645162,14.136363636363637,0.8666169203101564,15.27426720041709,2.084254854255895,5.0,0.0,66.0,0
1039,2020,9,76,sainz,mclaren,9,66.0,11.290909090909093,11.290909090909093,11.290909090909093,11.40277777777778,12.114785332141338,9.50994908345652,-2.2075982193248858,5.0,0.0,66.0,0
1039,2020,9,76,max_verstappen,red_bull,3,66.0,7.509090909090909,7.509090909090909,7.509090909090909,7.430555555555555,19.138694506832188,6.226498429220361,-2.371625429252028,5.0,0.0,66.0,0
1039,2020,9,76,gasly,alphatauri,16,66.0,11.127272727272729,11.127272727272729,11.127272727272729,10.61111111111111,8.33137793604377,8.723942147149883,1.258594926747204,5.0,0.0,66.0,0
1040,2020,10,71,bottas,mercedes,3,24.0,7.0,4.0,7.0,6.469387755102041,35.106176527489616,3.854846157640725,-1.1574540563069378,1.0,0.0,24.5,1
1040,2020,10,71,max_verstappen,red_bull,2,24.0,7.612612612612613,8.6,7.612612612612613,7.657894736842105,18.386204596499063,8.54895326076356,-4.849511715367874,1.0,0.0,24.5,0
1040,2020,10,71,hamilton,mercedes,1,24.0,4.884169884169884,1.6666666666666667,4.874015748031496,4.328947368421052,35.106176527489616,2.371343403938265,-0.8733557204622686,1.0,0.0,24.5,0
1040,2020,10,71,perez,racing_point,4,24.0,10.454054054054057,7.5,10.454054054054057,9.771929824561404,10.609660954574291,7.70897003781048,0.0854644146246947,1.0,0.0,24.5,0
1040,2020,10,71,ricciardo,renault,5,24.0,9.88888888888889,12.5,9.88888888888889,9.357142857142858,9.740660736207095,7.855960820829464,0.4583982394762753,1.0,0.0,24.5,0
1040,2020,10,71,leclerc,ferrari,10,24.0,9.333333333333334,5.0,9.333333333333334,8.470588235294118,8.146101001533061,10.884069298327333,-2.697856683479096,1.0,0.0,24.5,0
1040,2020,10,71,ocon,renault,7,24.0,11.254237288135592,8.0,11.254237288135592,11.2,9.740660736207095,10.716985600007607,0.0698047598269511,1.0,0.0,24.5,0
1040,2020,10,71,kvyat,alphatauri,11,24.0,12.326923076923077,11.6,12.326923076923077,12.705882352941176,7.824151682022809,10.523700001643418,2.6535224042619547,1.0,0.0,24.5,0
1040,2020,10,71,gasly,alphatauri,9,24.0,11.285714285714286,16.5,11.285714285714286,12.105263157894736,7.824151682022809,10.774161485693028,0.3024741660101585,1.0,0.0,24.5,0
1040,2020,10,71,albon,red_bull,15,24.0,8.766666666666667,5.0,8.766666666666667,9.333333333333334,18.386204596499063,7.405212313386886,-0.3893057918548203,1.0,0.0,24.5,0
1040,2020,10,71,giovinazzi,alfa,17,24.0,14.375,15.0,14.375,14.666666666666666,1.073188410974958,15.588547907658766,1.704682136031059,1.0,0.0,24.5,0
1040,2020,10,71,kevin_magnussen,haas,18,24.0,12.946428571428571,8.4,12.946428571428571,13.18918918918919,0.139179684019895,16.21997883095372,-0.6532576502628837,1.0,0.0,24.5,0
1040,2020,10,71,vettel,ferrari,14,24.0,6.184,8.833333333333334,6.1016260162601625,6.054794520547945,8.146101001533061,11.780277385326032,-0.675277808504555,1.0,0.0,24.5,0
1040,2020,10,71,raikkonen,alfa,19,24.0,8.095679012345679,6.666666666666667,8.182410423452769,8.223300970873787,1.073188410974958,12.547637428193978,2.4369239810725976,1.0,0.0,24.5,0
1040,2020,10,71,norris,mclaren,8,24.0,10.0,8.0,10.0,10.77777777777778,11.366642544479276,7.296157460553926,1.1232737553598862,1.0,0.0,24.5,0
1040,2020,10,71,latifi,williams,20,24.0,15.666666666666666,15.666666666666666,15.666666666666666,11.0,0.004546291366607,15.374185247101195,3.3557827911679854,1.0,0.0,24.5,0
1040,2020,10,71,grosjean,haas,16,24.0,13.051428571428572,15.333333333333334,13.051428571428572,13.327272727272728,0.139179684019895,14.52845058418649,-0.8957662502763021,1.0,0.0,24.5,0
1040,2020,10,71,russell,williams,13,24.0,15.733333333333333,17.0,15.733333333333333,16.11111111111111,0.004546291366607,15.186660419193965,1.700740695912769,1.0,0.0,24.5,0
1040,2020,10,71,sainz,mclaren,6,24.0,11.35135135135135,12.2,11.35135135135135,11.078947368421051,11.366642544479276,11.053594704973492,-3.442580361527629,1.0,0.0,24.5,0
1040,2020,10,71,stroll,racing_point,12,24.0,12.52112676056338,12.333333333333334,12.52112676056338,12.625,10.609660954574291,8.942610647253325,-0.7715005876069975,1.0,0.0,24.5,0
1041,2020,11,20,hamilton,mercedes,2,33.0,4.876923076923077,8.25,4.866666666666666,5.114754098360656,36.17778079521878,2.4856446032222173,-1.0782001349236745,4.0,0.0,46.333333333333336,1
1041,2020,11,20,max_verstappen,red_bull,3,33.0,7.5625,7.5625,7.5625,7.589041095890411,18.49780376077196,7.358234485872742,-3.967782312420777,4.0,0.0,46.333333333333336,0
1041,2020,11,20,ricciardo,renault,6,33.0,9.861878453038674,15.5,9.861878453038674,10.129032258064516,10.87872242053308,7.336695217042288,0.3750531050260434,4.0,0.0,46.333333333333336,0
1041,2020,11,20,perez,racing_point,9,33.0,10.419354838709678,9.5,10.419354838709678,10.7578125,10.862953333900776,7.034611849117665,0.0699254301474774,4.0,0.0,46.333333333333336,0
1041,2020,11,20,sainz,mclaren,10,33.0,11.419642857142858,11.419642857142858,11.419642857142858,11.493150684931509,9.29998026366486,12.498395667956192,-5.180293023369472,4.0,0.0,46.333333333333336,0
1041,2020,11,20,gasly,alphatauri,12,33.0,11.24561403508772,11.24561403508772,11.24561403508772,10.864864864864863,7.440977375335603,10.451583194149665,0.247478270487465,4.0,0.0,46.333333333333336,0
1041,2020,11,20,leclerc,ferrari,4,33.0,9.26923076923077,9.26923076923077,9.26923076923077,9.764705882352942,8.119537183072504,9.99603059969834,-1.4800287679666602,4.0,0.0,46.333333333333336,0
1041,2020,11,20,hulkenberg,racing_point,20,33.0,11.640883977900552,10.0,11.640883977900552,11.758064516129032,10.862953333900776,12.1743947643157,-2.5910710472825205,4.0,0.0,46.333333333333336,0
1041,2020,11,20,grosjean,haas,16,33.0,13.073863636363637,3.0,13.073863636363637,12.925,0.1138742867266462,14.97782320524349,-0.9147178411351562,4.0,0.0,46.333333333333336,0
1041,2020,11,20,giovinazzi,alfa,14,33.0,14.272727272727272,14.272727272727272,14.272727272727272,14.26086956521739,0.8776746282211816,14.753154904464518,2.486689551506814,4.0,0.0,46.333333333333336,0
1041,2020,11,20,vettel,ferrari,11,33.0,6.211155378486056,2.333333333333333,6.129554655870446,6.237288135593221,8.119537183072504,12.002045133448574,-0.3706818433219084,4.0,0.0,46.333333333333336,0
1041,2020,11,20,raikkonen,alfa,19,33.0,8.113846153846154,11.22222222222222,8.2012987012987,8.036199095022624,0.8776746282211816,12.811703350340526,2.902937802695762,4.0,0.0,46.333333333333336,0
1041,2020,11,20,kevin_magnussen,haas,15,33.0,12.938053097345133,12.938053097345133,12.938053097345133,12.826666666666666,0.1138742867266462,15.452709952489611,0.5564255590474957,4.0,0.0,46.333333333333336,0
1041,2020,11,20,latifi,williams,18,33.0,15.7,15.7,15.7,16.25,0.0037196929363148,15.505641494089774,3.491104587476307,4.0,0.0,46.333333333333336,0
1041,2020,11,20,kvyat,alphatauri,13,33.0,12.285714285714286,12.285714285714286,12.285714285714286,12.142857142857142,7.440977375335603,10.064845455565798,2.7165183308043,4.0,0.0,46.333333333333336,0
1041,2020,11,20,norris,mclaren,8,33.0,10.161290322580646,10.161290322580646,10.161290322580646,9.666666666666666,9.29998026366486,8.699645777445289,-0.3566266647462575,4.0,0.0,46.333333333333336,0
1041,2020,11,20,albon,red_bull,5,33.0,8.806451612903226,8.806451612903226,8.806451612903226,8.523809523809524,18.49780376077196,7.877931503106581,0.592519534440991,4.0,0.0,46.333333333333336,0
1041,2020,11,20,ocon,renault,7,33.0,11.183333333333334,11.183333333333334,11.183333333333334,11.282051282051285,10.87872242053308,10.041166047772393,0.0571129104073461,4.0,0.0,46.333333333333336,0
1041,2020,11,20,bottas,mercedes,1,33.0,6.96,16.0,6.96,7.26,36.17778079521878,3.335783219887822,-0.5833715006147184,4.0,0.0,46.333333333333336,0
1041,2020,11,20,russell,williams,17,33.0,15.806451612903226,15.806451612903226,15.806451612903226,15.571428571428571,0.0037196929363148,15.699195457766184,0.4799977701483142,4.0,0.0,46.333333333333336,0
1042,2020,12,75,hamilton,mercedes,1,25.0,4.862068965517241,4.8515625,4.8515625,5.092391304347826,34.14545701426991,2.215527402636359,-0.7003455649375517,4.0,0.0,42.5,1
1042,2020,12,75,bottas,mercedes,2,25.0,7.039735099337748,7.039735099337748,7.039735099337748,7.376237623762377,34.14545701426991,6.18382263445387,-3.750031227775899,4.0,0.0,42.5,0
1042,2020,12,75,max_verstappen,red_bull,3,25.0,7.513274336283186,7.513274336283186,7.513274336283186,7.513513513513513,18.58911216790433,6.384010033757622,-3.064549164579725,4.0,0.0,42.5,0
1042,2020,12,75,leclerc,ferrari,4,25.0,9.226415094339623,9.226415094339623,9.226415094339623,9.685714285714283,7.734166786150231,9.451284664493818,-1.7563938192319375,4.0,0.0,42.5,0
1042,2020,12,75,gasly,alphatauri,9,25.0,11.155172413793103,11.155172413793103,11.155172413793103,10.736842105263158,7.555178708686247,9.64219729573144,1.2934005334546832,4.0,0.0,42.5,0
1042,2020,12,75,sainz,mclaren,7,25.0,11.36283185840708,11.36283185840708,11.36283185840708,11.405405405405403,9.427256579362158,11.135051000861589,-3.329330655221432,4.0,0.0,42.5,0
1042,2020,12,75,perez,racing_point,5,25.0,10.385026737967914,10.385026737967914,10.385026737967914,10.705426356589149,11.798483248928967,6.48286424018718,0.9663026246661186,4.0,0.0,42.5,0
1042,2020,12,75,ocon,renault,11,25.0,11.295081967213116,11.295081967213116,11.295081967213116,11.45,11.628045616799794,11.488233753960785,-1.953280962912608,4.0,0.0,42.5,0
1042,2020,12,75,ricciardo,renault,10,25.0,9.824175824175825,9.824175824175825,9.824175824175825,10.072,11.628045616799794,6.548205177580054,0.8523161768394905,4.0,0.0,42.5,0
1042,2020,12,75,vettel,ferrari,15,25.0,6.23015873015873,6.149193548387097,6.149193548387097,6.264044943820225,7.734166786150231,11.819855109185196,-0.3032851445361068,4.0,0.0,42.5,0
1042,2020,12,75,raikkonen,alfa,16,25.0,8.125766871165645,8.21359223300971,8.21359223300971,8.054054054054054,0.8999518338033782,12.664120923005884,3.647858202205625,4.0,0.0,42.5,0
1042,2020,12,75,albon,red_bull,6,25.0,9.0625,9.0625,9.0625,8.909090909090908,18.58911216790433,9.539191078982745,-1.7007589766907756,4.0,0.0,42.5,0
1042,2020,12,75,norris,mclaren,8,25.0,10.34375,10.34375,10.34375,9.954545454545457,9.427256579362158,10.029145042183018,-1.7485946322649253,4.0,0.0,42.5,0
1042,2020,12,75,russell,williams,14,25.0,15.9375,15.9375,15.9375,15.772727272727272,0.0030433851297121,16.482433681880682,-0.1537597621104491,4.0,0.0,42.5,0
1042,2020,12,75,giovinazzi,alfa,17,25.0,14.147058823529411,14.147058823529411,14.147058823529411,14.083333333333334,0.8999518338033782,13.888003061814018,2.762136775367832,4.0,0.0,42.5,0
1042,2020,12,75,kevin_magnussen,haas,19,25.0,12.93859649122807,12.93859649122807,12.93859649122807,12.828947368421051,0.4568062367979191,15.006762688348813,0.8188936392511543,4.0,0.0,42.5,0
1042,2020,12,75,grosjean,haas,18,25.0,13.05084745762712,13.05084745762712,13.05084745762712,12.892561983471074,0.4568062367979191,13.890946258835582,0.524321766343964,4.0,0.0,42.5,0
1042,2020,12,75,latifi,williams,20,25.0,15.545454545454543,15.545454545454543,15.545454545454543,16.0,0.0030433851297121,15.198057760289498,3.595065558074091,4.0,0.0,42.5,0
1042,2020,12,75,kvyat,alphatauri,13,25.0,12.31132075471698,12.31132075471698,12.31132075471698,12.183098591549296,7.555178708686247,10.962146282345389,1.8589695428894977,4.0,0.0,42.5,0
1042,2020,12,75,stroll,racing_point,12,25.0,12.625,12.625,12.625,12.46808510638298,11.798483248928967,10.9530461427949,-2.085773906070404,4.0,0.0,42.5,0
1043,2020,13,21,hamilton,mercedes,2,30.0,4.847328244274809,4.836575875486381,4.836575875486381,4.311688311688312,35.93719210258447,1.9945224203388392,-0.5730100076761786,3.0,0.0,34.5,1
1043,2020,13,21,bottas,mercedes,1,30.0,7.006578947368421,7.006578947368421,7.006578947368421,6.36,35.93719210258447,5.423127610007668,-3.068207368180241,3.0,0.0,34.5,0
1043,2020,13,21,ricciardo,renault,5,30.0,9.81967213114754,9.81967213114754,9.81967213114754,9.280701754385966,10.604764595563466,6.993986054383681,0.8791677810504923,3.0,0.0,34.5,0
1043,2020,13,21,kvyat,alphatauri,8,30.0,12.373831775700934,12.373831775700934,12.373831775700934,12.571428571428571,8.04364952817121,12.42357423170123,0.4300659889608808,3.0,0.0,34.5,0
1043,2020,13,21,leclerc,ferrari,7,30.0,9.12962962962963,9.12962962962963,9.12962962962963,8.333333333333334,8.69159100685019,8.460122498194554,-1.4370432055897104,3.0,0.0,34.5,0
1043,2020,13,21,perez,racing_point,11,30.0,10.367021276595745,10.367021276595745,10.367021276595745,9.672413793103448,10.74280889774498,6.57688892378951,0.4269748747268239,3.0,0.0,34.5,0
1043,2020,13,21,sainz,mclaren,10,30.0,11.31578947368421,11.31578947368421,11.31578947368421,11.282051282051285,9.167755383114493,10.20140536423289,-2.542179626907955,3.0,0.0,34.5,0
1043,2020,13,21,norris,mclaren,9,30.0,10.424242424242424,10.424242424242424,10.424242424242424,11.2,9.167755383114493,10.570020172008473,-2.340546890237536,3.0,0.0,34.5,0
1043,2020,13,21,raikkonen,alfa,18,30.0,8.134556574923547,10.833333333333334,8.22258064516129,8.278846153846153,0.7361062163442427,12.36155348245936,3.893702165440966,3.0,0.0,34.5,0
1043,2020,13,21,giovinazzi,alfa,20,30.0,14.17142857142857,14.17142857142857,14.17142857142857,14.3,0.7361062163442427,14.090364571844727,2.623442914425226,3.0,0.0,34.5,0
1043,2020,13,21,latifi,williams,19,30.0,15.75,15.75,15.75,13.5,0.0024900423788554,15.757880691660262,3.276374378864829,3.0,0.0,34.5,0
1043,2020,13,21,vettel,ferrari,14,30.0,6.24505928853755,6.164658634538153,6.164658634538153,6.148648648648648,8.69159100685019,11.488972362060611,0.6609485181068223,3.0,0.0,34.5,0
1043,2020,13,21,stroll,racing_point,15,30.0,12.726027397260276,12.726027397260276,12.726027397260276,12.92,10.74280889774498,12.59794755889258,-3.161088208605382,3.0,0.0,34.5,0
1043,2020,13,21,grosjean,haas,16,30.0,13.073033707865168,13.073033707865168,13.073033707865168,13.392857142857142,0.3737505569434965,14.456228757229113,0.6108087179177888,3.0,0.0,34.5,0
1043,2020,13,21,albon,red_bull,6,30.0,9.151515151515152,9.151515151515152,9.151515151515152,9.4,17.936546319194452,9.987207008245363,-2.483480644241314,3.0,0.0,34.5,0
1043,2020,13,21,russell,williams,13,30.0,15.87878787878788,15.87878787878788,15.87878787878788,16.3,0.0024900423788554,16.030480739365807,-0.1257661937692567,3.0,0.0,34.5,0
1043,2020,13,21,max_verstappen,red_bull,3,30.0,7.473684210526316,7.473684210526316,7.473684210526316,7.512820512820513,17.936546319194452,5.768735482093886,-2.5073584073187143,3.0,0.0,34.5,0
1043,2020,13,21,kevin_magnussen,haas,17,30.0,12.965217391304348,12.965217391304348,12.965217391304348,13.157894736842104,0.3737505569434965,15.187351290484369,1.215458432152255,3.0,0.0,34.5,0
1043,2020,13,21,ocon,renault,12,30.0,11.241935483870968,11.241935483870968,11.241935483870968,11.0,10.604764595563466,10.854006929332058,-1.052680866077096,3.0,0.0,34.5,0
1043,2020,13,21,gasly,alphatauri,4,30.0,11.05084745762712,11.05084745762712,11.05084745762712,11.95,8.04364952817121,8.79815533537336,1.7855130771735064,3.0,0.0,34.5,0
1044,2020,14,5,hamilton,mercedes,6,38.0,4.832699619771863,5.0,4.821705426356589,5.07027027027027,37.40315717484184,1.8137001620954136,-0.2870081880986914,4.0,0.0,46.66666666666666,1
1044,2020,14,5,perez,racing_point,3,38.0,10.343915343915343,14.0,10.343915343915343,10.676923076923076,10.24357287038694,6.472000028555054,1.2584339884128566,4.0,0.0,46.66666666666666,0
1044,2020,14,5,vettel,ferrari,11,38.0,6.267716535433071,12.4,6.188,6.284916201117318,8.929483551059247,11.581886478049594,0.904412423905582,4.0,0.0,46.66666666666666,0
1044,2020,14,5,leclerc,ferrari,12,38.0,9.054545454545456,9.054545454545456,9.054545454545456,9.52777777777778,8.929483551059247,7.830999189814204,-0.8121161997755884,4.0,0.0,46.66666666666666,0
1044,2020,14,5,sainz,mclaren,15,38.0,11.278260869565218,11.278260869565218,11.278260869565218,11.333333333333334,9.319072586184586,9.619331661589795,-1.5345106037380511,4.0,0.0,46.66666666666666,0
1044,2020,14,5,max_verstappen,red_bull,2,38.0,7.556521739130435,7.556521739130435,7.556521739130435,7.453333333333333,14.675356079340911,7.810783576452633,-4.596929606186551,4.0,0.0,46.66666666666666,0
1044,2020,14,5,albon,red_bull,4,38.0,9.323529411764708,9.323529411764708,9.323529411764708,9.043478260869565,14.675356079340911,10.89961722436699,-3.669593624276291,4.0,0.0,46.66666666666666,0
1044,2020,14,5,norris,mclaren,14,38.0,10.352941176470589,10.352941176470589,10.352941176470589,10.08695652173913,9.319072586184586,10.10223451550196,-1.7325127832836846,4.0,0.0,46.66666666666666,0
1044,2020,14,5,stroll,racing_point,1,38.0,12.72972972972973,12.72972972972973,12.72972972972973,12.625,10.24357287038694,12.671048028720346,-2.222708200682997,4.0,0.0,46.66666666666666,0
1044,2020,14,5,ricciardo,renault,5,38.0,9.782608695652174,9.782608695652174,9.782608695652174,10.063492063492063,11.403898305461018,6.267806771768465,1.08295545722313,4.0,0.0,46.66666666666666,0
1044,2020,14,5,ocon,renault,7,38.0,11.365079365079366,11.365079365079366,11.365079365079366,11.365853658536585,11.403898305461018,12.335101366186546,-2.1340151131155847,4.0,0.0,46.66666666666666,0
1044,2020,14,5,kvyat,alphatauri,16,38.0,12.296296296296296,12.296296296296296,12.296296296296296,12.27777777777778,8.820159472061183,10.892015279890014,1.0791449003101363,4.0,0.0,46.66666666666666,0
1044,2020,14,5,gasly,alphatauri,19,38.0,11.2,11.2,11.2,10.58974358974359,8.820159472061183,10.83486638570428,-1.4482356583783194,4.0,0.0,46.66666666666666,0
1044,2020,14,5,bottas,mercedes,9,38.0,6.973856209150327,6.973856209150327,6.973856209150327,7.323529411764706,37.40315717484184,4.800740771824427,-2.6921696648747253,4.0,0.0,46.66666666666666,0
1044,2020,14,5,raikkonen,alfa,8,38.0,8.137195121951219,7.2,8.22508038585209,8.067264573991032,1.148171869128905,11.750361940194022,4.822119953542609,4.0,0.0,46.66666666666666,0
1044,2020,14,5,russell,williams,22,38.0,15.882352941176473,15.882352941176473,15.882352941176473,15.695652173913045,0.0020373074008817,16.024932746851842,-0.6489237014981214,4.0,0.0,46.66666666666666,0
1044,2020,14,5,kevin_magnussen,haas,13,38.0,13.008620689655173,13.008620689655173,13.008620689655173,12.87012987012987,0.305795909934215,15.698741964981505,0.8126478080932623,4.0,0.0,46.66666666666666,0
1044,2020,14,5,grosjean,haas,17,38.0,13.078212290502794,13.078212290502794,13.078212290502794,12.92622950819672,0.305795909934215,14.373278074096548,0.8633889510236455,4.0,0.0,46.66666666666666,0
1044,2020,14,5,latifi,williams,22,38.0,15.384615384615383,15.384615384615383,15.384615384615383,16.2,0.0020373074008817,14.824055011851735,4.203476841637658,4.0,0.0,46.66666666666666,0
1044,2020,14,5,giovinazzi,alfa,10,38.0,14.055555555555555,14.055555555555555,14.055555555555555,14.12,1.148171869128905,13.346119534981908,3.9656132524590224,4.0,0.0,46.66666666666666,0
1045,2020,15,3,hamilton,mercedes,1,57.0,4.818181818181818,3.8333333333333335,4.806949806949807,5.048387096774194,35.14803768850695,1.665754678078066,0.6742660279192532,5.0,0.0,49.0,1
1045,2020,15,3,max_verstappen,red_bull,3,57.0,7.543103448275862,13.0,7.543103448275862,7.434210526315789,14.552564064915291,7.4815501988902,-4.488396950507833,5.0,0.0,49.0,0
1045,2020,15,3,albon,red_bull,4,57.0,9.257142857142858,9.0,9.257142857142858,8.958333333333334,14.552564064915291,10.189963804500572,-3.547740791536905,5.0,0.0,49.0,0
1045,2020,15,3,norris,mclaren,9,57.0,10.285714285714286,6.0,10.285714285714286,10.0,10.35196847960557,9.719669297571023,-0.3253479706631812,5.0,0.0,49.0,0
1045,2020,15,3,sainz,mclaren,15,57.0,11.224137931034482,16.6,11.224137931034482,11.25,10.35196847960557,8.779453177599096,0.5626731425591512,5.0,0.0,49.0,0
1045,2020,15,3,gasly,alphatauri,8,57.0,11.229508196721312,6.0,11.229508196721312,10.65,7.113693634491335,11.228528943766994,-0.0940044539060349,5.0,0.0,49.0,0
1045,2020,15,3,ricciardo,renault,6,57.0,9.783783783783784,11.0,9.783783783783784,10.062992125984252,9.512280431740832,6.946387358719655,-0.023036444090167,5.0,0.0,49.0,0
1045,2020,15,3,bottas,mercedes,2,57.0,7.01948051948052,6.0,7.01948051948052,7.388349514563107,35.14803768850695,6.473333358765504,-3.111775180352064,5.0,0.0,49.0,0
1045,2020,15,3,ocon,renault,7,57.0,11.359375,10.0,11.359375,11.357142857142858,9.512280431740832,12.092355021234038,-2.473285989844295,5.0,0.0,49.0,0
1045,2020,15,3,leclerc,ferrari,12,57.0,8.964285714285714,7.5,8.964285714285714,9.37837837837838,12.215031996321205,7.134444708860122,0.7901078471419001,5.0,0.0,49.0,0
1045,2020,15,3,kvyat,alphatauri,10,57.0,12.293577981651376,10.2,12.293577981651376,12.273972602739724,7.113693634491335,11.093467047246536,1.6102094640582931,5.0,0.0,49.0,0
1045,2020,15,3,russell,williams,14,57.0,15.885714285714286,15.0,15.885714285714286,15.708333333333334,0.0016668878734486,16.02039547869139,-3.442516807454963,5.0,0.0,49.0,0
1045,2020,15,3,vettel,ferrari,11,57.0,6.254901960784314,6.2727272727272725,6.175298804780876,6.266666666666667,12.215031996321205,10.021543482040576,2.1945192559227498,5.0,0.0,49.0,0
1045,2020,15,3,latifi,williams,20,57.0,15.642857142857142,15.642857142857142,15.642857142857142,16.454545454545453,0.0016668878734486,15.63198909563092,-0.2857776518351924,5.0,0.0,49.0,0
1045,2020,15,3,raikkonen,alfa,17,57.0,8.158054711246201,6.0,8.246794871794872,8.098214285714286,0.939227235170886,12.341205223795107,2.6726435983530425,5.0,0.0,49.0,0
1045,2020,15,3,giovinazzi,alfa,16,57.0,14.216216216216216,11.0,14.216216216216216,14.346153846153848,0.939227235170886,14.556637779776766,1.4248958874973776,5.0,0.0,49.0,0
1045,2020,15,3,kevin_magnussen,haas,18,57.0,13.042735042735044,13.2,13.042735042735044,12.923076923076923,0.2501966533868796,15.935334334999911,-0.0623790661611611,5.0,0.0,49.0,0
1045,2020,15,3,perez,racing_point,5,57.0,10.3,9.625,10.3,10.610687022900764,12.01905017491426,5.6589091142723165,1.2114459905196098,5.0,0.0,49.0,0
1045,2020,15,3,stroll,racing_point,13,57.0,12.68,15.0,12.68,12.551020408163266,12.01905017491426,12.003584556609152,-3.273125197029356,5.0,0.0,49.0,0
1045,2020,15,3,grosjean,haas,19,57.0,13.105555555555556,8.875,13.105555555555556,12.967479674796747,0.2501966533868796,15.032682060624447,0.524590959928437,5.0,0.0,49.0,0
1046,2020,16,3,perez,racing_point,5,39.0,10.340314136125654,10.555555555555555,10.340314136125654,10.666666666666666,9.83217458390772,7.902743820768261,-1.372453280483957,5.0,0.0,49.0,1
1046,2020,16,3,ocon,renault,11,39.0,11.323076923076924,9.666666666666666,11.323076923076924,11.30232558139535,9.2373203532425,11.530107437085494,-2.3872338054818685,5.0,0.0,49.0,0
1046,2020,16,3,stroll,racing_point,10,39.0,12.763157894736842,16.0,12.763157894736842,12.68,9.83217458390772,13.275660394531927,-3.768920733753261,5.0,0.0,49.0,0
1046,2020,16,3,sainz,mclaren,8,39.0,11.17094017094017,14.666666666666666,11.17094017094017,11.168831168831169,12.46979239240456,8.092279872537377,2.278550753112065,5.0,0.0,49.0,0
1046,2020,16,3,ricciardo,renault,7,39.0,9.768817204301076,10.555555555555555,9.768817204301076,10.0390625,9.2373203532425,6.956135111679718,-0.2006661815283185,5.0,0.0,49.0,0
1046,2020,16,3,albon,red_bull,12,39.0,9.083333333333334,6.0,9.083333333333334,8.72,18.088461507657968,8.881744260072635,-2.720275793346416,5.0,0.0,49.0,0
1046,2020,16,3,kvyat,alphatauri,6,39.0,12.28181818181818,10.333333333333334,12.28181818181818,12.256756756756756,7.283194735320451,11.076473038651852,1.135625925015635,5.0,0.0,49.0,0
1046,2020,16,3,bottas,mercedes,1,39.0,7.025806451612903,6.25,7.025806451612903,7.394230769230769,34.03021265423296,6.750909111717238,-3.6369069657426154,5.0,0.0,49.0,0
1046,2020,16,3,russell,mercedes,2,39.0,15.77777777777778,13.5,15.77777777777778,15.56,34.03021265423296,15.28888137311807,-2.45224661250164,5.0,0.0,49.0,0
1046,2020,16,3,norris,mclaren,19,39.0,10.11111111111111,5.0,10.11111111111111,9.76,12.46979239240456,8.678970990013052,0.6436032626852239,5.0,0.0,49.0,0
1046,2020,16,3,gasly,alphatauri,9,39.0,11.14516129032258,6.0,11.14516129032258,10.53658536585366,7.283194735320451,10.277883561782652,0.2867251328228495,5.0,0.0,49.0,0
1046,2020,16,3,vettel,ferrari,13,39.0,6.28125,6.833333333333333,6.2023809523809526,6.303867403314917,10.175935269717346,10.56308103076047,1.4318793912095222,5.0,0.0,49.0,0
1046,2020,16,3,giovinazzi,alfa,14,39.0,14.263157894736842,13.5,14.263157894736842,14.407407407407408,0.7683341042568682,14.819195365149335,1.1656974559555344,5.0,0.0,49.0,0
1046,2020,16,3,raikkonen,alfa,18,39.0,8.17878787878788,6.6,8.268370607028753,8.12888888888889,0.7683341042568682,12.82462245583236,2.550344762288853,5.0,0.0,49.0,0
1046,2020,16,3,kevin_magnussen,haas,15,39.0,13.076271186440678,13.833333333333334,13.076271186440678,12.974683544303796,0.2047063526401043,16.128909910464543,0.1307807640600098,5.0,0.0,49.0,0
1046,2020,16,3,aitken,williams,17,39.0,10.5,10.5,10.5,10.5,0.0013638173510034,10.5,0.0,5.0,0.0,49.0,0
1046,2020,16,3,pietro_fittipaldi,haas,20,39.0,10.5,10.5,10.5,10.5,0.2047063526401043,10.5,0.0,5.0,0.0,49.0,0
1046,2020,16,3,latifi,williams,16,39.0,15.533333333333331,14.0,15.533333333333331,16.25,0.0013638173510034,15.319880372264372,0.9163419233092818,5.0,0.0,49.0,0
1046,2020,16,3,max_verstappen,red_bull,3,39.0,7.495726495726496,11.166666666666666,7.495726495726496,7.363636363636363,18.088461507657968,6.484904708119508,-3.490506595806583,5.0,0.0,49.0,0
1046,2020,16,3,leclerc,ferrari,4,39.0,8.982456140350877,8.333333333333334,8.982456140350877,9.394736842105264,10.175935269717346,7.655460376031968,1.0100906090088293,5.0,0.0,49.0,0
1047,2020,17,24,max_verstappen,red_bull,1,23.0,7.593220338983051,6.0,7.593220338983051,7.75,16.25419577899288,8.760376579488907,-5.764959942141915,3.0,0.0,31.857142857142858,1
1047,2020,17,24,bottas,mercedes,2,23.0,7.032051282051282,8.857142857142858,7.032051282051282,6.2745098039215685,29.115628535281516,6.9780165459504735,-4.2483784265167,3.0,0.0,31.857142857142858,0
1047,2020,17,24,hamilton,mercedes,3,23.0,4.80377358490566,5.2727272727272725,4.792307692307692,4.269230769230769,29.115628535281516,1.5447083729729632,0.551672204661207,3.0,0.0,31.857142857142858,0
1047,2020,17,24,albon,red_bull,5,23.0,9.0,6.0,9.0,9.909090909090908,16.25419577899288,8.357478153701981,-1.1338251495475264,3.0,0.0,31.857142857142858,0
1047,2020,17,24,norris,mclaren,4,23.0,10.108108108108109,8.0,10.108108108108109,10.909090909090908,12.56619377560373,8.919301384720278,2.163854605408477,3.0,0.0,31.857142857142858,0
1047,2020,17,24,sainz,mclaren,6,23.0,11.110169491525424,12.8,11.110169491525424,11.175,12.56619377560373,7.348228986582774,2.5915415252897938,3.0,0.0,31.857142857142858,0
1047,2020,17,24,ricciardo,renault,11,23.0,9.743315508021391,10.77777777777778,9.743315508021391,9.172413793103448,12.648716652652956,6.600474182283405,0.1994549423859214,3.0,0.0,31.857142857142858,0
1047,2020,17,24,gasly,alphatauri,9,23.0,11.142857142857142,16.666666666666668,11.142857142857142,12.333333333333334,7.040082589373014,10.409177884049637,-0.1290444171212375,3.0,0.0,31.857142857142858,0
1047,2020,17,24,ocon,renault,10,23.0,11.181818181818182,12.666666666666666,11.181818181818182,11.363636363636363,12.648716652652956,9.797357562562205,-0.3168239934335908,3.0,0.0,31.857142857142858,0
1047,2020,17,24,stroll,racing_point,8,23.0,12.636363636363637,17.0,12.636363636363637,12.923076923076923,15.32050628207364,11.407358140799513,-1.810934764516349,3.0,0.0,31.857142857142858,0
1047,2020,17,24,kvyat,alphatauri,7,23.0,12.234234234234236,14.5,12.234234234234236,12.333333333333334,7.040082589373014,10.335296122376208,0.7473303022032017,3.0,0.0,31.857142857142858,0
1047,2020,17,24,raikkonen,alfa,15,23.0,8.196374622356496,10.0,8.286624203821656,8.285714285714286,0.6285536473955161,13.03832746386284,2.8139184418726977,3.0,0.0,31.857142857142858,0
1047,2020,17,24,leclerc,ferrari,12,23.0,9.172413793103448,5.0,9.172413793103448,8.157894736842104,8.325765220677827,9.899941914024046,-2.0826804050972854,3.0,0.0,31.857142857142858,0
1047,2020,17,24,vettel,ferrari,13,23.0,6.303501945525292,5.0,6.225296442687747,6.226666666666667,8.325765220677827,10.824339025167658,1.3533558655350637,3.0,0.0,31.857142857142858,0
1047,2020,17,24,russell,williams,16,23.0,15.594594594594597,17.0,15.594594594594597,16.272727272727273,0.0011158505599119,14.144766193782749,-3.2796041938914686,3.0,0.0,31.857142857142858,0
1047,2020,17,24,giovinazzi,alfa,14,23.0,14.23076923076923,16.0,14.23076923076923,13.909090909090908,0.6285536473955161,14.488300492664564,1.1355586156694295,3.0,0.0,31.857142857142858,0
1047,2020,17,24,latifi,williams,18,23.0,15.6875,15.6875,15.6875,12.666666666666666,0.0011158505599119,15.827651808789112,0.3638161657007654,3.0,0.0,31.857142857142858,0
1047,2020,17,24,kevin_magnussen,haas,20,23.0,13.092436974789916,14.0,13.092436974789916,13.282051282051285,0.1674870157087688,15.923653563098616,0.1070024433208139,3.0,0.0,31.857142857142858,0
1047,2020,17,24,pietro_fittipaldi,haas,17,23.0,17.0,17.0,17.0,10.5,0.1674870157087688,17.0,3.0,3.0,0.0,31.857142857142858,0
1047,2020,17,24,perez,racing_point,19,23.0,10.291666666666666,8.555555555555555,10.291666666666666,9.610169491525424,15.32050628207364,6.647699489719486,-0.3956435931232371,3.0,0.0,31.857142857142858,0
1052,2021,1,3,hamilton,mercedes,2,40.0,4.796992481203008,3.615384615384616,4.78544061302682,5.026737967914438,29.821877892503057,1.809306850614243,0.4513681674500784,5.0,0.0,49.0,1
1052,2021,1,3,max_verstappen,red_bull,1,40.0,7.53781512605042,12.285714285714286,7.53781512605042,7.512820512820513,20.02616018281236,7.349399019521765,-4.716785407162398,5.0,0.0,49.0,0
1052,2021,1,3,bottas,mercedes,3,40.0,7.0,6.444444444444445,7.0,7.4,29.821877892503057,6.072922628504914,-3.4759459853318293,5.0,0.0,49.0,0
1052,2021,1,3,norris,mclaren,7,40.0,9.973684210526317,6.666666666666667,9.973684210526317,9.76923076923077,13.55415854367578,8.206353315620639,1.5883275381020778,5.0,0.0,49.0,0
1052,2021,1,3,perez,red_bull,22,40.0,10.341968911917098,9.6,10.341968911917098,10.593984962406015,20.02616018281236,9.07539049158867,-0.5055265761917395,5.0,0.0,49.0,0
1052,2021,1,3,leclerc,ferrari,4,40.0,9.23728813559322,11.25,9.23728813559322,9.666666666666666,6.81198972600913,10.463592904583418,-1.8858280023784544,5.0,0.0,49.0,0
1052,2021,1,3,ricciardo,mclaren,6,40.0,9.72872340425532,10.0,9.72872340425532,10.0,13.55415854367578,6.673115240050059,0.8904631346793908,5.0,0.0,49.0,0
1052,2021,1,3,sainz,ferrari,8,40.0,11.067226890756302,13.142857142857142,11.067226890756302,11.076923076923077,6.81198972600913,7.1030964435572885,2.120352157035226,5.0,0.0,49.0,0
1052,2021,1,3,tsunoda,alphatauri,13,40.0,10.5,10.5,10.5,10.5,6.468480332567243,10.5,0.0,5.0,0.0,49.0,0
1052,2021,1,3,stroll,aston_martin,10,40.0,12.602564102564102,13.4,12.602564102564102,12.490196078431373,0.0,11.151474801703491,-1.8453102673539197,5.0,0.0,49.0,0
1052,2021,1,3,raikkonen,alfa,14,40.0,8.207831325301205,7.0625,8.2984126984127,8.154867256637168,0.5142153852288901,12.849540652251411,2.847751452441298,5.0,0.0,49.0,0
1052,2021,1,3,giovinazzi,alfa,12,40.0,14.275,13.333333333333334,14.275,14.357142857142858,0.5142153852288901,14.763244740536384,0.5652708031379576,5.0,0.0,49.0,0
1052,2021,1,3,ocon,alpine,16,40.0,11.149253731343284,7.75,11.149253731343284,11.090909090909092,0.0,9.652383250273337,-0.0774011023531265,5.0,0.0,49.0,0
1052,2021,1,3,russell,williams,15,40.0,15.578947368421051,12.0,15.578947368421051,15.307692307692308,0.0009129686399279,14.30033914694946,-2.501114548149822,5.0,0.0,49.0,0
1052,2021,1,3,vettel,aston_martin,20,40.0,6.333333333333333,7.230769230769231,6.255905511811024,6.335164835164835,0.0,11.40173192968263,0.9254729808923244,5.0,0.0,49.0,0
1052,2021,1,3,mick_schumacher,haas,18,40.0,10.5,10.5,10.5,10.5,0.1370348309757522,10.5,0.0,5.0,0.0,49.0,0
1052,2021,1,3,gasly,alphatauri,5,40.0,11.09375,7.25,11.09375,10.547619047619047,6.468480332567243,9.97114438299504,0.0762369289147154,5.0,0.0,49.0,0
1052,2021,1,3,latifi,williams,17,40.0,15.764705882352942,16.0,15.764705882352942,16.384615384615383,0.0009129686399279,16.04807900185314,0.4834326908241139,5.0,0.0,49.0,0
1052,2021,1,3,alonso,alpine,9,40.0,8.229299363057326,6.769230769230769,8.150501672240802,7.573394495412844,0.0,14.575165601344862,-0.3460794146405746,5.0,0.0,49.0,0
1052,2021,1,3,mazepin,haas,19,40.0,10.5,10.5,10.5,10.5,0.1370348309757522,10.5,0.0,5.0,0.0,49.0,0
1053,2021,2,21,max_verstappen,red_bull,3,56.0,7.491666666666666,17.0,7.491666666666666,7.585365853658536,21.47594924048284,6.376781015938475,-4.0410062422002415,3.0,0.0,34.5,1
1053,2021,2,21,hamilton,mercedes,1,56.0,4.782771535580524,1.0,4.770992366412214,4.253164556962025,31.85426373022977,1.662160150502562,0.5511194097318824,3.0,0.0,34.5,0
1053,2021,2,21,norris,mclaren,7,56.0,9.82051282051282,8.0,9.82051282051282,10.416666666666666,14.362493353916548,7.4412564103281555,1.845097749932313,3.0,0.0,34.5,0
1053,2021,2,21,leclerc,ferrari,4,56.0,9.183333333333334,5.0,9.183333333333334,8.4,7.755264321280197,9.6520257685338,-1.90658666991546,3.0,0.0,34.5,0
1053,2021,2,21,sainz,ferrari,11,56.0,11.041666666666666,7.0,11.041666666666666,11.048780487804878,7.755264321280197,7.266169817461644,1.734833583015393,3.0,0.0,34.5,0
1053,2021,2,21,ricciardo,mclaren,6,56.0,9.714285714285714,3.0,9.714285714285714,9.135593220338984,14.362493353916548,6.73254883276823,0.5467425647376831,3.0,0.0,34.5,0
1053,2021,2,21,gasly,alphatauri,5,56.0,11.184615384615384,20.0,11.184615384615384,12.136363636363637,5.633488045257326,11.249120896963635,-2.1194472639623894,3.0,0.0,34.5,0
1053,2021,2,21,stroll,aston_martin,10,56.0,12.569620253164556,13.0,12.569620253164556,12.814814814814817,1.0,10.942115719556778,-1.5097992659168218,3.0,0.0,34.5,0
1053,2021,2,21,ocon,alpine,9,56.0,11.176470588235292,19.0,11.176470588235292,11.26086956521739,0.0,10.261041562508597,0.4821270339492503,3.0,0.0,34.5,0
1053,2021,2,21,alonso,alpine,15,56.0,8.263492063492064,7.0,8.186666666666667,9.71875,0.0,15.379680946554886,-2.101337702887744,3.0,0.0,34.5,0
1053,2021,2,21,perez,red_bull,2,56.0,10.314432989690722,6.0,10.314432989690722,9.783333333333331,21.47594924048284,8.334410402208912,-1.3227035623386965,3.0,0.0,34.5,0
1053,2021,2,21,tsunoda,alphatauri,20,56.0,9.0,9.0,9.0,10.5,5.633488045257326,9.0,4.0,3.0,0.0,34.5,0
1053,2021,2,21,raikkonen,alfa,16,56.0,8.216216216216216,10.571428571428571,8.306962025316455,8.320754716981131,0.4206843453061637,12.513260533660247,2.87543300654288,3.0,0.0,34.5,0
1053,2021,2,21,giovinazzi,alfa,17,56.0,14.21951219512195,10.0,14.21951219512195,14.083333333333334,0.4206843453061637,14.260702324599055,0.4624668238521273,3.0,0.0,34.5,0
1053,2021,2,21,vettel,aston_martin,22,56.0,6.366795366795367,12.0,6.290196078431372,6.328947368421052,1.0,12.055962487922152,1.6662960752755387,3.0,0.0,34.5,0
1053,2021,2,21,mick_schumacher,haas,18,56.0,16.0,16.0,16.0,10.5,0.1121194071226874,16.0,2.0,3.0,0.0,34.5,0
1053,2021,2,21,mazepin,haas,19,56.0,20.0,20.0,20.0,10.5,0.1121194071226874,20.0,-1.0,3.0,0.0,34.5,0
1053,2021,2,21,bottas,mercedes,8,56.0,6.974683544303797,2.0,6.974683544303797,6.1923076923076925,31.85426373022977,5.5142094233221925,-2.8439558061805768,3.0,0.0,34.5,0
1053,2021,2,21,russell,williams,12,56.0,15.538461538461538,16.0,15.538461538461538,16.166666666666668,0.0007469743417592,14.245710223835491,-1.8642940756715876,3.0,0.0,34.5,0
1053,2021,2,21,latifi,williams,14,56.0,15.88888888888889,11.0,15.88888888888889,13.75,0.0007469743417592,16.412820224279987,0.2062344571082911,3.0,0.0,34.5,0
1054,2021,3,75,hamilton,mercedes,2,60.0,4.772388059701493,1.0,4.760456273764259,5.00531914893617,29.517124870187995,1.7235855776839144,0.26909769887154,4.0,0.0,42.5,1
1054,2021,3,75,max_verstappen,red_bull,3,60.0,7.43801652892562,3.0,7.43801652892562,7.443037974683544,22.116685742213235,5.399184467558165,-2.942641470859804,4.0,0.0,42.5,0
1054,2021,3,75,bottas,mercedes,1,60.0,7.044025157232705,2.0,7.044025157232705,7.358490566037735,29.517124870187995,7.7843531645363715,-4.1450547505114,4.0,0.0,42.5,0
1054,2021,3,75,perez,red_bull,4,60.0,10.31794871794872,7.0,10.31794871794872,10.552238805970148,22.116685742213235,8.819063056352746,-2.71857564191348,4.0,0.0,42.5,0
1054,2021,3,75,norris,mclaren,7,60.0,9.65,13.0,9.65,9.555555555555555,15.932949107749904,6.633491442873806,2.237026156012478,4.0,0.0,42.5,0
1054,2021,3,75,leclerc,ferrari,8,60.0,9.098360655737704,4.0,9.098360655737704,9.575,10.345216262865618,8.624379757411694,-1.5599328741905567,4.0,0.0,42.5,0
1054,2021,3,75,ocon,alpine,6,60.0,11.144927536231885,8.0,11.144927536231885,11.133333333333333,1.65,10.031761056082573,0.3944674882276494,4.0,0.0,42.5,0
1054,2021,3,75,alonso,alpine,13,60.0,8.268987341772151,8.192691029900333,8.192691029900333,7.6255707762557075,1.65,14.401557138090364,-0.8101853932717897,4.0,0.0,42.5,0
1054,2021,3,75,ricciardo,mclaren,16,60.0,9.694736842105264,9.0,9.694736842105264,9.976923076923075,15.932949107749904,6.599358135901279,0.4473348256944679,4.0,0.0,42.5,0
1054,2021,3,75,gasly,alphatauri,9,60.0,11.12121212121212,5.0,11.12121212121212,10.69767441860465,5.701631705930893,10.47655209334271,-2.09772954115503,4.0,0.0,42.5,0
1054,2021,3,75,sainz,ferrari,5,60.0,10.991735537190085,6.0,10.991735537190085,11.037974683544304,10.345216262865618,6.8541389415477845,2.510318386125604,4.0,0.0,42.5,0
1054,2021,3,75,giovinazzi,alfa,12,60.0,14.214285714285714,15.0,14.214285714285714,14.275862068965518,0.3441712946963072,14.213291536933133,0.923937379569685,4.0,0.0,42.5,0
1054,2021,3,75,vettel,aston_martin,10,60.0,6.4,10.0,6.32421875,6.382513661202186,2.6500000000000004,12.591242035572668,-1.3639395747745613,4.0,0.0,42.5,0
1054,2021,3,75,stroll,aston_martin,17,60.0,12.5125,20.0,12.5125,12.442307692307692,2.6500000000000004,10.407185531674674,-0.8716538767788992,4.0,0.0,42.5,0
1054,2021,3,75,tsunoda,alphatauri,14,60.0,10.5,10.5,10.5,9.0,5.701631705930893,10.65,6.2,4.0,0.0,42.5,0
1054,2021,3,75,russell,williams,11,60.0,15.625,14.0,15.625,15.25925925925926,0.0006111608250757,15.110408942284025,-2.7983638400682187,4.0,0.0,42.5,0
1054,2021,3,75,mick_schumacher,haas,19,60.0,16.0,16.0,16.0,16.0,0.0917340603468051,16.0,2.0,4.0,0.0,42.5,0
1054,2021,3,75,latifi,williams,18,60.0,16.105263157894736,18.0,16.105263157894736,16.5,0.0006111608250757,17.079765894806258,-0.9476584226006786,4.0,0.0,42.5,0
1054,2021,3,75,mazepin,haas,20,60.0,18.5,18.5,18.5,20.0,0.0917340603468051,18.35,0.65,4.0,0.0,42.5,0
1054,2021,3,75,raikkonen,alfa,15,60.0,8.230538922155688,11.0,8.321766561514195,8.167400881057269,0.3441712946963072,12.601758618449292,2.898081550807811,4.0,0.0,42.5,0
1055,2021,4,4,hamilton,mercedes,1,37.0,4.758364312267658,5.571428571428571,4.746212121212121,4.984126984126984,31.604920348335632,1.5920245635595662,0.4019890263494419,5.0,0.0,47.785714285714285,1
1055,2021,4,4,max_verstappen,red_bull,2,37.0,7.39344262295082,6.5,7.39344262295082,7.375,23.55001560726537,4.781150927987724,-2.2257975670503973,5.0,0.0,47.785714285714285,0
1055,2021,4,4,bottas,mercedes,3,37.0,7.01875,6.75,7.01875,7.317757009345795,31.604920348335632,6.914470770984294,-3.75504479587296,5.0,0.0,47.785714285714285,0
1055,2021,4,4,leclerc,ferrari,4,37.0,9.048387096774194,11.666666666666666,9.048387096774194,9.48780487804878,9.91881330598096,8.14721791633003,-0.9126697943795714,5.0,0.0,47.785714285714285,0
1055,2021,4,4,perez,red_bull,8,37.0,10.285714285714286,10.0,10.285714285714286,10.503703703703705,23.55001560726537,7.942869773379519,-2.224289161565574,5.0,0.0,47.785714285714285,0
1055,2021,4,4,ricciardo,mclaren,7,37.0,9.69109947643979,7.555555555555555,9.69109947643979,9.969465648854962,15.217867451795376,7.03583847482832,1.6387284937500195,5.0,0.0,47.785714285714285,0
1055,2021,4,4,sainz,ferrari,6,37.0,10.991803278688524,7.166666666666667,10.991803278688524,11.0375,9.91881330598096,7.607931861283945,0.9629877704303234,5.0,0.0,47.785714285714285,0
1055,2021,4,4,norris,mclaren,9,37.0,9.53658536585366,15.0,9.53658536585366,9.392857142857142,15.217867451795376,6.336413618361092,2.1939189728754074,5.0,0.0,47.785714285714285,0
1055,2021,4,4,ocon,alpine,5,37.0,11.085714285714284,11.333333333333334,11.085714285714284,11.043478260869565,5.0066445182724255,9.480531335817336,0.1409277437571806,5.0,0.0,47.785714285714285,0
1055,2021,4,4,gasly,alphatauri,12,37.0,11.1044776119403,11.333333333333334,11.1044776119403,10.681818181818182,4.831056902292653,10.389906132677114,-1.8981420627385204,5.0,0.0,47.785714285714285,0
1055,2021,4,4,stroll,aston_martin,11,37.0,12.530864197530864,12.5,12.530864197530864,12.471698113207546,1.5847176079734222,11.06042458291998,-0.1677167468451827,5.0,0.0,47.785714285714285,0
1055,2021,4,4,raikkonen,alfa,17,37.0,8.265671641791045,10.11111111111111,8.358490566037736,8.219298245614034,0.2815779704801592,13.946893415094875,1.462066723388208,5.0,0.0,47.785714285714285,0
1055,2021,4,4,vettel,aston_martin,13,37.0,6.425287356321839,5.153846153846154,6.350194552529183,6.418478260869565,1.5847176079734222,12.665561665468548,-1.661405106633732,5.0,0.0,47.785714285714285,0
1055,2021,4,4,russell,williams,15,37.0,15.634146341463415,17.0,15.634146341463415,15.285714285714286,0.0005000406750619,15.272196001093029,-3.198768313329724,5.0,0.0,47.785714285714285,0
1055,2021,4,4,giovinazzi,alfa,14,37.0,14.16279069767442,16.0,14.16279069767442,14.2,0.2815779704801592,13.810802899893444,0.7559187112616165,5.0,0.0,47.785714285714285,0
1055,2021,4,4,latifi,williams,19,37.0,16.2,18.0,16.2,16.6,0.0005000406750619,17.250160488755345,-0.772185821433088,5.0,0.0,47.785714285714285,0
1055,2021,4,4,alonso,alpine,10,37.0,8.268138801261829,7.0588235294117645,8.19205298013245,7.627272727272727,5.0066445182724255,13.237637658437569,0.2462119509594454,5.0,0.0,47.785714285714285,0
1055,2021,4,4,mick_schumacher,haas,18,37.0,16.333333333333332,16.333333333333332,16.333333333333332,16.5,0.0750551402661421,16.40199335548173,2.0,5.0,0.0,47.785714285714285,0
1055,2021,4,4,mazepin,haas,20,37.0,18.666666666666668,18.666666666666668,18.666666666666668,19.5,0.0750551402661421,18.61129568106312,0.7906976744186047,5.0,0.0,47.785714285714285,0
1055,2021,4,4,tsunoda,alphatauri,16,37.0,12.0,12.0,12.0,12.0,4.831056902292653,12.398671096345517,3.3056478405315617,5.0,0.0,47.785714285714285,0
1056,2021,5,6,max_verstappen,red_bull,2,19.0,7.349593495934959,10.8,7.349593495934959,7.428571428571429,24.540921860489853,4.2754871228894,-1.8211071003062405,3.0,0.0,31.615384615384617,1
1056,2021,5,6,sainz,ferrari,4,19.0,10.959349593495936,8.0,10.959349593495936,10.904761904761903,11.388119977620786,7.497398795593845,0.6060809030725463,3.0,0.0,31.615384615384617,0
1056,2021,5,6,norris,mclaren,5,19.0,9.5,11.0,9.5,9.846153846153848,14.632800642378037,6.638950010489954,1.976795328119386,3.0,0.0,31.615384615384617,0
1056,2021,5,6,perez,red_bull,9,19.0,10.258883248730964,13.22222222222222,10.258883248730964,9.80327868852459,24.540921860489853,7.40780254185597,-1.274418404917287,3.0,0.0,31.615384615384617,0
1056,2021,5,6,vettel,aston_martin,8,19.0,6.450381679389313,5.25,6.375968992248062,6.441558441558442,1.0626237623762378,12.726368635383356,-1.3593314508821444,3.0,0.0,31.615384615384617,0
1056,2021,5,6,gasly,alphatauri,6,19.0,11.088235294117649,6.0,11.088235294117649,11.91304347826087,4.124047364568717,10.31901402453337,-1.1893881204142005,3.0,0.0,31.615384615384617,0
1056,2021,5,6,hamilton,mercedes,7,19.0,4.7444444444444445,4.0,4.7320754716981135,4.225,33.13129846682006,1.4843837338214634,0.3289001124677251,3.0,0.0,31.615384615384617,0
1056,2021,5,6,stroll,aston_martin,13,19.0,12.51219512195122,16.0,12.51219512195122,12.642857142857142,1.0626237623762378,11.04943829433195,-0.1372227906961261,3.0,0.0,31.615384615384617,0
1056,2021,5,6,ocon,alpine,11,19.0,11.056338028169014,9.0,11.056338028169014,11.166666666666666,4.016089108910891,9.39316194531751,-0.6119686983874592,3.0,0.0,31.615384615384617,0
1056,2021,5,6,giovinazzi,alfa,10,19.0,14.181818181818182,19.0,14.181818181818182,14.076923076923077,0.2303707808612405,14.027052202510305,0.4366140335692481,3.0,0.0,31.615384615384617,0
1056,2021,5,6,raikkonen,alfa,14,19.0,8.276785714285714,9.764705882352942,8.369905956112852,8.36448598130841,0.2303707808612405,13.592912794168534,2.105327319135807,3.0,0.0,31.615384615384617,0
1056,2021,5,6,ricciardo,mclaren,12,19.0,9.671875,7.25,9.671875,9.083333333333334,14.632800642378037,6.8475042066777165,1.522596040340925,3.0,0.0,31.615384615384617,0
1056,2021,5,6,alonso,alpine,17,19.0,8.29559748427673,7.4375,8.221122112211221,9.721649484536082,4.016089108910891,13.921703538721646,-1.0712811310331818,3.0,0.0,31.615384615384617,0
1056,2021,5,6,russell,williams,15,19.0,15.595238095238097,15.0,15.595238095238097,16.384615384615383,0.000409124188687,15.040837057247698,-2.435188957956351,3.0,0.0,31.615384615384617,0
1056,2021,5,6,latifi,williams,18,19.0,16.19047619047619,16.19047619047619,16.19047619047619,15.0,0.000409124188687,17.019447290862953,-0.076040757071298,3.0,0.0,31.615384615384617,0
1056,2021,5,6,tsunoda,alphatauri,16,19.0,14.0,14.0,14.0,12.0,4.124047364568717,14.902970297029704,0.8987623762376238,3.0,0.0,31.615384615384617,0
1056,2021,5,6,mazepin,haas,19,19.0,18.75,18.75,18.75,17.0,0.0614087511150566,18.739356435643565,0.8596534653465348,3.0,0.0,31.615384615384617,0
1056,2021,5,6,mick_schumacher,haas,20,19.0,16.75,16.75,16.75,16.0,0.0614087511150566,16.928465346534654,1.341089108910891,3.0,0.0,31.615384615384617,0
1056,2021,5,6,bottas,mercedes,3,19.0,6.9937888198757765,9.428571428571429,6.9937888198757765,6.415094339622642,33.13129846682006,6.202748812623507,-3.072309378441505,3.0,0.0,31.615384615384617,0
1056,2021,5,6,leclerc,ferrari,1,19.0,8.968253968253968,19.0,8.968253968253968,8.19047619047619,11.388119977620786,7.393175857735938,-0.7467292953619515,3.0,0.0,31.615384615384617,0
1057,2021,6,73,perez,red_bull,6,59.0,10.227272727272728,6.75,10.227272727272728,10.463235294117649,26.806208794946244,6.788202079700339,-0.1336150585686886,4.0,0.0,36.125,1
1057,2021,6,73,vettel,aston_martin,11,59.0,6.444866920152092,3.25,6.370656370656371,6.454054054054054,4.776592615831063,11.321574338040929,-0.5667257325399357,4.0,0.0,36.125,0
1057,2021,6,73,gasly,alphatauri,4,59.0,11.014492753623188,14.5,11.014492753623188,10.666666666666666,4.83739576786812,9.53373798586247,-0.9731355251839724,4.0,0.0,36.125,0
1057,2021,6,73,leclerc,ferrari,1,59.0,9.140625,5.5,9.140625,9.357142857142858,12.590279981689736,9.685331764020908,-4.065514564555099,4.0,0.0,36.125,0
1057,2021,6,73,norris,mclaren,9,59.0,9.348837209302326,8.0,9.348837209302326,9.344827586206897,14.699564161945666,5.977204368066749,1.9810151141721184,4.0,0.0,36.125,0
1057,2021,6,73,alonso,alpine,8,59.0,8.310344827586206,11.666666666666666,8.236842105263158,7.669683257918552,3.437324758338072,13.75412107713589,-0.1492300162998754,4.0,0.0,36.125,0
1057,2021,6,73,tsunoda,alphatauri,7,59.0,14.4,14.4,14.4,14.666666666666666,4.83739576786812,15.217897688280624,0.6407521421148605,4.0,0.0,36.125,0
1057,2021,6,73,sainz,ferrari,5,59.0,10.887096774193548,10.25,10.887096774193548,10.987654320987655,12.590279981689736,6.497871741833907,0.8595207388814938,4.0,0.0,36.125,0
1057,2021,6,73,ricciardo,mclaren,13,59.0,9.683937823834198,11.25,9.683937823834198,9.93939393939394,14.699564161945666,7.784321623645406,1.2457603966425752,4.0,0.0,36.125,0
1057,2021,6,73,raikkonen,alfa,14,59.0,8.28486646884273,7.5,8.378125,8.235807860262009,0.3703284006632436,13.121474104319711,2.267995079292933,4.0,0.0,36.125,0
1057,2021,6,73,giovinazzi,alfa,20,59.0,14.088888888888889,12.0,14.088888888888889,14.225806451612904,0.3703284006632436,13.294773209303171,0.3572201571444798,4.0,0.0,36.125,0
1057,2021,6,73,bottas,mercedes,10,59.0,7.067901234567901,5.75,7.067901234567901,7.277777777777778,28.380153291034595,8.529521755782888,-5.42279858236125,4.0,0.0,36.125,0
1057,2021,6,73,mick_schumacher,haas,17,59.0,17.0,17.0,17.0,17.0,0.0502435236317013,17.23607380247446,1.5302445050097058,4.0,0.0,36.125,0
1057,2021,6,73,mazepin,haas,18,59.0,18.4,18.4,18.4,19.33333333333333,0.0502435236317013,18.240034509127277,1.1870159408639045,4.0,0.0,36.125,0
1057,2021,6,73,hamilton,mercedes,2,59.0,4.752767527675276,3.25,4.740601503759399,4.963157894736842,28.380153291034595,2.487223054944834,0.2691000920190478,4.0,0.0,36.125,0
1057,2021,6,73,latifi,williams,16,59.0,16.136363636363637,16.136363636363637,16.136363636363637,16.5625,0.0003347379725621,16.647778791275083,0.4900881327613656,4.0,0.0,36.125,0
1057,2021,6,73,russell,williams,15,59.0,15.55813953488372,15.0,15.55813953488372,15.241379310344827,0.0003347379725621,14.851560099575636,-1.810497407570954,4.0,0.0,36.125,0
1057,2021,6,73,max_verstappen,red_bull,3,59.0,7.298387096774194,11.5,7.298387096774194,7.308641975308642,26.806208794946244,3.679944009627486,-1.3081785366061902,4.0,0.0,36.125,0
1057,2021,6,73,stroll,aston_martin,19,59.0,12.457831325301203,6.666666666666667,12.457831325301203,12.444444444444445,4.776592615831063,10.494994935701143,0.7968177712665357,4.0,0.0,36.125,0
1057,2021,6,73,ocon,alpine,12,59.0,11.02777777777778,12.5,11.02777777777778,11.0,3.437324758338072,9.321677917293648,-0.137065046452903,4.0,0.0,36.125,0
1059,2021,7,34,max_verstappen,red_bull,1,22.0,7.384,3.0,7.384,7.27906976744186,26.47780719586511,6.283590553364832,-3.797600620891404,1.0,0.0,22.5,1
1059,2021,7,34,hamilton,mercedes,2,22.0,4.790441176470588,1.0,4.7790262172284645,4.25925925925926,23.220125419937396,4.76227340859123,-2.1434635610753263,1.0,0.0,22.5,0
1059,2021,7,34,perez,red_bull,4,22.0,10.180904522613066,15.0,10.180904522613066,9.709677419354838,26.47780719586511,5.735801701573004,0.7997694975347098,1.0,0.0,22.5,0
1059,2021,7,34,bottas,mercedes,3,22.0,7.098159509202454,4.5,7.098159509202454,6.648148148148148,23.220125419937396,9.160517800186003,-4.800471567386473,1.0,0.0,22.5,0
1059,2021,7,34,norris,mclaren,8,22.0,9.25,9.0,9.25,9.357142857142858,14.208734314319182,5.799504840301629,2.348157006390946,1.0,0.0,22.5,0
1059,2021,7,34,ricciardo,mclaren,10,22.0,9.68041237113402,7.5,9.68041237113402,9.131147540983608,14.208734314319182,8.005354055709878,1.746531233616653,1.0,0.0,22.5,0
1059,2021,7,34,gasly,alphatauri,6,22.0,10.9,15.0,10.9,11.666666666666666,7.805428570624584,8.345784682284172,-0.6143833268831119,1.0,0.0,22.5,0
1059,2021,7,34,alonso,alpine,9,22.0,8.303125,16.0,8.229508196721312,9.755102040816327,4.622409121697901,12.344280881293,0.2415390775728294,1.0,0.0,22.5,0
1059,2021,7,34,vettel,aston_martin,12,22.0,6.428030303030303,5.0,6.3538461538461535,6.423076923076923,8.211168274037998,9.626742640215303,1.17267894610369,1.0,0.0,22.5,0
1059,2021,7,34,stroll,aston_martin,19,22.0,12.535714285714286,15.0,12.535714285714286,12.482758620689657,8.211168274037998,12.04135956675536,0.6519418059300474,1.0,0.0,22.5,0
1059,2021,7,34,sainz,ferrari,5,22.0,10.864,7.0,10.864,10.69767441860465,13.210229075927966,6.770985970594866,0.1577896954395327,1.0,0.0,22.5,0
1059,2021,7,34,russell,williams,14,22.0,15.590909090909092,19.0,15.590909090909092,16.214285714285715,0.0002738765230053,15.24224271235646,-1.8449574676006968,1.0,0.0,22.5,0
1059,2021,7,34,tsunoda,alphatauri,22,22.0,13.166666666666666,13.166666666666666,13.166666666666666,14.0,7.805428570624584,13.083425797503468,0.4743266780634132,1.0,0.0,22.5,0
1059,2021,7,34,ocon,alpine,11,22.0,11.150684931506849,19.0,11.150684931506849,11.08,4.622409121697901,11.26319186692013,-1.566690204701386,1.0,0.0,22.5,0
1059,2021,7,34,giovinazzi,alfa,13,22.0,14.021739130434783,16.0,14.021739130434783,13.785714285714286,0.4848309034207904,12.877500836640364,1.9287886401693084,1.0,0.0,22.5,0
1059,2021,7,34,leclerc,ferrari,7,22.0,9.06153846153846,6.5,9.06153846153846,8.727272727272727,13.210229075927966,8.651632842825206,-3.871784224512473,1.0,0.0,22.5,0
1059,2021,7,34,raikkonen,alfa,17,22.0,8.289940828402367,5.0,8.383177570093459,8.38888888888889,0.4848309034207904,12.553933358079764,2.5829050648760363,1.0,0.0,22.5,0
1059,2021,7,34,latifi,williams,16,22.0,16.130434782608695,16.130434782608695,16.130434782608695,15.0,0.0002738765230053,16.528823412932518,0.4000904050817134,1.0,0.0,22.5,0
1059,2021,7,34,mick_schumacher,haas,15,22.0,16.333333333333332,16.333333333333332,16.333333333333332,17.0,0.0411083375115645,16.135819114279265,2.171725316904816,1.0,0.0,22.5,0
1059,2021,7,34,mazepin,haas,18,22.0,17.666666666666668,17.666666666666668,17.666666666666668,17.0,0.0411083375115645,17.138751088604327,1.9176450666064573,1.0,0.0,22.5,0
1058,2021,8,70,max_verstappen,red_bull,1,24.0,7.333333333333333,7.857142857142857,7.333333333333333,7.439024390243903,29.118205887526,5.322937725470279,-3.107127780722115,4.0,0.0,35.69230769230769,1
1058,2021,8,70,hamilton,mercedes,2,24.0,4.78021978021978,4.375,4.768656716417911,5.015706806282722,24.452829889039688,4.260041879756461,-1.753742913607085,4.0,0.0,35.69230769230769,0
1058,2021,8,70,bottas,mercedes,5,24.0,7.079268292682927,5.375,7.079268292682927,7.321100917431193,24.452829889039688,8.222241836515815,-4.109476736952565,4.0,0.0,35.69230769230769,0
1058,2021,8,70,perez,red_bull,4,24.0,10.145,8.625,10.145,10.394160583941606,29.118205887526,5.238383210377911,0.8361750434374899,4.0,0.0,35.69230769230769,0
1058,2021,8,70,norris,mclaren,3,24.0,9.155555555555557,4.666666666666667,9.155555555555557,9.2,14.89805534807933,5.654122915737712,2.4666881073266658,4.0,0.0,35.69230769230769,0
1058,2021,8,70,sainz,ferrari,12,24.0,10.865079365079366,10.714285714285714,10.865079365079366,10.951219512195122,10.808369243941062,7.539897612312925,-0.9618084310157178,4.0,0.0,35.69230769230769,0
1058,2021,8,70,leclerc,ferrari,7,24.0,9.166666666666666,8.0,9.166666666666666,9.232558139534884,10.808369243941062,9.987701964144543,-4.804188743576517,4.0,0.0,35.69230769230769,0
1058,2021,8,70,stroll,aston_martin,9,24.0,12.505882352941176,12.6,12.505882352941176,12.563636363636364,6.955486057658894,11.67020326737659,2.169770627843296,4.0,0.0,35.69230769230769,0
1058,2021,8,70,alonso,alpine,8,24.0,8.302180685358255,14.428571428571429,8.22875816993464,7.662162162162162,4.472433526144433,11.554411630148818,0.3794410634686787,4.0,0.0,35.69230769230769,0
1058,2021,8,70,tsunoda,alphatauri,11,24.0,13.142857142857142,13.142857142857142,13.142857142857142,12.75,7.474488768855696,13.063323531600016,-2.7724447746297294,4.0,0.0,35.69230769230769,0
1058,2021,8,70,raikkonen,alfa,18,24.0,8.315634218289086,9.0,8.409937888198758,8.243478260869566,0.396669273528988,13.36230911115617,2.1132859621713025,4.0,0.0,35.69230769230769,0
1058,2021,8,70,vettel,aston_martin,14,24.0,6.437735849056604,10.625,6.363984674329502,6.43010752688172,6.955486057658894,9.512789432903432,1.504919137721201,4.0,0.0,35.69230769230769,0
1058,2021,8,70,ricciardo,mclaren,13,24.0,9.66153846153846,10.375,9.66153846153846,9.93233082706767,14.89805534807933,7.64074422739899,2.1562528275045345,4.0,0.0,35.69230769230769,0
1058,2021,8,70,ocon,alpine,17,24.0,11.18918918918919,10.0,11.18918918918919,11.1875,4.472433526144433,11.760793522578618,-1.8272920783188469,4.0,0.0,35.69230769230769,0
1058,2021,8,70,giovinazzi,alfa,15,24.0,14.04255319148936,11.0,14.04255319148936,14.125,0.396669273528988,13.263440711235964,1.2144061700723623,4.0,0.0,35.69230769230769,0
1058,2021,8,70,mick_schumacher,haas,19,24.0,16.714285714285715,16.714285714285715,16.714285714285715,16.0,0.0336340943241078,16.825971650824712,0.6845874396992097,4.0,0.0,35.69230769230769,0
1058,2021,8,70,latifi,williams,16,24.0,16.208333333333332,14.0,16.208333333333332,16.529411764705884,0.0002240807915498,16.798493947681347,-0.0398524737497512,4.0,0.0,35.69230769230769,0
1058,2021,8,70,mazepin,haas,20,24.0,18.0,18.0,18.0,18.0,0.0336340943241078,17.828197137117677,0.9736499811414452,4.0,0.0,35.69230769230769,0
1058,2021,8,70,russell,williams,10,24.0,15.511111111111113,16.333333333333332,15.511111111111113,15.3,0.0002240807915498,14.652673441896654,-1.1457905728820836,4.0,0.0,35.69230769230769,0
1058,2021,8,70,gasly,alphatauri,6,24.0,10.845070422535212,10.0,10.845070422535212,10.5,7.474488768855696,8.101096399395862,-0.6844954947805246,4.0,0.0,35.69230769230769,0
1060,2021,9,70,max_verstappen,red_bull,1,27.0,7.283464566929134,7.0,7.283464566929134,7.36144578313253,30.551259362521275,4.536949048105326,-2.542195456949628,4.0,0.0,35.69230769230769,1
1060,2021,9,70,bottas,mercedes,5,27.0,7.054545454545455,5.111111111111111,7.054545454545455,7.281818181818182,26.188679000123383,7.272743320785663,-2.9986627847793663,4.0,0.0,35.69230769230769,0
1060,2021,9,70,norris,mclaren,2,27.0,9.065217391304348,4.75,9.065217391304348,9.064516129032258,14.007499830246722,5.535179823689905,1.6544834254291871,4.0,0.0,35.69230769230769,0
1060,2021,9,70,hamilton,mercedes,4,27.0,4.7700729927007295,4.111111111111111,4.758364312267658,5.0,26.188679000123383,3.8491251743461943,-1.4348805656785235,4.0,0.0,35.69230769230769,0
1060,2021,9,70,sainz,ferrari,10,27.0,10.826771653543307,10.125,10.826771653543307,10.89156626506024,11.388665745042688,7.259916228253637,0.3039749200888711,4.0,0.0,35.69230769230769,0
1060,2021,9,70,perez,red_bull,3,27.0,10.114427860696518,8.11111111111111,10.114427860696518,10.347826086956522,30.551259362521275,5.013222626672836,0.6841432173579461,4.0,0.0,35.69230769230769,0
1060,2021,9,70,ricciardo,mclaren,13,27.0,9.678571428571429,10.666666666666666,9.678571428571429,9.955223880597014,14.007499830246722,8.615154367871902,1.7642068588673463,4.0,0.0,35.69230769230769,0
1060,2021,9,70,leclerc,ferrari,12,27.0,9.134328358208956,7.8,9.134328358208956,9.181818181818182,11.388665745042688,9.444482638320236,-3.930698615800135,4.0,0.0,35.69230769230769,0
1060,2021,9,70,gasly,alphatauri,6,27.0,10.97222222222222,12.0,10.97222222222222,10.702127659574469,6.2894570780229175,10.264534566718762,-3.1054975997382632,4.0,0.0,35.69230769230769,0
1060,2021,9,70,alonso,alpine,14,27.0,8.304347826086957,13.75,8.231270358306189,7.668161434977579,3.909942983615408,11.089973151939942,0.1286335973834642,4.0,0.0,35.69230769230769,0
1060,2021,9,70,russell,williams,8,27.0,15.58695652173913,17.0,15.58695652173913,15.419354838709678,0.0001833388294498,15.443173897578138,-2.5739685687543954,4.0,0.0,35.69230769230769,0
1060,2021,9,70,tsunoda,alphatauri,7,27.0,12.75,10.0,12.75,12.2,6.2894570780229175,12.36640266516983,-1.9141954079617003,4.0,0.0,35.69230769230769,0
1060,2021,9,70,stroll,aston_martin,9,27.0,12.453488372093023,11.833333333333334,12.453488372093023,12.482142857142858,6.283098736248496,11.002893561048316,1.9570850523395964,4.0,0.0,35.69230769230769,0
1060,2021,9,70,giovinazzi,alfa,15,27.0,14.0625,12.0,14.0625,14.151515151515152,0.3245405209983037,13.579199472158995,0.9935905664817388,4.0,0.0,35.69230769230769,0
1060,2021,9,70,raikkonen,alfa,16,27.0,8.323529411764707,9.166666666666666,8.41795665634675,8.255411255411255,0.3245405209983037,12.93279836367323,3.0017794235947024,4.0,0.0,35.69230769230769,0
1060,2021,9,70,latifi,williams,18,27.0,16.24,15.0,16.24,16.555555555555557,0.0001833388294498,16.835375787532683,-0.2155891669624166,4.0,0.0,35.69230769230769,0
1060,2021,9,70,vettel,aston_martin,11,27.0,6.458646616541353,10.77777777777778,6.385496183206107,6.459893048128342,6.283098736248496,9.965009536011898,1.59493383995371,4.0,0.0,35.69230769230769,0
1060,2021,9,70,mick_schumacher,haas,19,27.0,16.625,16.0,16.625,16.0,0.0275188044446303,16.638059119679536,1.2113549557719665,4.0,0.0,35.69230769230769,0
1060,2021,9,70,mazepin,haas,20,27.0,18.0,18.0,18.0,18.0,0.0275188044446303,17.867283116388233,1.2071495566922978,4.0,0.0,35.69230769230769,0
1060,2021,9,70,ocon,alpine,17,27.0,11.226666666666668,10.8,11.226666666666668,11.244897959183673,3.909942983615408,12.167922091450686,-0.9496023542177174,4.0,0.0,35.69230769230769,0
1061,2021,10,9,hamilton,mercedes,2,41.0,4.767272727272728,3.2,4.755555555555556,4.994818652849741,26.881646454646404,3.876556960828705,-1.1739931901006102,4.0,0.0,37.266666666666666,1
1061,2021,10,9,leclerc,ferrari,4,41.0,9.117647058823527,7.25,9.117647058823527,9.155555555555557,11.863453791398562,9.18184912008225,-2.488751703946036,4.0,0.0,37.266666666666666,0
1061,2021,10,9,bottas,mercedes,3,41.0,7.024096385542169,6.111111111111111,7.024096385542169,7.234234234234234,26.881646454646404,6.314062717006449,-1.9079968239103868,4.0,0.0,37.266666666666666,0
1061,2021,10,9,norris,mclaren,5,41.0,8.936170212765957,8.333333333333334,8.936170212765957,8.875,15.27886349747459,5.074201086867482,1.1718113857829453,4.0,0.0,37.266666666666666,0
1061,2021,10,9,ricciardo,mclaren,6,41.0,9.66497461928934,8.818181818181818,9.66497461928934,9.933333333333334,15.27886349747459,8.321489937349737,2.534351066346012,4.0,0.0,37.266666666666666,0
1061,2021,10,9,sainz,ferrari,10,41.0,10.78125,12.857142857142858,10.78125,10.821428571428571,11.863453791398562,6.849022368568283,1.157797661896867,4.0,0.0,37.266666666666666,0
1061,2021,10,9,alonso,alpine,7,41.0,8.309597523219814,8.470588235294118,8.237012987012987,7.678571428571429,3.2768412217026586,10.891796215223588,0.8325183978591983,4.0,0.0,37.266666666666666,0
1061,2021,10,9,stroll,aston_martin,14,41.0,12.459770114942527,11.2,12.459770114942527,12.491228070175438,4.916116323676104,11.36600383218136,0.8739786508334971,4.0,0.0,37.266666666666666,0
1061,2021,10,9,ocon,alpine,9,41.0,11.342105263157896,7.25,11.342105263157896,11.42,3.2768412217026586,13.591936595564484,-1.3224020149064313,4.0,0.0,37.266666666666666,0
1061,2021,10,9,tsunoda,alphatauri,16,41.0,12.666666666666666,12.666666666666666,12.666666666666666,12.166666666666666,5.505304744462782,12.2866862672216,-2.585558501719176,4.0,0.0,37.266666666666666,0
1061,2021,10,9,gasly,alphatauri,11,41.0,10.945205479452056,8.75,10.945205479452056,10.666666666666666,5.505304744462782,10.034619091042538,-3.086316209632446,4.0,0.0,37.266666666666666,0
1061,2021,10,9,russell,williams,12,41.0,15.48936170212766,14.666666666666666,15.48936170212766,15.28125,0.0001500044968226,14.635259337968394,-2.6514350384647782,4.0,0.0,37.266666666666666,0
1061,2021,10,9,giovinazzi,alfa,15,41.0,14.06122448979592,16.333333333333332,14.06122448979592,14.147058823529411,0.2655284233082313,13.65571276465474,0.9947559805652972,4.0,0.0,37.266666666666666,0
1061,2021,10,9,latifi,williams,17,41.0,16.23076923076923,17.0,16.23076923076923,16.526315789473685,0.0001500044968226,16.682661385388506,0.1894409764525897,4.0,0.0,37.266666666666666,0
1061,2021,10,9,raikkonen,alfa,13,41.0,8.343108504398828,7.052631578947368,8.438271604938272,8.28448275862069,0.2655284233082313,13.308653206641734,2.6378195283956654,4.0,0.0,37.266666666666666,0
1061,2021,10,9,perez,red_bull,22,41.0,10.094059405940596,12.333333333333334,10.094059405940596,10.316546762589928,31.178303114790133,5.192636694550503,0.0142989960201373,4.0,0.0,37.266666666666666,0
1061,2021,10,9,mazepin,haas,19,41.0,18.11111111111111,18.11111111111111,18.11111111111111,18.166666666666668,0.022515385453113,18.113722671665,1.1620810622029667,4.0,0.0,37.266666666666666,0
1061,2021,10,9,mick_schumacher,haas,18,41.0,16.77777777777778,16.77777777777778,16.77777777777778,16.333333333333332,0.022515385453113,16.934369795114353,1.165371513607758,4.0,0.0,37.266666666666666,0
1061,2021,10,9,vettel,aston_martin,8,41.0,6.49812734082397,8.285714285714286,6.425855513307985,6.51595744680851,4.916116323676104,11.244098711282463,0.2140367781439435,4.0,0.0,37.266666666666666,0
1061,2021,10,9,max_verstappen,red_bull,1,41.0,7.234375,6.428571428571429,7.234375,7.285714285714286,31.178303114790133,3.893867402990768,-2.0799781011373715,4.0,0.0,37.266666666666666,0
1062,2021,11,11,ocon,alpine,8,52.0,11.311688311688313,12.0,11.311688311688313,11.372549019607844,4.2689698413143695,12.757038870153592,-1.0819652381028015,5.0,0.0,47.642857142857146,1
1062,2021,11,11,hamilton,mercedes,1,52.0,4.753623188405797,3.571428571428572,4.74169741697417,4.974226804123711,29.266801644710693,3.3535466043143947,-0.778721700991408,5.0,0.0,47.642857142857146,0
1062,2021,11,11,sainz,ferrari,15,52.0,10.744186046511627,9.166666666666666,10.744186046511627,10.764705882352942,14.43373492023519,6.694654665191348,1.6745617233731216,5.0,0.0,47.642857142857146,0
1062,2021,11,11,alonso,alpine,9,52.0,8.305555555555555,6.823529411764706,8.233009708737864,7.6755555555555555,4.2689698413143695,10.184196903364754,0.6811514164302531,5.0,0.0,47.642857142857146,0
1062,2021,11,11,gasly,alphatauri,5,52.0,10.945945945945946,10.666666666666666,10.945945945945946,10.673469387755102,4.682508893838508,10.21014295507671,-2.525167608370994,5.0,0.0,47.642857142857146,0
1062,2021,11,11,tsunoda,alphatauri,16,52.0,12.4,12.4,12.4,11.857142857142858,4.682508893838508,11.80635371939193,-0.7821090085439967,5.0,0.0,47.642857142857146,0
1062,2021,11,11,latifi,williams,18,52.0,16.14814814814815,19.0,16.14814814814815,16.4,0.0001227309519457,16.192731673255164,0.702728408418564,5.0,0.0,47.642857142857146,0
1062,2021,11,11,russell,williams,17,52.0,15.416666666666666,17.0,15.416666666666666,15.181818181818182,0.0001227309519457,14.156089851126406,-2.169324322274131,5.0,0.0,47.642857142857146,0
1062,2021,11,11,max_verstappen,red_bull,3,52.0,7.333333333333333,6.166666666666667,7.333333333333333,7.435294117647059,25.509520730282837,6.822255147918298,-5.156345719130003,5.0,0.0,47.642857142857146,0
1062,2021,11,11,raikkonen,alfa,13,52.0,8.362573099415204,6.5,8.458461538461538,8.313304721030043,0.2172473617423303,13.616170805434146,1.7945796141419077,5.0,0.0,47.642857142857146,0
1062,2021,11,11,ricciardo,mclaren,11,52.0,9.641414141414142,9.9,9.641414141414142,9.897058823529411,16.500888316115574,7.717582676013421,2.255378145192191,5.0,0.0,47.642857142857146,0
1062,2021,11,11,mick_schumacher,haas,20,52.0,16.9,16.9,16.9,16.571428571428573,0.0184216790060317,17.15821198925098,0.9205780426698034,5.0,0.0,47.642857142857146,0
1062,2021,11,11,giovinazzi,alfa,22,52.0,14.04,17.5,14.04,14.114285714285714,0.2172473617423303,13.536487027658673,1.1775356449829943,5.0,0.0,47.642857142857146,0
1062,2021,11,11,mazepin,haas,19,52.0,18.0,18.0,18.0,18.0,0.0184216790060317,17.879778358391754,1.3380911008497651,5.0,0.0,47.642857142857146,0
1062,2021,11,11,norris,mclaren,6,52.0,8.833333333333334,11.0,8.833333333333334,8.727272727272727,16.500888316115574,4.878878988528495,1.1405709031583042,5.0,0.0,47.642857142857146,0
1062,2021,11,11,bottas,mercedes,2,52.0,7.0,8.625,7.0,7.196428571428571,29.266801644710693,5.711505859368911,-1.5610883104721338,5.0,0.0,47.642857142857146,0
1062,2021,11,11,perez,red_bull,4,52.0,10.123152709359609,12.7,10.123152709359609,10.357142857142858,25.509520730282837,7.157611840995868,-2.8973917305289807,5.0,0.0,47.642857142857146,0
1062,2021,11,11,leclerc,ferrari,7,52.0,9.014492753623188,11.666666666666666,9.014492753623188,9.0,14.43373492023519,7.876057104748469,-1.672614239091928,5.0,0.0,47.642857142857146,0
1062,2021,11,11,stroll,aston_martin,12,52.0,12.409090909090908,13.0,12.409090909090908,12.413793103448276,4.723680442039243,10.754003122313112,1.8059825524620523,5.0,0.0,47.642857142857146,0
1062,2021,11,11,vettel,aston_martin,10,52.0,6.544776119402985,6.357142857142857,6.473484848484849,6.582010582010582,4.723680442039243,12.65426258195838,-1.8248789997004111,5.0,0.0,47.642857142857146,0
1063,2021,12,13,max_verstappen,red_bull,1,0.0,7.346153846153846,10.666666666666666,7.346153846153846,7.453488372093023,21.235062415685952,7.218208757389553,-5.30973740656163,4.0,0.0,38.07692307692308,1
1063,2021,12,13,russell,williams,2,0.0,15.26530612244898,17.0,15.26530612244898,14.970588235294118,1.8182822344152296,13.036740724294337,-0.1384291063516171,4.0,0.0,38.07692307692308,0
1063,2021,12,13,hamilton,mercedes,3,0.0,4.743682310469314,7.428571428571429,4.731617647058823,4.958974358974359,27.21829225476329,3.107447221711777,-0.8189541189929702,4.0,0.0,38.07692307692308,0
1063,2021,12,13,ricciardo,mclaren,4,0.0,9.64824120603015,9.8,9.64824120603015,9.905109489051094,13.50072680409456,8.314385825829163,1.8453093915208836,4.0,0.0,38.07692307692308,0
1063,2021,12,13,vettel,aston_martin,5,0.0,6.594795539033457,6.5,6.524528301886792,6.652631578947369,3.7586915829083822,13.989851203420493,-3.311264636118519,4.0,0.0,38.07692307692308,0
1063,2021,12,13,gasly,alphatauri,6,0.0,10.866666666666667,8.666666666666666,10.866666666666667,10.56,7.295170621460826,9.262843960406954,-2.066046091474486,4.0,0.0,38.07692307692308,0
1063,2021,12,13,ocon,alpine,8,0.0,11.17948717948718,9.0,11.17948717948718,11.173076923076923,10.955510101301217,10.619395098634628,0.3874832211279508,4.0,0.0,38.07692307692308,0
1063,2021,12,13,leclerc,ferrari,9,0.0,9.142857142857142,11.0,9.142857142857142,9.191489361702128,14.536692207465157,9.71677545520502,-3.3685039047619627,4.0,0.0,38.07692307692308,0
1063,2021,12,13,latifi,williams,10,0.0,15.821428571428571,16.0,15.821428571428571,15.952380952380953,1.8182822344152296,14.515238176878595,2.581778808155124,4.0,0.0,38.07692307692308,0
1063,2021,12,13,sainz,ferrari,11,0.0,10.684615384615384,16.166666666666668,10.684615384615384,10.674418604651162,14.536692207465157,6.022899271517049,3.551914137314072,4.0,0.0,38.07692307692308,0
1063,2021,12,13,alonso,alpine,12,0.0,8.292307692307693,11.666666666666666,8.219354838709677,7.65929203539823,10.955510101301217,9.059797466389345,1.4663966134429347,4.0,0.0,38.07692307692308,0
1063,2021,12,13,bottas,mercedes,13,0.0,7.053571428571429,6.125,7.053571428571429,7.274336283185841,27.21829225476329,7.582141157665477,-3.822708617659024,4.0,0.0,38.07692307692308,0
1063,2021,12,13,giovinazzi,alfa,14,0.0,14.019607843137257,18.0,14.019607843137257,14.083333333333334,0.3595736603097408,13.43894042780886,-1.4002907051770688,4.0,0.0,38.07692307692308,0
1063,2021,12,13,norris,mclaren,15,0.0,8.959183673469388,9.0,8.959183673469388,8.911764705882353,13.50072680409456,6.71918155732213,-0.7032681993447302,4.0,0.0,38.07692307692308,0
1063,2021,12,13,tsunoda,alphatauri,16,0.0,11.818181818181818,11.818181818181818,11.818181818181818,11.125,7.295170621460826,10.620188245216168,1.4205410646027197,4.0,0.0,38.07692307692308,0
1063,2021,12,13,mick_schumacher,haas,17,0.0,16.454545454545453,16.454545454545453,16.454545454545453,16.0,0.0150722828224068,16.104453767512855,2.3668154420313923,4.0,0.0,38.07692307692308,0
1063,2021,12,13,mazepin,haas,18,0.0,17.636363636363637,17.636363636363637,17.636363636363637,17.5,0.0150722828224068,17.087188144535375,2.0861733079743883,4.0,0.0,38.07692307692308,0
1063,2021,12,13,raikkonen,alfa,22,0.0,8.36734693877551,9.375,8.463190184049079,8.320512820512821,0.3595736603097408,12.95868520444612,2.013746957025197,4.0,0.0,38.07692307692308,0
1063,2021,12,13,perez,red_bull,22,0.0,10.15686274509804,10.8,10.15686274509804,10.404255319148936,21.235062415685952,8.947136960814802,-4.734229597705531,4.0,0.0,38.07692307692308,0
1063,2021,12,13,stroll,aston_martin,19,0.0,12.48314606741573,10.75,12.48314606741573,12.52542372881356,3.7586915829083822,12.25327530816586,0.2048947875932353,4.0,0.0,38.07692307692308,0
1064,2021,13,39,max_verstappen,red_bull,1,29.0,7.297709923664122,7.297709923664122,7.297709923664122,7.379310344827586,19.6468692491976,6.087625346950757,-4.344330605364907,5.0,0.0,57.0,1
1064,2021,13,39,hamilton,mercedes,2,29.0,4.737410071942446,4.725274725274725,4.725274725274725,4.948979591836735,23.63314820844269,3.0879113632187267,-0.6700533700851574,5.0,0.0,57.0,0
1064,2021,13,39,bottas,mercedes,3,29.0,7.082840236686391,7.082840236686391,7.082840236686391,7.315789473684211,23.63314820844269,8.385388219908119,-2.9458525053573816,5.0,0.0,57.0,0
1064,2021,13,39,gasly,alphatauri,4,29.0,10.802631578947368,10.802631578947368,10.802631578947368,10.470588235294118,6.694264457303827,8.669599462773986,-1.690401258164569,5.0,0.0,57.0,0
1064,2021,13,39,leclerc,ferrari,5,29.0,9.126760563380282,9.126760563380282,9.126760563380282,9.166666666666666,12.348202715198765,9.404634260726622,-2.5742299519385266,5.0,0.0,57.0,0
1064,2021,13,39,alonso,alpine,9,29.0,8.300613496932515,8.228295819935692,8.228295819935692,7.674008810572687,9.36601374326054,9.412561563409463,1.381597229180583,5.0,0.0,57.0,0
1064,2021,13,39,sainz,ferrari,6,29.0,10.6793893129771,10.6793893129771,10.6793893129771,10.666666666666666,12.348202715198765,6.746008494880356,3.087929748709736,5.0,0.0,57.0,0
1064,2021,13,39,perez,red_bull,22,29.0,10.2,10.2,10.2,10.464788732394366,19.6468692491976,10.774930240666658,-7.328006034486346,5.0,0.0,57.0,0
1064,2021,13,39,ocon,alpine,8,29.0,11.126582278481012,11.126582278481012,11.126582278481012,11.09433962264151,9.36601374326054,9.961323176734613,0.4988499227130841,5.0,0.0,57.0,0
1064,2021,13,39,norris,mclaren,13,29.0,9.06,9.06,9.06,9.057142857142855,12.136958294259186,8.043024849010852,-0.3935694755814826,5.0,0.0,57.0,0
1064,2021,13,39,ricciardo,mclaren,10,29.0,9.62,9.62,9.62,9.86231884057971,12.136958294259186,7.529952039314769,1.5097985930625406,5.0,0.0,57.0,0
1064,2021,13,39,stroll,aston_martin,12,29.0,12.566666666666666,12.566666666666666,12.566666666666666,12.65,4.006702732796766,13.661770726875964,-0.0141769951101906,5.0,0.0,57.0,0
1064,2021,13,39,vettel,aston_martin,15,29.0,6.588888888888889,6.518796992481203,6.518796992481203,6.643979057591623,4.006702732796766,12.355332802798586,-2.7092165204606062,5.0,0.0,57.0,0
1064,2021,13,39,giovinazzi,alfa,7,29.0,14.0,14.0,14.0,14.054054054054054,0.2941937608085068,13.359130731738304,-0.9638613869266692,5.0,0.0,57.0,0
1064,2021,13,39,kubica,alfa,16,29.0,10.56701030927835,10.827956989247312,10.827956989247312,10.690140845070422,0.2941937608085068,17.242755385468417,-0.9685070114076046,5.0,0.0,57.0,0
1064,2021,13,39,latifi,williams,22,29.0,15.586206896551724,15.586206896551724,15.586206896551724,15.636363636363637,3.30586728270337,13.50948126836042,2.293326176912634,5.0,0.0,57.0,0
1064,2021,13,39,russell,williams,11,29.0,15.0,15.0,15.0,14.6,3.30586728270337,11.029972490063937,-0.113259072891663,5.0,0.0,57.0,0
1064,2021,13,39,mick_schumacher,haas,17,29.0,16.416666666666668,16.416666666666668,16.416666666666668,16.0,0.012331867763312,16.083584095935397,2.093728218263389,5.0,0.0,57.0,0
1064,2021,13,39,tsunoda,alphatauri,14,29.0,12.083333333333334,12.083333333333334,12.083333333333334,11.555555555555555,6.694264457303827,11.495266617876895,1.3365177295706594,5.0,0.0,57.0,0
1064,2021,13,39,mazepin,haas,18,29.0,17.583333333333332,17.583333333333332,17.583333333333332,17.444444444444443,0.012331867763312,17.06976811282922,1.8691578689588688,5.0,0.0,57.0,0
1065,2021,14,14,ricciardo,mclaren,2,22.0,9.626865671641792,8.4,9.626865671641792,9.080645161290322,10.11205678621206,8.160869850348448,1.0534715761420783,2.0,0.0,27.714285714285715,1
1065,2021,14,14,norris,mclaren,3,22.0,9.07843137254902,7.0,9.07843137254902,9.066666666666666,10.11205678621206,8.3988512942516,0.2234653204726877,2.0,0.0,27.714285714285715,0
1065,2021,14,14,bottas,mercedes,19,22.0,7.0588235294117645,5.125,7.0588235294117645,6.6,25.518030352362207,7.406226725379368,-2.410242958928765,2.0,0.0,27.714285714285715,0
1065,2021,14,14,leclerc,ferrari,5,22.0,9.069444444444445,10.0,9.069444444444445,9.043478260869565,13.0121658578899,8.60379124252869,-2.106187893911698,2.0,0.0,27.714285714285715,0
1065,2021,14,14,perez,red_bull,8,22.0,10.189320388349516,8.5,10.189320388349516,9.603174603174605,21.34743847661622,10.270397469636356,-7.450186755488829,2.0,0.0,27.714285714285715,0
1065,2021,14,14,sainz,ferrari,6,22.0,10.651515151515152,11.666666666666666,10.651515151515152,10.704545454545457,13.0121658578899,6.792188768538619,2.3446697943965447,2.0,0.0,27.714285714285715,0
1065,2021,14,14,stroll,aston_martin,9,22.0,12.56043956043956,7.75,12.56043956043956,12.4,3.220310188359297,13.3596305911723,-0.0115993596053723,2.0,0.0,27.714285714285715,0
1065,2021,14,14,alonso,alpine,10,22.0,8.293577981651376,9.705882352941176,8.221153846153847,9.737373737373735,9.490445751029611,8.792095824607742,1.675852278420477,2.0,0.0,27.714285714285715,0
1065,2021,14,14,russell,williams,14,22.0,15.03921568627451,14.0,15.03921568627451,15.933333333333334,2.70480050403003,12.11547102885545,-1.183614052661051,2.0,0.0,27.714285714285715,0
1065,2021,14,14,ocon,alpine,12,22.0,11.1,9.5,11.1,11.192307692307692,9.490445751029611,9.786537125959036,0.2263317258813243,2.0,0.0,27.714285714285715,0
1065,2021,14,14,latifi,williams,13,22.0,15.6,11.0,15.6,15.428571428571429,2.70480050403003,13.963405608808651,-1.0408330542419253,2.0,0.0,27.714285714285715,0
1065,2021,14,14,vettel,aston_martin,11,22.0,6.612546125461255,7.571428571428571,6.543071161048689,6.455696202531645,3.220310188359297,12.47254502047157,-1.8529953349223136,2.0,0.0,27.714285714285715,0
1065,2021,14,14,giovinazzi,alfa,7,22.0,14.0,12.5,14.0,13.866666666666667,0.2407020646734861,13.475655218810704,-2.0613675252597816,2.0,0.0,27.714285714285715,0
1065,2021,14,14,kubica,alfa,17,22.0,10.612244897959185,9.166666666666666,10.872340425531917,10.23076923076923,0.2407020646734861,16.834981677845523,-0.6105966446666095,2.0,0.0,27.714285714285715,0
1065,2021,14,14,mick_schumacher,haas,18,22.0,16.53846153846154,16.53846153846154,16.53846153846154,17.666666666666668,0.0100897099878462,16.45971761007455,1.4865244979963914,2.0,0.0,27.714285714285715,0
1065,2021,14,14,mazepin,haas,16,22.0,17.76923076923077,17.76923076923077,17.76923076923077,18.0,0.0100897099878462,17.644882530647678,1.1097611519289123,2.0,0.0,27.714285714285715,0
1065,2021,14,14,hamilton,mercedes,4,22.0,4.727598566308243,5.285714285714286,4.7153284671532845,4.2317073170731705,25.518030352362207,2.890109297178958,-0.5482254846151288,2.0,0.0,27.714285714285715,0
1065,2021,14,14,max_verstappen,red_bull,1,22.0,7.25,9.833333333333334,7.25,7.136363636363637,21.34743847661622,5.162602556593174,-3.5544523134779022,2.0,0.0,27.714285714285715,0
1065,2021,14,14,gasly,alphatauri,22,22.0,10.714285714285714,8.666666666666666,10.714285714285714,11.48,7.661292922584867,7.820581213302566,-1.3830555150119868,2.0,0.0,27.714285714285715,0
1065,2021,14,14,tsunoda,alphatauri,22,22.0,12.615384615384617,12.615384615384617,12.615384615384617,13.666666666666666,7.661292922584867,12.96821501791283,0.0928541406944348,2.0,0.0,27.714285714285715,0
1066,2021,15,71,hamilton,mercedes,4,39.0,4.771428571428571,1.8571428571428568,4.76,4.385542168674699,23.60566119738726,5.455543970419149,-2.81218448741238,1.0,0.0,24.5,1
1066,2021,15,71,max_verstappen,red_bull,20,39.0,7.330827067669173,7.5,7.330827067669173,7.377777777777778,19.28426784450418,7.496674819036765,-5.9990973473972815,1.0,0.0,24.5,0
1066,2021,15,71,sainz,ferrari,2,39.0,10.61654135338346,13.333333333333334,10.61654135338346,10.6,14.282681156455377,6.648154446985774,1.9183661954142612,1.0,0.0,24.5,0
1066,2021,15,71,ricciardo,mclaren,5,39.0,9.584158415841584,11.428571428571429,9.584158415841584,8.952380952380953,16.27350100690078,6.858893513921457,1.0437494713889732,1.0,0.0,24.5,0
1066,2021,15,71,bottas,mercedes,16,39.0,7.035087719298246,3.571428571428572,7.035087719298246,6.535714285714286,23.60566119738726,6.605094593492209,0.9370739426946512,1.0,0.0,24.5,0
1066,2021,15,71,alonso,alpine,6,39.0,8.292682926829269,11.4,8.220447284345047,9.72,8.621664149759765,8.64807840195179,1.734788227798572,1.0,0.0,24.5,0
1066,2021,15,71,norris,mclaren,1,39.0,8.942307692307692,11.5,8.942307692307692,8.625,16.27350100690078,7.235389592753281,0.3646575935806638,1.0,0.0,24.5,0
1066,2021,15,71,raikkonen,alfa,13,39.0,8.395348837209303,7.714285714285714,8.492354740061161,8.46788990825688,0.1969367666783986,13.875287894546828,-1.6251161260702955,1.0,0.0,24.5,0
1066,2021,15,71,perez,red_bull,8,39.0,10.16425120772947,7.0,10.16425120772947,9.53125,19.28426784450418,9.312143384247928,-5.550152799945404,1.0,0.0,24.5,0
1066,2021,15,71,russell,williams,3,39.0,14.923076923076923,17.5,14.923076923076923,15.5,2.576654957842752,11.54900510278257,-0.0592875452485374,1.0,0.0,24.5,0
1066,2021,15,71,stroll,aston_martin,7,39.0,12.5,14.25,12.5,12.225806451612904,3.75810609983133,12.20333410895185,0.3541459820151441,1.0,0.0,24.5,0
1066,2021,15,71,vettel,aston_martin,10,39.0,6.632352941176471,9.428571428571429,6.563432835820896,6.525,3.75810609983133,12.386627744022194,-1.6979052740273473,1.0,0.0,24.5,0
1066,2021,15,71,gasly,alphatauri,11,39.0,10.82051282051282,14.0,10.82051282051282,11.76923076923077,6.265556307502976,9.85320313473317,-4.5861368407980665,1.0,0.0,24.5,0
1066,2021,15,71,ocon,alpine,9,39.0,11.08641975308642,7.666666666666667,11.08641975308642,11.148148148148149,8.621664149759765,9.825348560989694,0.5488168947715625,1.0,0.0,24.5,0
1066,2021,15,71,leclerc,ferrari,19,39.0,9.0,5.333333333333333,9.0,8.833333333333334,14.282681156455377,7.766737925602299,-1.5414262132392955,1.0,0.0,24.5,0
1066,2021,15,71,giovinazzi,alfa,17,39.0,13.98148148148148,13.0,13.98148148148148,13.8125,0.1969367666783986,13.38917075026722,-2.7774966097207625,1.0,0.0,24.5,0
1066,2021,15,71,tsunoda,alphatauri,12,39.0,13.142857142857142,13.142857142857142,13.142857142857142,15.25,6.265556307502976,14.328678044355629,-3.7945777452005056,1.0,0.0,24.5,0
1066,2021,15,71,mazepin,haas,15,39.0,17.642857142857142,17.642857142857142,17.642857142857142,17.5,0.0082552172625702,17.326641590191105,0.8950519395130175,1.0,0.0,24.5,0
1066,2021,15,71,latifi,williams,18,39.0,15.451612903225806,16.0,15.451612903225806,14.875,2.576654957842752,13.423531496782427,-0.4868531872608324,1.0,0.0,24.5,0
1066,2021,15,71,mick_schumacher,haas,14,39.0,16.428571428571427,16.428571428571427,16.428571428571427,17.0,0.0082552172625702,16.177301147879994,1.779341679856765,1.0,0.0,24.5,0
1067,2021,16,5,bottas,mercedes,1,20.0,7.023255813953488,14.0,7.023255813953488,7.278260869565218,25.677359161498668,6.313259212857263,2.766696862204717,4.0,0.0,46.66666666666666,1
1067,2021,16,5,max_verstappen,red_bull,2,20.0,7.291044776119403,6.0,7.291044776119403,7.306818181818182,19.414400963685235,6.49727939739162,-1.6356251024068,4.0,0.0,46.66666666666666,0
1067,2021,16,5,perez,red_bull,6,20.0,10.158653846153848,8.0,10.158653846153848,10.447552447552448,19.414400963685235,9.255390041657394,-4.722852290864421,4.0,0.0,46.66666666666666,0
1067,2021,16,5,leclerc,ferrari,3,20.0,9.08108108108108,4.0,9.08108108108108,9.081632653061224,14.41310276437258,9.081876952166644,-0.5338938162516595,4.0,0.0,46.66666666666666,0
1067,2021,16,5,hamilton,mercedes,11,20.0,4.758007117437723,4.333333333333333,4.746376811594203,4.934010152284264,25.677359161498668,4.645445066706576,-1.755423671519219,4.0,0.0,46.66666666666666,0
1067,2021,16,5,gasly,alphatauri,4,20.0,10.848101265822784,13.0,10.848101265822784,10.346153846153848,5.124508592549359,10.42534809391054,-4.115930081176154,4.0,0.0,46.66666666666666,0
1067,2021,16,5,norris,mclaren,7,20.0,8.90566037735849,8.0,8.90566037735849,9.083333333333334,16.769228096555185,7.192590455837019,-0.792580704793445,4.0,0.0,46.66666666666666,0
1067,2021,16,5,sainz,ferrari,19,20.0,10.559701492537313,5.0,10.559701492537313,10.625,14.41310276437258,5.984853638441514,1.387754159883282,4.0,0.0,46.66666666666666,0
1067,2021,16,5,stroll,aston_martin,8,20.0,12.483870967741936,9.0,12.483870967741936,12.63934426229508,3.0393894734552585,11.984546087424286,-0.4375169300226924,4.0,0.0,46.66666666666666,0
1067,2021,16,5,ocon,alpine,12,20.0,11.121951219512194,11.0,11.121951219512194,11.055555555555555,8.502774382258432,10.5843761495482,-0.4600589763094567,4.0,0.0,46.66666666666666,0
1067,2021,16,5,giovinazzi,alfa,16,20.0,14.018181818181818,20.0,14.018181818181818,14.052631578947368,0.888419436410245,13.863874618718445,-2.090667988553993,4.0,0.0,46.66666666666666,0
1067,2021,16,5,raikkonen,alfa,17,20.0,8.394202898550725,8.5,8.490853658536585,8.361702127659575,0.888419436410245,12.807053731901949,-0.4205495576938773,4.0,0.0,46.66666666666666,0
1067,2021,16,5,ricciardo,mclaren,20,20.0,9.556650246305418,10.0,9.556650246305418,9.870503597122305,16.769228096555185,6.339094693208465,1.0357950220455234,4.0,0.0,46.66666666666666,0
1067,2021,16,5,tsunoda,alphatauri,9,20.0,13.4,13.4,13.4,12.3,5.124508592549359,14.839553323797906,-4.025107962632902,4.0,0.0,46.66666666666666,0
1067,2021,16,5,russell,williams,13,20.0,14.830188679245284,16.0,14.830188679245284,14.666666666666666,2.2899904200531607,11.267361038988016,-1.321265609668158,4.0,0.0,46.66666666666666,0
1067,2021,16,5,alonso,alpine,5,20.0,8.285714285714286,4.857142857142857,8.213375796178344,7.666666666666667,8.502774382258432,8.166609601596917,1.4193721863806497,4.0,0.0,46.66666666666666,0
1067,2021,16,5,latifi,williams,15,20.0,15.5625,19.0,15.5625,15.652173913043478,2.2899904200531607,14.43908643409702,-0.5803045855685286,4.0,0.0,46.66666666666666,0
1067,2021,16,5,vettel,aston_martin,10,20.0,6.652014652014652,10.833333333333334,6.58364312267658,6.677083333333333,3.0393894734552585,12.316331790563613,-1.7528315878405567,4.0,0.0,46.66666666666666,0
1067,2021,16,5,mick_schumacher,haas,14,20.0,16.666666666666668,16.666666666666668,16.666666666666668,16.2,0.006754268669233,16.908370774352402,0.2915863959321423,4.0,0.0,46.66666666666666,0
1067,2021,16,5,mazepin,haas,18,20.0,17.666666666666668,17.666666666666668,17.666666666666668,17.7,0.006754268669233,17.45541759379077,0.150145192560872,4.0,0.0,46.66666666666666,0
1069,2021,17,69,max_verstappen,red_bull,1,41.0,7.2518518518518515,6.6,7.2518518518518515,7.260869565217392,21.88450987937883,5.679592234228103,-1.3382387201505077,3.0,0.0,32.916666666666664,1
1069,2021,17,69,hamilton,mercedes,2,41.0,4.75886524822695,1.75,4.747292418772563,4.345238095238095,27.55420295031709,4.7099096000326535,-0.3453466403339056,3.0,0.0,32.916666666666664,0
1069,2021,17,69,perez,red_bull,3,41.0,10.124401913875598,9.25,10.124401913875598,9.523076923076925,21.88450987937883,8.118046397719684,-3.318697328889071,3.0,0.0,32.916666666666664,0
1069,2021,17,69,leclerc,ferrari,4,41.0,9.013333333333334,9.5,9.013333333333334,9.08,14.701629534486656,8.157899055719083,-0.6186404197673895,3.0,0.0,32.916666666666664,0
1069,2021,17,69,ricciardo,mclaren,6,41.0,9.573529411764708,9.875,9.573529411764708,8.875,14.81118662445424,7.550168385352381,2.1201959271281563,3.0,0.0,32.916666666666664,0
1069,2021,17,69,bottas,mercedes,9,41.0,6.988439306358382,8.428571428571429,6.988439306358382,6.508771929824562,27.55420295031709,5.34721208324685,2.263661069076586,3.0,0.0,32.916666666666664,0
1069,2021,17,69,sainz,ferrari,5,41.0,10.54074074074074,7.0,10.54074074074074,10.434782608695652,14.701629534486656,6.351243885998231,3.1354352217256864,3.0,0.0,32.916666666666664,0
1069,2021,17,69,norris,mclaren,7,41.0,8.87037037037037,7.0,8.87037037037037,8.529411764705882,14.81118662445424,7.157573320397495,-0.6484722869287888,3.0,0.0,32.916666666666664,0
1069,2021,17,69,tsunoda,alphatauri,10,41.0,13.4375,13.4375,13.4375,15.6,5.648021793429312,14.680492812896698,-4.209809542796567,3.0,0.0,32.916666666666664,0
1069,2021,17,69,vettel,aston_martin,18,41.0,6.693430656934306,5.375,6.625925925925926,6.592592592592593,2.842468305988202,13.349726010461136,-2.8886803900513653,3.0,0.0,32.916666666666664,0
1069,2021,17,69,giovinazzi,alfa,12,41.0,13.964285714285714,14.0,13.964285714285714,13.941176470588236,0.7268854517863629,13.343163284750313,-0.801438647676874,3.0,0.0,32.916666666666664,0
1069,2021,17,69,stroll,aston_martin,13,41.0,12.4468085106383,12.666666666666666,12.4468085106383,12.1875,2.842468305988202,11.44190134076966,-0.5397865797665737,3.0,0.0,32.916666666666664,0
1069,2021,17,69,raikkonen,alfa,15,41.0,8.404624277456648,9.857142857142858,8.501519756838906,8.463636363636363,0.7268854517863629,12.660316689737956,0.5650049073413737,3.0,0.0,32.916666666666664,0
1069,2021,17,69,russell,williams,20,41.0,14.833333333333334,17.0,14.833333333333334,15.176470588235292,1.8736285254980405,11.946036020448226,-1.4446742903860978,3.0,0.0,32.916666666666664,0
1069,2021,17,69,latifi,williams,14,41.0,15.606060606060606,15.606060606060606,15.606060606060606,15.333333333333334,1.8736285254980405,14.90532745801,-0.8387749425857118,3.0,0.0,32.916666666666664,0
1069,2021,17,69,mick_schumacher,haas,16,41.0,16.8125,16.8125,16.8125,17.6,0.0055262198201861,17.304647703782425,-0.7109496095324197,3.0,0.0,32.916666666666664,0
1069,2021,17,69,mazepin,haas,17,41.0,17.8125,17.8125,17.8125,17.6,0.0055262198201861,17.937510352033836,-0.2572180840126531,3.0,0.0,32.916666666666664,0
1069,2021,17,69,alonso,alpine,19,41.0,8.309090909090909,9.285714285714286,8.238095238095237,9.683168316831685,7.081310024259188,9.59086240130657,-0.838695483870379,3.0,0.0,32.916666666666664,0
1069,2021,17,69,ocon,alpine,11,41.0,11.10843373493976,14.333333333333334,11.10843373493976,11.25,7.081310024259188,10.478125934332672,-0.0127754999426454,3.0,0.0,32.916666666666664,0
1069,2021,17,69,gasly,alphatauri,8,41.0,10.7875,14.0,10.7875,11.814814814814817,5.648021793429312,9.620739263746682,-3.7312154799301256,3.0,0.0,32.916666666666664,0
1070,2021,18,32,max_verstappen,red_bull,3,25.0,7.205882352941177,4.2,7.205882352941177,7.127659574468085,25.178235355855406,4.828757282549071,-1.0949225892137098,2.0,0.0,27.88888888888889,1
1070,2021,18,32,hamilton,mercedes,2,25.0,4.749116607773852,3.4,4.737410071942446,4.317647058823529,27.453438777532163,4.217198763663079,-0.2825563420913772,2.0,0.0,27.88888888888889,0
1070,2021,18,32,perez,red_bull,4,25.0,10.09047619047619,10.0,10.09047619047619,9.424242424242424,25.178235355855406,7.187492507225196,-2.715297814545603,2.0,0.0,27.88888888888889,0
1070,2021,18,32,gasly,alphatauri,5,25.0,10.901234567901234,10.666666666666666,10.901234567901234,12.107142857142858,4.984022231022854,11.507877744108605,-5.234630978409805,2.0,0.0,27.88888888888889,0
1070,2021,18,32,leclerc,ferrari,8,25.0,8.947368421052632,5.5,8.947368421052632,8.884615384615385,15.301333255489084,7.401917229297016,-0.5061603166751841,2.0,0.0,27.88888888888889,0
1070,2021,18,32,sainz,ferrari,6,25.0,10.514705882352942,15.4,10.514705882352942,10.361702127659576,15.301333255489084,6.469199543089627,2.201719726865159,2.0,0.0,27.88888888888889,0
1070,2021,18,32,vettel,aston_martin,9,25.0,6.705454545454545,6.2,6.638376383763838,6.634146341463414,2.496043822167463,12.74068491765002,-0.908920319132934,2.0,0.0,27.88888888888889,0
1070,2021,18,32,raikkonen,alfa,10,25.0,8.4178674351585,10.0,8.515151515151516,8.504504504504505,0.5947223331453334,12.722077291603783,0.8259131060065785,2.0,0.0,27.88888888888889,0
1070,2021,18,32,alonso,alpine,12,25.0,8.338368580060424,15.75,8.268987341772151,9.764705882352942,5.7498683044989765,11.11979651015992,-0.5043872140757644,2.0,0.0,27.88888888888889,0
1070,2021,18,32,norris,mclaren,18,25.0,8.854545454545455,20.0,8.854545454545455,8.5,14.663698147280742,7.310744273164613,-0.7123874454094883,2.0,0.0,27.88888888888889,0
1070,2021,18,32,giovinazzi,alfa,11,25.0,13.912280701754383,14.0,13.912280701754383,13.77777777777778,0.5947223331453334,12.917129005854536,-0.4739008186946384,2.0,0.0,27.88888888888889,0
1070,2021,18,32,ricciardo,mclaren,7,25.0,9.551219512195122,10.6,9.551219512195122,8.815384615384616,14.663698147280742,7.086501406197403,1.9165239403775824,2.0,0.0,27.88888888888889,0
1070,2021,18,32,ocon,alpine,19,25.0,11.202380952380953,12.333333333333334,11.202380952380953,11.517241379310343,5.7498683044989765,12.027557656691386,-1.464998205726138,2.0,0.0,27.88888888888889,0
1070,2021,18,32,stroll,aston_martin,20,25.0,12.442105263157895,10.0,12.442105263157895,12.181818181818182,2.496043822167463,11.54337382479952,-0.2598253819736382,2.0,0.0,27.88888888888889,0
1070,2021,18,32,bottas,mercedes,1,25.0,6.982758620689655,4.2,6.982758620689655,6.5,27.453438777532163,5.465900795383787,2.397540874699025,2.0,0.0,27.88888888888889,0
1070,2021,18,32,russell,williams,16,25.0,14.818181818181818,16.0,14.818181818181818,15.11111111111111,1.5329687935893055,12.319490028155736,-0.0910753580287354,2.0,0.0,27.88888888888889,0
1070,2021,18,32,latifi,williams,13,25.0,15.588235294117649,15.588235294117649,15.588235294117649,15.3,1.5329687935893055,14.922559407272608,-0.8681205368924301,2.0,0.0,27.88888888888889,0
1070,2021,18,32,mazepin,haas,15,25.0,17.764705882352942,17.764705882352942,17.764705882352942,17.5,0.0045214525800884,17.761237827440407,-0.2088554382651861,2.0,0.0,27.88888888888889,0
1070,2021,18,32,mick_schumacher,haas,14,25.0,16.764705882352942,16.764705882352942,16.764705882352942,17.333333333333332,0.0045214525800884,17.059345298372346,-0.5772754775517734,2.0,0.0,27.88888888888889,0
1070,2021,18,32,tsunoda,alphatauri,17,25.0,13.176470588235292,13.176470588235292,13.176470588235292,14.5,4.984022231022854,13.612435476898344,-3.230250993104359,2.0,0.0,27.88888888888889,0
1071,2021,19,18,hamilton,mercedes,10,79.0,4.73943661971831,6.6923076923076925,4.727598566308243,4.934343434343434,25.73463172707177,3.814071715724337,-0.2311824617111268,5.0,0.0,53.92307692307692,1
1071,2021,19,18,max_verstappen,red_bull,2,79.0,7.160583941605839,4.0,7.160583941605839,7.247191011235955,27.87310165479079,4.132619594812076,-0.5322093911742065,5.0,0.0,53.92307692307692,0
1071,2021,19,18,bottas,mercedes,1,79.0,7.0285714285714285,10.571428571428571,7.0285714285714285,7.224137931034483,25.73463172707177,7.199373378041282,-0.5838301934280729,5.0,0.0,53.92307692307692,0
1071,2021,19,18,perez,red_bull,4,79.0,10.056872037914692,11.333333333333334,10.056872037914692,10.395833333333334,27.87310165479079,6.42613023318425,-2.0397891209918564,5.0,0.0,53.92307692307692,0
1071,2021,19,18,leclerc,ferrari,6,79.0,8.896103896103897,12.5,8.896103896103897,8.98,15.79199993630925,6.965204920746774,0.1313235014040131,5.0,0.0,53.92307692307692,0
1071,2021,19,18,sainz,ferrari,3,79.0,10.481751824817518,10.2,10.481751824817518,10.595505617977528,15.79199993630925,6.383890535255051,1.8014070492528516,5.0,0.0,53.92307692307692,0
1071,2021,19,18,gasly,alphatauri,7,79.0,10.817073170731708,9.0,10.817073170731708,10.264150943396226,6.260791803777421,10.142808965898505,-4.101061628673522,5.0,0.0,53.92307692307692,0
1071,2021,19,18,ocon,alpine,8,79.0,11.223529411764703,15.0,11.223529411764703,11.036363636363635,5.049157798991242,12.20436536238888,-0.1077257516085432,5.0,0.0,53.92307692307692,0
1071,2021,19,18,alonso,alpine,12,79.0,8.340361445783133,7.294117647058823,8.271293375394322,7.703056768558952,5.049157798991242,10.734378962858116,0.132774097574375,5.0,0.0,53.92307692307692,0
1071,2021,19,18,norris,mclaren,5,79.0,8.875,8.0,8.875,9.027027027027026,12.179389393229696,7.799706299556861,0.8717038619035721,5.0,0.0,53.92307692307692,0
1071,2021,19,18,vettel,aston_martin,9,79.0,6.706521739130435,5.615384615384615,6.639705882352941,6.735751295336788,3.1508025244131503,11.696924023531832,-0.3800257156542185,5.0,0.0,53.92307692307692,0
1071,2021,19,18,raikkonen,alfa,22,79.0,8.416666666666666,6.0,8.513595166163142,8.377118644067796,1.2138718814007878,11.86351778403946,1.039383450369019,5.0,0.0,53.92307692307692,0
1071,2021,19,18,russell,williams,17,79.0,14.839285714285714,12.0,14.839285714285714,14.675675675675675,1.254247194754886,12.988682472753627,-0.074515983934352,5.0,0.0,53.92307692307692,0
1071,2021,19,18,giovinazzi,alfa,13,79.0,13.862068965517242,5.0,13.862068965517242,13.974358974358974,1.2138718814007878,12.56855702255959,-0.3877362738189225,5.0,0.0,53.92307692307692,0
1071,2021,19,18,tsunoda,alphatauri,15,79.0,13.555555555555555,13.555555555555555,13.555555555555555,12.454545454545457,6.260791803777421,14.806033012197346,-3.1872256715008667,5.0,0.0,53.92307692307692,0
1071,2021,19,18,latifi,williams,16,79.0,15.628571428571428,15.628571428571428,15.628571428571428,15.708333333333334,1.254247194754886,15.300612620287028,-1.4380608268562654,5.0,0.0,53.92307692307692,0
1071,2021,19,18,mazepin,haas,19,79.0,17.77777777777778,17.77777777777778,17.77777777777778,17.90909090909091,0.0036993702927568,17.80585357099322,-0.7304162393343531,5.0,0.0,53.92307692307692,0
1071,2021,19,18,mick_schumacher,haas,18,79.0,16.88888888888889,16.88888888888889,16.88888888888889,16.454545454545453,0.0036993702927568,17.42198127024421,-1.403717710770472,5.0,0.0,53.92307692307692,0
1071,2021,19,18,ricciardo,mclaren,11,79.0,9.563106796116504,10.666666666666666,9.563106796116504,9.892857142857142,12.179389393229696,7.979864786888785,0.6589741330362029,5.0,0.0,53.92307692307692,0
1071,2021,19,18,stroll,aston_martin,14,79.0,12.458333333333334,17.666666666666668,12.458333333333334,12.580645161290322,3.1508025244131503,11.99003313130257,0.8783246923714523,5.0,0.0,53.92307692307692,0
1051,2021,20,78,hamilton,mercedes,1,30.0,4.726315789473684,4.714285714285714,4.714285714285714,4.914572864321608,28.32833504942236,3.3024223128653665,1.447214349509079,5.0,0.0,48.0,1
1051,2021,20,78,max_verstappen,red_bull,7,30.0,7.1231884057971016,7.1231884057971016,7.1231884057971016,7.188888888888889,28.44162862664701,3.744870577573152,-0.4354440473242598,5.0,0.0,48.0,0
1051,2021,20,78,alonso,alpine,3,30.0,8.342342342342342,8.273584905660377,8.273584905660377,7.708695652173913,5.225942941907358,10.41903733324755,0.6540878980153981,5.0,0.0,48.0,0
1051,2021,20,78,perez,red_bull,11,30.0,10.028301886792454,10.028301886792454,10.028301886792454,10.351724137931036,28.44162862664701,5.985015645332568,-1.6689183717206095,5.0,0.0,48.0,0
1051,2021,20,78,ocon,alpine,9,30.0,11.186046511627907,11.186046511627907,11.186046511627907,10.982142857142858,5.225942941907358,11.439935272041897,-0.0881392506894067,5.0,0.0,48.0,0
1051,2021,20,78,stroll,aston_martin,12,30.0,12.536082474226804,12.536082474226804,12.536082474226804,12.698412698412698,2.564990205620512,13.446390748918096,-0.3722798015516464,5.0,0.0,48.0,0
1051,2021,20,78,sainz,ferrari,5,30.0,10.44927536231884,10.44927536231884,10.44927536231884,10.544444444444444,16.193454493343932,6.314092256117703,0.9284239493878756,5.0,0.0,48.0,0
1051,2021,20,78,leclerc,ferrari,13,30.0,8.846153846153847,8.846153846153847,8.846153846153847,8.901960784313726,16.193454493343932,6.607894878227719,0.2892647081310397,5.0,0.0,48.0,0
1051,2021,20,78,norris,mclaren,4,30.0,8.894736842105264,8.894736842105264,8.894736842105264,9.052631578947368,10.146773139915204,8.199764010484635,-0.1958901623695607,5.0,0.0,48.0,0
1051,2021,20,78,vettel,aston_martin,10,30.0,6.722021660649819,6.655677655677656,6.655677655677656,6.757731958762887,2.564990205620512,11.570210564707862,-0.6745664946261789,5.0,0.0,48.0,0
1051,2021,20,78,gasly,alphatauri,2,30.0,10.771084337349398,10.771084337349398,10.771084337349398,10.203703703703704,6.2133405308635465,9.57138912053662,-3.3554140162656783,5.0,0.0,48.0,0
1051,2021,20,78,ricciardo,mclaren,14,30.0,9.608695652173912,9.608695652173912,9.608695652173912,9.95744680851064,10.146773139915204,9.98352573472719,-0.9153848002431078,5.0,0.0,48.0,0
1051,2021,20,78,tsunoda,alphatauri,8,30.0,13.63157894736842,13.63157894736842,13.63157894736842,12.666666666666666,6.2133405308635465,14.842096284971024,-2.5946413864907782,5.0,0.0,48.0,0
1051,2021,20,78,raikkonen,alfa,16,30.0,8.426934097421203,8.524096385542169,8.524096385542169,8.39240506329114,0.9931655247289554,11.888332732395922,-1.331413540607168,5.0,0.0,48.0,0
1051,2021,20,78,giovinazzi,alfa,18,30.0,13.864406779661016,13.864406779661016,13.864406779661016,13.975,0.9931655247289554,12.828821259482602,-0.4990577543120505,5.0,0.0,48.0,0
1051,2021,20,78,mick_schumacher,haas,19,30.0,16.94736842105263,16.94736842105263,16.94736842105263,16.583333333333332,0.0030267575122269,17.529449285062714,-1.1427317807716049,5.0,0.0,48.0,0
1051,2021,20,78,russell,williams,15,30.0,14.807017543859647,14.807017543859647,14.807017543859647,14.63157894736842,1.0262022502539976,12.9907402271537,0.666313086904288,5.0,0.0,48.0,0
1051,2021,20,78,mazepin,haas,20,30.0,17.736842105263158,17.736842105263158,17.736842105263158,17.833333333333332,0.0030267575122269,17.656025409636523,-0.2227641551303614,5.0,0.0,48.0,0
1051,2021,20,78,latifi,williams,17,30.0,15.63888888888889,15.63888888888889,15.63888888888889,15.72,1.0262022502539976,15.427866701690617,-1.1764045333166566,5.0,0.0,48.0,0
1051,2021,20,78,bottas,mercedes,6,30.0,7.005681818181818,7.005681818181818,7.005681818181818,7.188034188034188,28.32833504942236,6.43585094567014,-0.841315612804787,5.0,0.0,48.0,0
1072,2021,21,77,hamilton,mercedes,1,47.0,4.713286713286713,4.701067615658363,4.701067615658363,4.290697674418604,27.72318322225465,2.8838000741625724,1.1840844677801554,2.0,0.0,27.25,1
1072,2021,21,77,max_verstappen,red_bull,3,47.0,7.086330935251799,7.086330935251799,7.086330935251799,7.0,28.906787058165737,3.4276213816505163,0.5528185067354572,2.0,0.0,27.25,0
1072,2021,21,77,bottas,mercedes,2,47.0,7.0790960451977405,7.0790960451977405,7.0790960451977405,6.6440677966101696,27.72318322225465,8.902059864639208,-3.233803683203918,2.0,0.0,27.25,0
1072,2021,21,77,ocon,alpine,9,47.0,11.114942528735632,11.114942528735632,11.114942528735632,11.566666666666666,8.887394309687755,10.269037919200832,0.6551588143484639,2.0,0.0,27.25,0
1072,2021,21,77,ricciardo,mclaren,11,47.0,9.620192307692308,9.620192307692308,9.620192307692308,8.863636363636363,8.66554165993062,10.350157419322247,-0.3853148365625424,2.0,0.0,27.25,0
1072,2021,21,77,gasly,alphatauri,6,47.0,10.773809523809524,10.773809523809524,10.773809523809524,11.827586206896552,5.082968244604982,9.831136565581035,-4.381702425996414,2.0,0.0,27.25,0
1072,2021,21,77,leclerc,ferrari,4,47.0,8.835443037974683,8.835443037974683,8.835443037974683,8.74074074074074,15.067371858190487,6.861004933362935,1.1457621455762856,2.0,0.0,27.25,0
1072,2021,21,77,sainz,ferrari,15,47.0,10.424460431654676,10.424460431654676,10.424460431654676,10.270833333333334,15.067371858190487,6.438802755005489,0.3959832313169429,2.0,0.0,27.25,0
1072,2021,21,77,giovinazzi,alfa,10,47.0,13.883333333333333,13.883333333333333,13.883333333333333,13.63157894736842,0.8125883827433381,13.223583360319386,0.137138319398723,2.0,0.0,27.25,0
1072,2021,21,77,norris,mclaren,7,47.0,8.89655172413793,8.89655172413793,8.89655172413793,8.578947368421053,8.66554165993062,8.345262745894479,-1.0693723792447845,2.0,0.0,27.25,0
1072,2021,21,77,stroll,aston_martin,18,47.0,12.46938775510204,12.46938775510204,12.46938775510204,12.235294117647058,3.756524919214775,12.09250151794386,0.7863165293391134,2.0,0.0,27.25,0
1072,2021,21,77,latifi,williams,16,47.0,15.72972972972973,15.72972972972973,15.72972972972973,15.454545454545457,0.8396200229350888,16.077732979447827,-1.3262385052360504,2.0,0.0,27.25,0
1072,2021,21,77,alonso,alpine,13,47.0,8.326347305389222,8.25705329153605,8.25705329153605,9.75728155339806,8.887394309687755,9.070121454475268,0.535162825648962,2.0,0.0,27.25,0
1072,2021,21,77,tsunoda,alphatauri,8,47.0,13.6,13.6,13.6,15.285714285714286,5.082968244604982,14.501005635622963,-3.040028165721869,2.0,0.0,27.25,0
1072,2021,21,77,raikkonen,alfa,12,47.0,8.442857142857143,8.54054054054054,8.54054054054054,8.5,0.8125883827433381,12.272272235596663,-0.7257019877695006,2.0,0.0,27.25,0
1072,2021,21,77,vettel,aston_martin,17,47.0,6.733812949640288,6.6678832116788325,6.6678832116788325,6.63855421686747,3.756524919214775,11.284717734760978,-0.5519180410577826,2.0,0.0,27.25,0
1072,2021,21,77,perez,red_bull,5,47.0,10.0,10.0,10.0,9.328358208955224,28.906787058165737,5.624103709817555,-0.092751395044134,2.0,0.0,27.25,0
1072,2021,21,77,mazepin,haas,20,47.0,17.75,17.75,17.75,17.571428571428573,0.0024764379645301,17.719717257529346,0.1888126311682579,2.0,0.0,27.25,0
1072,2021,21,77,russell,williams,14,47.0,14.844827586206897,14.844827586206897,14.844827586206897,15.157894736842104,0.8396200229350888,13.719702976294707,0.1815246152107861,2.0,0.0,27.25,0
1072,2021,21,77,mick_schumacher,haas,19,47.0,16.9,16.9,16.9,17.571428571428573,0.0024764379645301,17.246249729185447,-0.37564534522166,2.0,0.0,27.25,0
1073,2021,22,24,max_verstappen,red_bull,1,29.0,7.05,5.166666666666667,7.05,6.8979591836734695,26.92373486577197,3.168053857713896,0.6341242327836071,3.0,0.0,31.857142857142858,1
1073,2021,22,24,hamilton,mercedes,2,29.0,4.700348432055749,5.083333333333333,4.687943262411348,4.252873563218391,30.137149909117447,2.5412909697693773,0.968796382729218,3.0,0.0,31.857142857142858,0
1073,2021,22,24,sainz,ferrari,5,29.0,10.407142857142857,11.666666666666666,10.407142857142857,10.224489795918368,14.146031520337672,6.7226567995501245,1.596713552896437,3.0,0.0,31.857142857142858,0
1073,2021,22,24,tsunoda,alphatauri,8,29.0,13.61904761904762,13.61904761904762,13.61904761904762,15.125,5.613596525864254,14.40854661664392,-3.5862816857300133,3.0,0.0,31.857142857142858,0
1073,2021,22,24,gasly,alphatauri,12,29.0,10.717647058823529,14.5,10.717647058823529,11.633333333333333,5.613596525864254,9.13456625369038,-3.585029226479325,3.0,0.0,31.857142857142858,0
1073,2021,22,24,bottas,mercedes,6,29.0,7.056179775280899,8.0,7.056179775280899,6.583333333333333,30.137149909117447,7.828958071068442,-2.8276575589850235,3.0,0.0,31.857142857142858,0
1073,2021,22,24,norris,mclaren,3,29.0,8.915254237288135,6.5,8.915254237288135,8.65,9.089988630852323,8.646126235069536,-1.4203981151052707,3.0,0.0,31.857142857142858,0
1073,2021,22,24,alonso,alpine,11,29.0,8.340298507462686,8.6,8.271875,9.788461538461538,9.461815929191138,9.784644826388854,0.437860493712787,3.0,0.0,31.857142857142858,0
1073,2021,22,24,ocon,alpine,9,29.0,11.034090909090908,11.75,11.034090909090908,11.32258064516129,9.461815929191138,9.129212818569409,1.4451299559322006,3.0,0.0,31.857142857142858,0
1073,2021,22,24,leclerc,ferrari,7,29.0,8.8125,7.666666666666667,8.8125,8.678571428571429,14.146031520337672,6.88627676635598,0.3919871296222121,3.0,0.0,31.857142857142858,0
1073,2021,22,24,vettel,aston_martin,15,29.0,6.767025089605735,5.75,6.701818181818182,6.75,3.0632700252472387,12.142041782986256,-0.269751124501822,3.0,0.0,31.857142857142858,0
1073,2021,22,24,ricciardo,mclaren,10,29.0,9.598086124401911,10.4,9.598086124401911,8.805970149253731,9.089988630852323,9.37740152490002,0.7756514973579206,3.0,0.0,31.857142857142858,0
1073,2021,22,24,stroll,aston_martin,13,29.0,12.454545454545457,15.25,12.454545454545457,12.2,3.0632700252472387,11.89386487784976,1.9160771630298203,3.0,0.0,31.857142857142858,0
1073,2021,22,24,mick_schumacher,haas,19,29.0,17.047619047619047,17.047619047619047,17.047619047619047,17.875,0.0020261765164209,17.7544457063349,-0.490868038882633,3.0,0.0,31.857142857142858,0
1073,2021,22,24,perez,red_bull,4,29.0,10.032710280373832,9.7,10.032710280373832,9.441176470588236,26.92373486577197,7.692448489850728,-2.2577056868542926,3.0,0.0,31.857142857142858,0
1073,2021,22,24,latifi,williams,16,29.0,15.63157894736842,17.0,15.63157894736842,15.166666666666666,0.6869618369468907,15.335965105883613,-0.3573588287007382,3.0,0.0,31.857142857142858,0
1073,2021,22,24,giovinazzi,alfa,14,29.0,13.80327868852459,16.0,13.80327868852459,13.4,1.0284829613953117,12.45565540481754,0.2940230188911749,3.0,0.0,31.857142857142858,0
1073,2021,22,24,russell,williams,17,29.0,14.915254237288137,16.0,14.915254237288137,15.35,0.6869618369468907,14.679763905902163,-0.7605775651268691,3.0,0.0,31.857142857142858,0
1073,2021,22,24,raikkonen,alfa,18,29.0,8.461538461538462,10.2,8.559880239520957,8.557522123893806,1.0284829613953117,12.768222738215457,-1.1392107172659554,3.0,0.0,31.857142857142858,0
1073,2021,22,24,mazepin,haas,20,29.0,17.761904761904763,17.761904761904763,17.761904761904763,17.625,0.0020261765164209,17.771442558729543,0.5230615804863553,3.0,0.0,31.857142857142858,0
1074,2022,1,3,leclerc,ferrari,1,58.0,8.82716049382716,10.2,8.82716049382716,8.884615384615385,14.483116698458096,7.452408312785144,-0.2247378568543419,5.0,0.0,49.0,1
1074,2022,1,3,sainz,ferrari,3,58.0,10.354609929078014,12.5,10.354609929078014,10.505494505494504,14.483116698458096,6.045810108722481,1.6700383614607586,5.0,0.0,49.0,0
1074,2022,1,3,hamilton,mercedes,5,58.0,4.690972222222222,3.4285714285714284,4.678445229681979,4.895,29.38494083473245,2.4428744298113085,0.79265158586936,5.0,0.0,49.0,0
1074,2022,1,3,russell,mercedes,9,58.0,14.966666666666669,12.5,14.966666666666669,14.692307692307692,29.38494083473245,15.28344675859436,-0.8041091738397715,5.0,0.0,49.0,0
1074,2022,1,3,kevin_magnussen,haas,7,58.0,13.133333333333333,14.0,13.133333333333333,13.0,0.0016577807861539,16.301171097093835,0.4511838172744728,5.0,0.0,49.0,0
1074,2022,1,3,bottas,alfa,6,58.0,7.050279329608938,6.1,7.050279329608938,7.296610169491525,0.8414849556859799,7.496420239965088,-2.313538002805928,5.0,0.0,49.0,0
1074,2022,1,3,ocon,alpine,11,58.0,11.01123595505618,8.8,11.01123595505618,10.87719298245614,8.824687177144312,9.10571957841782,1.18237905024916,5.0,0.0,49.0,0
1074,2022,1,3,tsunoda,alphatauri,16,58.0,13.181818181818182,9.0,13.181818181818182,12.692307692307692,8.59413231214198,12.492909144251492,-2.190067016328397,5.0,0.0,49.0,0
1074,2022,1,3,alonso,alpine,8,58.0,8.339285714285714,7.642857142857143,8.271028037383177,7.688311688311688,8.824687177144312,9.460163948863608,0.9037040403104624,5.0,0.0,49.0,0
1074,2022,1,3,zhou,alfa,15,58.0,10.5,10.5,10.5,10.5,0.8414849556859799,10.5,0.0,5.0,0.0,49.0,0
1074,2022,1,3,mick_schumacher,haas,12,58.0,16.90909090909091,16.0,16.90909090909091,16.53846153846154,0.0016577807861539,17.063460005063476,0.5196969284131592,5.0,0.0,49.0,0
1074,2022,1,3,stroll,aston_martin,19,58.0,12.46,12.833333333333334,12.46,12.59375,2.4994915204714974,12.094980354991987,1.567699496352919,5.0,0.0,49.0,0
1074,2022,1,3,albon,williams,14,58.0,8.868421052631579,6.0,8.868421052631579,8.615384615384615,0.5620596847747287,7.564822695273284,-0.7456675748080346,5.0,0.0,49.0,0
1074,2022,1,3,ricciardo,mclaren,18,58.0,9.60952380952381,9.727272727272728,9.60952380952381,9.971830985915492,8.528172516151901,9.854237611281834,0.2709875887473892,5.0,0.0,49.0,0
1074,2022,1,3,norris,mclaren,13,58.0,8.883333333333333,6.0,8.883333333333333,9.051282051282053,8.528172516151901,8.346828789552111,-1.88941940773312,5.0,0.0,49.0,0
1074,2022,1,3,latifi,williams,20,58.0,15.64102564102564,16.666666666666668,15.64102564102564,15.846153846153848,0.5620596847747287,15.456746933840854,-0.2923585509298396,5.0,0.0,49.0,0
1074,2022,1,3,hulkenberg,aston_martin,17,58.0,11.62087912087912,11.444444444444445,11.62087912087912,11.728,2.4994915204714974,11.415413898076482,0.0618509613143032,5.0,0.0,49.0,0
1074,2022,1,3,perez,red_bull,4,58.0,10.055813953488371,9.181818181818182,10.055813953488371,10.308219178082192,26.755783071995243,9.02109421896878,-3.847213743789877,5.0,0.0,49.0,0
1074,2022,1,3,max_verstappen,red_bull,2,58.0,7.00709219858156,11.0,7.00709219858156,7.131868131868132,26.755783071995243,2.773862247220257,0.5188289177319828,5.0,0.0,49.0,0
1074,2022,1,3,gasly,alphatauri,10,58.0,10.651162790697674,9.2,10.651162790697674,10.21818181818182,8.59413231214198,8.382826910785528,-1.660478396452141,5.0,0.0,49.0,0
1075,2022,2,77,max_verstappen,red_bull,4,19.0,7.091549295774648,2.0,7.091549295774648,6.78,21.891095240723377,5.7240691113632725,-2.6664127036751752,2.0,0.0,27.25,1
1075,2022,2,77,leclerc,ferrari,2,19.0,8.731707317073171,7.0,8.731707317073171,8.724137931034482,19.849822753283902,6.279243081244463,-0.1838764254179492,2.0,0.0,27.25,0
1075,2022,2,77,sainz,ferrari,3,19.0,10.295774647887324,8.0,10.295774647887324,10.08,19.849822753283902,5.310208270772629,1.5482132048314785,2.0,0.0,27.25,0
1075,2022,2,77,perez,red_bull,1,19.0,10.092592592592592,17.0,10.092592592592592,9.521739130434783,21.891095240723377,10.653622542792638,-5.693174881282628,2.0,0.0,27.25,0
1075,2022,2,77,russell,mercedes,6,19.0,14.78688524590164,19.0,14.78688524590164,15.476190476190476,28.95131522841746,13.231901077799252,0.2511884990441481,2.0,0.0,27.25,0
1075,2022,2,77,ocon,alpine,5,19.0,10.966666666666669,4.0,10.966666666666669,11.25,8.673245085348807,8.722861467761579,1.6946737757308838,2.0,0.0,27.25,0
1075,2022,2,77,norris,mclaren,11,19.0,8.98360655737705,10.0,8.98360655737705,8.571428571428571,6.977595695033373,9.556502123632262,-1.909525067049684,2.0,0.0,27.25,0
1075,2022,2,77,gasly,alphatauri,9,19.0,10.758620689655173,6.0,10.758620689655173,11.419354838709678,7.758562645646605,10.495040255026913,-3.176755091335593,2.0,0.0,27.25,0
1075,2022,2,77,kevin_magnussen,haas,10,19.0,13.06611570247934,13.06611570247934,13.06611570247934,13.4,1.8195381843142624,14.246412715745487,0.7327867595962304,2.0,0.0,27.25,0
1075,2022,2,77,hamilton,mercedes,15,19.0,4.685121107266436,1.0,4.672535211267606,4.227272727272728,28.95131522841746,2.544169988027434,1.0121694793476583,2.0,0.0,27.25,0
1075,2022,2,77,zhou,alfa,12,19.0,10.0,10.0,10.0,10.5,2.3248584902946026,10.0,5.0,2.0,0.0,27.25,0
1075,2022,2,77,hulkenberg,aston_martin,17,19.0,11.650273224043715,11.650273224043715,11.650273224043715,11.385964912280702,2.040495388633868,12.430793189335304,0.0506053319844299,2.0,0.0,27.25,0
1075,2022,2,77,stroll,aston_martin,13,19.0,12.455445544554456,11.0,12.455445544554456,12.22222222222222,2.040495388633868,12.077711199511665,2.555390498573616,2.0,0.0,27.25,0
1075,2022,2,77,albon,williams,16,19.0,8.974358974358974,8.974358974358974,8.974358974358974,9.416666666666666,0.459867014815687,8.553431360199184,-0.4281467298055035,2.0,0.0,27.25,0
1075,2022,2,77,bottas,alfa,8,19.0,7.044444444444444,3.0,7.044444444444444,6.573770491803279,2.3248584902946026,7.224343832698708,-1.892894729568486,2.0,0.0,27.25,0
1075,2022,2,77,alonso,alpine,7,19.0,8.341246290801188,13.0,8.273291925465838,9.771428571428572,8.673245085348807,9.376497776342951,0.5575760329812872,2.0,0.0,27.25,0
1075,2022,2,77,ricciardo,mclaren,14,19.0,9.630331753554502,5.0,9.630331753554502,8.852941176470589,6.977595695033373,10.608012591048771,0.9489898453387732,2.0,0.0,27.25,0
1075,2022,2,77,latifi,williams,18,19.0,15.65,12.0,15.65,15.23076923076923,0.459867014815687,15.555552486766157,0.4883252342106033,2.0,0.0,27.25,0
1075,2022,2,77,tsunoda,alphatauri,19,19.0,12.956521739130435,14.0,12.956521739130435,13.88888888888889,7.758562645646605,11.667850166847828,-0.3188058796718281,2.0,0.0,27.25,0
1075,2022,2,77,mick_schumacher,haas,22,19.0,16.652173913043477,20.0,16.652173913043477,17.444444444444443,1.8195381843142624,15.949991659569225,0.6078977685290342,2.0,0.0,27.25,0
1076,2022,3,1,leclerc,ferrari,1,22.0,8.650602409638553,9.0,8.650602409638553,8.735849056603774,22.422582252686837,5.501198839203951,-0.1504443461162466,4.0,0.0,35.0,1
1076,2022,3,1,perez,red_bull,3,22.0,10.064516129032258,11.666666666666666,10.064516129032258,10.360544217687076,24.638168833319128,9.443872989557612,-5.203506721049423,4.0,0.0,35.0,0
1076,2022,3,1,russell,mercedes,6,22.0,14.629032258064516,16.0,14.629032258064516,14.425,25.68743973234156,11.73518587764896,0.3873365825713622,4.0,0.0,35.0,0
1076,2022,3,1,hamilton,mercedes,5,22.0,4.703448275862069,5.230769230769231,4.691228070175439,4.885572139303482,25.68743973234156,3.89977544474972,1.7372295740117207,4.0,0.0,35.0,0
1076,2022,3,1,norris,mclaren,4,22.0,8.951612903225806,12.0,8.951612903225806,9.2,6.799851023209123,9.0916817192695,-0.8350617189202573,4.0,0.0,35.0,0
1076,2022,3,1,ricciardo,mclaren,7,22.0,9.66509433962264,12.5,9.66509433962264,10.0,6.799851023209123,11.770192119948996,0.2309916916408141,4.0,0.0,35.0,0
1076,2022,3,1,ocon,alpine,8,22.0,10.912087912087912,11.0,10.912087912087912,10.810344827586206,8.54983749187634,8.22779574054278,1.2047330834868788,4.0,0.0,35.0,0
1076,2022,3,1,bottas,alfa,12,22.0,7.088397790055248,8.142857142857142,7.088397790055248,7.285714285714286,1.9021552765732044,8.638099499480763,-2.821459324192398,4.0,0.0,35.0,0
1076,2022,3,1,gasly,alphatauri,11,22.0,10.727272727272728,14.5,10.727272727272728,10.392857142857142,7.075004969887352,10.04139656257848,-2.4173450584638663,4.0,0.0,35.0,0
1076,2022,3,1,albon,williams,20,22.0,9.1,14.0,9.1,8.777777777777779,0.3762548303037439,9.544040082955076,0.013478720959859,4.0,0.0,35.0,0
1076,2022,3,1,zhou,alfa,14,22.0,10.5,10.5,10.5,10.0,1.9021552765732044,10.55,2.8000000000000003,4.0,0.0,35.0,0
1076,2022,3,1,stroll,aston_martin,19,22.0,12.46078431372549,13.0,12.46078431372549,12.584615384615384,1.666467221354332,12.245400072544092,2.090774043688021,4.0,0.0,35.0,0
1076,2022,3,1,mick_schumacher,haas,15,22.0,16.791666666666668,16.791666666666668,16.791666666666668,16.142857142857142,1.8523494235303632,16.692368832032397,-3.1695840512203803,4.0,0.0,35.0,0
1076,2022,3,1,kevin_magnussen,haas,16,22.0,13.0327868852459,11.5,13.0327868852459,12.901234567901234,1.8523494235303632,13.292519494678611,0.7813709851253213,4.0,0.0,35.0,0
1076,2022,3,1,tsunoda,alphatauri,13,22.0,13.208333333333334,13.208333333333334,13.208333333333334,12.357142857142858,7.075004969887352,13.011852500589416,-0.2603679240872149,4.0,0.0,35.0,0
1076,2022,3,1,latifi,williams,18,22.0,15.707317073170731,15.707317073170731,15.707317073170731,15.851851851851851,0.3762548303037439,16.00011627835201,0.3995150975754672,4.0,0.0,35.0,0
1076,2022,3,1,alonso,alpine,10,22.0,8.363905325443787,6.0,8.297213622291022,7.693965517241379,8.54983749187634,10.58077090791696,-1.1801650639244026,4.0,0.0,35.0,0
1076,2022,3,1,max_verstappen,red_bull,2,22.0,7.048951048951049,7.4,7.048951048951049,7.260869565217392,24.638168833319128,4.865147454751472,-1.6361558484611514,4.0,0.0,35.0,0
1076,2022,3,1,vettel,aston_martin,17,22.0,6.7821428571428575,7.166666666666667,6.717391304347826,6.774358974358974,1.666467221354332,11.9343978224433,0.506567261771237,4.0,0.0,35.0,0
1076,2022,3,1,sainz,ferrari,9,22.0,10.244755244755243,11.2,10.244755244755243,10.41304347826087,22.422582252686837,4.890170403359278,1.2667198948620215,4.0,0.0,35.0,0
1077,2022,4,21,max_verstappen,red_bull,1,25.0,7.125,9.0,7.125,6.666666666666667,23.43122904544292,7.253302462979152,-4.247763876014407,3.0,0.0,34.5,1
1077,2022,4,21,perez,red_bull,3,25.0,10.027522935779816,8.5,10.027522935779816,9.442857142857145,23.43122904544292,8.090441536910772,-4.075596408131346,3.0,0.0,34.5,0
1077,2022,4,21,norris,mclaren,5,25.0,8.88888888888889,5.5,8.88888888888889,8.5,8.83624174626201,8.347737183690324,-0.8650505942375202,3.0,0.0,34.5,0
1077,2022,4,21,russell,mercedes,11,25.0,14.444444444444445,17.5,14.444444444444445,15.0,25.926087053734,10.146965129602716,0.8623678303710239,3.0,0.0,34.5,0
1077,2022,4,21,bottas,alfa,7,25.0,7.093406593406593,10.0,7.093406593406593,6.709677419354839,2.283582822889199,8.522081408666079,-1.5811939925210523,3.0,0.0,34.5,0
1077,2022,4,21,leclerc,ferrari,2,25.0,8.55952380952381,4.5,8.55952380952381,8.5,23.07302184310741,4.682799011142109,-0.1230908273331956,3.0,0.0,34.5,0
1077,2022,4,21,tsunoda,alphatauri,12,25.0,13.28,12.0,13.28,14.4,6.152075021330569,13.375744983372716,-0.5787743981647375,3.0,0.0,34.5,0
1077,2022,4,21,vettel,aston_martin,13,25.0,6.825622775800712,13.5,6.76173285198556,6.8,1.3614521785391518,13.219052763817244,0.0508277596310118,3.0,0.0,34.5,0
1077,2022,4,21,kevin_magnussen,haas,8,25.0,13.040650406504064,18.0,13.040650406504064,13.292682926829269,1.515558619247814,13.42115231383041,1.0029398969249446,3.0,0.0,34.5,0
1077,2022,4,21,stroll,aston_martin,15,25.0,12.45631067961165,10.5,12.45631067961165,12.243243243243244,1.3614521785391518,12.200781877488971,2.9833605821415747,3.0,0.0,34.5,0
1077,2022,4,21,albon,williams,18,25.0,9.121951219512194,15.0,9.121951219512194,9.76923076923077,0.4896630429757905,9.626964043660005,1.8296951627232332,3.0,0.0,34.5,0
1077,2022,4,21,gasly,alphatauri,17,25.0,10.707865168539326,13.5,10.707865168539326,11.3125,6.152075021330569,9.85205172970067,-1.6141913973959348,3.0,0.0,34.5,0
1077,2022,4,21,hamilton,mercedes,14,25.0,4.701030927835052,1.5,4.688811188811189,4.292134831460674,25.926087053734,3.9179980911588617,1.6031878332823168,3.0,0.0,34.5,0
1077,2022,4,21,ocon,alpine,16,25.0,10.869565217391305,14.0,10.869565217391305,11.090909090909092,8.083138368251007,8.004560149210553,1.1675088861319842,3.0,0.0,34.5,0
1077,2022,4,21,zhou,alfa,22,25.0,10.666666666666666,10.666666666666666,10.666666666666666,11.0,2.283582822889199,10.730897009966776,2.8803986710963456,3.0,0.0,34.5,0
1077,2022,4,21,latifi,williams,19,25.0,15.714285714285714,15.5,15.714285714285714,15.428571428571429,0.4896630429757905,16.000095132210465,0.6905759846928582,3.0,0.0,34.5,0
1077,2022,4,21,mick_schumacher,haas,10,25.0,16.64,16.0,16.64,17.7,1.515558619247814,16.016551136394483,-2.22339028244154,3.0,0.0,34.5,0
1077,2022,4,21,ricciardo,mclaren,6,25.0,9.647887323943662,4.5,9.647887323943662,8.971014492753623,8.83624174626201,10.721066279958269,0.370811384069757,3.0,0.0,34.5,0
1077,2022,4,21,alonso,alpine,9,25.0,8.389380530973451,7.5,8.324074074074074,9.830188679245284,8.083138368251007,11.74790347011388,-2.2383168704836027,3.0,0.0,34.5,0
1077,2022,4,21,sainz,ferrari,4,25.0,10.3125,6.0,10.3125,9.941176470588236,23.07302184310741,7.637412148203822,-0.9635928132953396,3.0,0.0,34.5,0
1078,2022,5,79,max_verstappen,red_bull,3,25.0,7.082758620689655,7.082758620689655,7.082758620689655,6.557692307692308,27.171005582635125,6.116338378800862,-3.4754431712843363,1.0,0.0,24.33333333333333,1
1078,2022,5,79,leclerc,ferrari,1,25.0,8.529411764705882,8.529411764705882,8.529411764705882,8.419354838709678,20.33247241708788,4.922290109390721,-0.8279834317467072,1.0,0.0,24.33333333333333,0
1078,2022,5,79,sainz,ferrari,2,25.0,10.379310344827584,10.379310344827584,10.379310344827584,10.134615384615383,20.33247241708788,9.885155393985466,-3.6974850290604544,1.0,0.0,24.33333333333333,0
1078,2022,5,79,perez,red_bull,4,25.0,9.990867579908675,9.990867579908675,9.990867579908675,9.338028169014084,27.171005582635125,6.983088530199722,-3.1527606975620097,1.0,0.0,24.33333333333333,0
1078,2022,5,79,russell,mercedes,12,25.0,14.28125,14.28125,14.28125,14.521739130434783,23.39407122578236,9.029332150150664,1.9783039035217311,1.0,0.0,24.33333333333333,0
1078,2022,5,79,hamilton,mercedes,6,25.0,4.72945205479452,4.7177700348432055,4.7177700348432055,4.388888888888889,23.39407122578236,5.569271165493616,1.4935173181400776,1.0,0.0,24.33333333333333,0
1078,2022,5,79,bottas,alfa,5,25.0,7.081967213114754,7.081967213114754,7.081967213114754,6.682539682539683,3.686571474771581,7.88170297072679,-0.9300678120626786,1.0,0.0,24.33333333333333,0
1078,2022,5,79,ocon,alpine,20,25.0,10.903225806451612,10.903225806451612,10.903225806451612,11.176470588235292,6.605466089764198,9.09464013064172,1.3188709080239005,1.0,0.0,24.33333333333333,0
1078,2022,5,79,albon,williams,18,25.0,9.166666666666666,9.166666666666666,9.166666666666666,9.857142857142858,0.400633398798374,9.876661534021205,2.7699561488315183,1.0,0.0,24.33333333333333,0
1078,2022,5,79,stroll,aston_martin,22,25.0,12.432692307692308,12.432692307692308,12.432692307692308,12.18421052631579,2.026612293926936,11.800639717599903,3.3500222947961693,1.0,0.0,24.33333333333333,0
1078,2022,5,79,alonso,alpine,11,25.0,8.420588235294117,8.356923076923078,8.356923076923078,9.91588785046729,6.605466089764198,13.066466475547722,-3.6495319849411305,1.0,0.0,24.33333333333333,0
1078,2022,5,79,tsunoda,alphatauri,9,25.0,13.038461538461538,13.038461538461538,13.038461538461538,13.727272727272728,6.124420070755041,12.21019997010954,0.4410770383118694,1.0,0.0,24.33333333333333,0
1078,2022,5,79,ricciardo,mclaren,14,25.0,9.686915887850468,9.686915887850468,9.686915887850468,9.1,9.956925065123464,12.044508774511312,-1.878427049397473,1.0,0.0,24.33333333333333,0
1078,2022,5,79,latifi,williams,19,25.0,15.72093023255814,15.72093023255814,15.72093023255814,15.466666666666669,0.400633398798374,16.000077832350463,1.110546381162041,1.0,0.0,24.33333333333333,0
1078,2022,5,79,mick_schumacher,haas,15,25.0,16.653846153846153,16.653846153846153,16.653846153846153,17.636363636363637,1.6036388702945863,16.19633466314533,-3.0965986135657886,1.0,0.0,24.33333333333333,0
1078,2022,5,79,kevin_magnussen,haas,16,25.0,13.008064516129032,13.008064516129032,13.008064516129032,13.19047619047619,1.6036388702945863,12.61730643857597,0.6387690065692702,1.0,0.0,24.33333333333333,0
1078,2022,5,79,vettel,aston_martin,22,25.0,6.829787234042553,6.766187050359712,6.766187050359712,6.813953488372093,2.026612293926936,12.270134079486835,0.9506772578799194,1.0,0.0,24.33333333333333,0
1078,2022,5,79,gasly,alphatauri,7,25.0,10.72222222222222,10.72222222222222,10.72222222222222,11.333333333333334,6.124420070755041,10.242587784445451,-0.4116111260815246,1.0,0.0,24.33333333333333,0
1078,2022,5,79,norris,mclaren,8,25.0,8.796875,8.796875,8.796875,8.26086956521739,9.956925065123464,7.375418760546671,-0.3441309266607661,1.0,0.0,24.33333333333333,0
1078,2022,5,79,zhou,alfa,17,25.0,11.75,11.75,11.75,13.0,3.686571474771581,12.137376237623762,-3.0103960396039606,1.0,0.0,24.33333333333333,0
1079,2022,6,4,max_verstappen,red_bull,2,53.0,7.041095890410959,5.857142857142857,7.041095890410959,7.376344086021505,29.13991365851965,5.186095037200529,-2.4799080492324506,5.0,0.0,47.785714285714285,1
1079,2022,6,4,perez,red_bull,5,53.0,9.963636363636365,9.545454545454543,9.963636363636365,10.304054054054054,29.13991365851965,6.440708797436136,-2.579531479823462,5.0,0.0,47.785714285714285,0
1079,2022,6,4,russell,mercedes,4,53.0,14.138461538461538,16.0,14.138461538461538,14.146341463414634,22.41333100291284,8.296724719374428,2.891341533155328,5.0,0.0,47.785714285714285,0
1079,2022,6,4,sainz,ferrari,3,53.0,10.32876712328767,7.142857142857143,10.32876712328767,10.516129032258064,22.635659250344627,8.633308958715144,-3.2070332055948243,5.0,0.0,47.785714285714285,0
1079,2022,6,4,hamilton,mercedes,6,53.0,4.733788395904437,5.266666666666667,4.722222222222222,4.881188118811881,22.41333100291284,5.647585499040231,1.2219687148418816,5.0,0.0,47.785714285714285,0
1079,2022,6,4,bottas,alfa,7,53.0,7.081521739130435,6.333333333333333,7.081521739130435,7.291666666666667,4.107195753186722,7.721393339685556,-1.1246009371421917,5.0,0.0,47.785714285714285,0
1079,2022,6,4,ocon,alpine,12,53.0,10.872340425531917,10.75,10.872340425531917,10.745762711864408,6.129634418169724,8.895614651064458,3.260894391770081,5.0,0.0,47.785714285714285,0
1079,2022,6,4,norris,mclaren,11,53.0,8.953846153846154,12.666666666666666,8.953846153846154,9.097560975609756,8.146575053282834,9.488983559459344,-2.281565859696783,5.0,0.0,47.785714285714285,0
1079,2022,6,4,alonso,alpine,20,53.0,8.428152492668621,7.611111111111111,8.365030674846626,7.733905579399142,6.129634418169724,12.69074529817541,-2.9859807149518334,5.0,0.0,47.785714285714285,0
1079,2022,6,4,tsunoda,alphatauri,13,53.0,13.0,20.0,13.0,12.533333333333331,5.010726159867756,12.171811520711074,-0.1873607854072187,5.0,0.0,47.785714285714285,0
1079,2022,6,4,vettel,aston_martin,16,53.0,6.865724381625442,5.714285714285714,6.802867383512544,6.836734693877551,1.839123903340014,13.130109701398322,-2.313082243552796,5.0,0.0,47.785714285714285,0
1079,2022,6,4,ricciardo,mclaren,9,53.0,9.702325581395348,7.4,9.702325581395348,9.97222222222222,8.146575053282834,12.218234451872892,-1.3550766767797502,5.0,0.0,47.785714285714285,0
1079,2022,6,4,gasly,alphatauri,14,53.0,10.802197802197805,11.0,10.802197802197805,10.36842105263158,5.010726159867756,11.653026385637547,-2.336772762105266,5.0,0.0,47.785714285714285,0
1079,2022,6,4,mick_schumacher,haas,10,53.0,16.59259259259259,18.0,16.59259259259259,15.933333333333334,1.3120681666021687,15.977850175940826,-2.5310722763247275,5.0,0.0,47.785714285714285,0
1079,2022,6,4,stroll,aston_martin,17,53.0,12.40952380952381,12.2,12.40952380952381,12.575757575757576,1.839123903340014,11.473250677804922,0.9227455122087956,5.0,0.0,47.785714285714285,0
1079,2022,6,4,latifi,williams,19,53.0,15.681818181818182,17.0,15.681818181818182,15.857142857142858,0.6914273262895789,15.636374089391053,1.81782327626965,5.0,0.0,47.785714285714285,0
1079,2022,6,4,kevin_magnussen,haas,8,53.0,13.032,11.333333333333334,13.032,12.914634146341465,1.3120681666021687,13.232341631570012,0.5226291871915559,5.0,0.0,47.785714285714285,0
1079,2022,6,4,albon,williams,18,53.0,9.16279069767442,9.5,9.16279069767442,8.821428571428571,0.6914273262895789,9.717240011783677,3.9028940454038152,5.0,0.0,47.785714285714285,0
1079,2022,6,4,zhou,alfa,15,53.0,13.4,13.4,13.4,10.5,4.107195753186722,14.394521676045567,-3.0074116193800124,5.0,0.0,47.785714285714285,0
1079,2022,6,4,leclerc,ferrari,1,53.0,8.453488372093023,9.75,8.453488372093023,8.592592592592593,22.635659250344627,4.390964617956176,-0.8592591724297978,5.0,0.0,47.785714285714285,0
1080,2022,7,6,perez,red_bull,3,53.0,9.927601809954751,12.3,9.927601809954751,9.26388888888889,31.841747538788805,5.633307197902292,-1.5650712107646505,3.0,0.0,31.615384615384617,1
1080,2022,7,6,sainz,ferrari,2,53.0,10.285714285714286,7.0,10.285714285714286,10.0,20.70190302300924,7.790889148039533,-2.8057544409411577,3.0,0.0,31.615384615384617,0
1080,2022,7,6,max_verstappen,red_bull,4,53.0,7.0,9.166666666666666,7.0,6.452830188679245,31.841747538788805,4.424986848618497,-1.8471974948264525,3.0,0.0,31.615384615384617,0
1080,2022,7,6,leclerc,ferrari,1,53.0,8.586206896551724,19.33333333333333,8.586206896551724,8.21875,20.70190302300924,7.228971125348089,-4.157575772876456,3.0,0.0,31.615384615384617,0
1080,2022,7,6,russell,mercedes,6,53.0,13.969696969696969,14.5,13.969696969696969,14.125,22.88363445692869,7.33368215626905,2.5474606455692563,3.0,0.0,31.615384615384617,0
1080,2022,7,6,norris,mclaren,5,53.0,8.93939393939394,7.0,8.93939393939394,8.708333333333334,7.392652316322319,9.218258796611398,-1.3212794577761295,3.0,0.0,31.615384615384617,0
1080,2022,7,6,alonso,alpine,7,53.0,8.429824561403509,7.764705882352941,8.36697247706422,9.925925925925926,6.470939506894876,12.019700698507153,-0.4430751304151347,3.0,0.0,31.615384615384617,0
1080,2022,7,6,hamilton,mercedes,8,53.0,4.73469387755102,4.214285714285714,4.72318339100346,4.406593406593407,22.88363445692869,5.529842681032916,1.1816107666888125,3.0,0.0,31.615384615384617,0
1080,2022,7,6,bottas,alfa,12,53.0,7.075675675675676,10.625,7.075675675675676,6.6875,4.814979596625981,7.408412732469999,-0.7383098576617929,3.0,0.0,31.615384615384617,0
1080,2022,7,6,vettel,aston_martin,9,53.0,6.880281690140845,5.230769230769231,6.817857142857143,6.931034482758621,1.5035198090902888,12.742817028416807,-0.9834309265431952,3.0,0.0,31.615384615384617,0
1080,2022,7,6,gasly,alphatauri,17,53.0,10.826086956521738,6.0,10.826086956521738,11.529411764705882,4.281415893527857,11.8979306815086,-1.7300867995358404,3.0,0.0,31.615384615384617,0
1080,2022,7,6,ocon,alpine,10,53.0,10.83157894736842,9.0,10.83157894736842,11.085714285714284,6.470939506894876,8.550957439968167,3.577095413110499,3.0,0.0,31.615384615384617,0
1080,2022,7,6,ricciardo,mclaren,14,53.0,9.712962962962964,7.777777777777778,9.712962962962964,9.154929577464788,7.392652316322319,12.178555460623276,-1.6541536446379776,3.0,0.0,31.615384615384617,0
1080,2022,7,6,stroll,aston_martin,18,53.0,12.433962264150944,14.0,12.433962264150944,12.128205128205128,1.5035198090902888,12.114477827665697,1.1186099646477188,3.0,0.0,31.615384615384617,0
1080,2022,7,6,latifi,williams,19,53.0,15.688888888888888,15.0,15.688888888888888,15.375,0.5657132669642009,15.702495808786386,2.03279023907846,3.0,0.0,31.615384615384617,0
1080,2022,7,6,zhou,alfa,20,53.0,14.333333333333334,14.333333333333334,14.333333333333334,15.333333333333334,4.814979596625981,15.59072347837306,-3.265221107634745,3.0,0.0,31.615384615384617,0
1080,2022,7,6,tsunoda,alphatauri,11,53.0,12.892857142857142,16.0,12.892857142857142,13.583333333333334,4.281415893527857,11.775498451773377,0.3942701354301579,3.0,0.0,31.615384615384617,0
1080,2022,7,6,albon,williams,16,53.0,9.363636363636363,8.0,9.363636363636363,9.8,0.5657132669642009,11.22341680201814,3.1931730786856387,3.0,0.0,31.615384615384617,0
1080,2022,7,6,mick_schumacher,haas,15,53.0,16.5,18.0,16.5,17.416666666666668,1.0735103181273784,15.616931253810128,-2.7991228178499927,3.0,0.0,31.615384615384617,0
1080,2022,7,6,kevin_magnussen,haas,13,53.0,13.063492063492063,13.2,13.063492063492063,13.255813953488373,1.0735103181273784,13.917370425837168,-1.2087579377704554,3.0,0.0,31.615384615384617,0
1081,2022,8,73,max_verstappen,red_bull,3,27.0,6.972972972972973,12.8,6.972972972972973,7.308510638297872,33.32506616809993,4.1658983306878286,-1.3295252230397592,4.0,0.0,36.125,1
1081,2022,8,73,perez,red_bull,2,27.0,9.887387387387388,5.6,9.887387387387388,10.248322147651006,33.32506616809993,4.790887707374602,-0.9168764451710772,4.0,0.0,36.125,0
1081,2022,8,73,russell,mercedes,5,27.0,13.835820895522389,16.0,13.835820895522389,13.88095238095238,21.26842819203256,6.909375695038849,2.2661037569926985,4.0,0.0,36.125,0
1081,2022,8,73,hamilton,mercedes,7,27.0,4.745762711864407,5.6,4.73448275862069,4.8817733990147785,21.26842819203256,5.978962193572386,0.9667724454726644,4.0,0.0,36.125,0
1081,2022,8,73,gasly,alphatauri,6,27.0,10.827956989247312,10.666666666666666,10.827956989247312,10.413793103448276,3.5029003692024223,11.734670556315873,-0.3246164613103962,4.0,0.0,36.125,0
1081,2022,8,73,vettel,aston_martin,9,27.0,6.891228070175439,3.0,6.829181494661921,6.8578680203045685,1.411698112487709,12.244123023250117,-0.9864434853535232,4.0,0.0,36.125,0
1081,2022,8,73,alonso,alpine,10,27.0,8.425655976676385,10.25,8.362804878048781,7.739316239316239,6.385059142826586,11.107027844233125,-0.362516015794201,4.0,0.0,36.125,0
1081,2022,8,73,ricciardo,mclaren,12,27.0,9.728110599078342,10.8,9.728110599078342,9.986206896551725,7.684897349718261,12.327909013237225,-1.1715802547037997,4.0,0.0,36.125,0
1081,2022,8,73,norris,mclaren,11,27.0,8.895522388059701,6.5,8.895522388059701,9.071428571428571,7.684897349718261,8.633119985979075,-1.26286492629045,4.0,0.0,36.125,0
1081,2022,8,73,ocon,alpine,13,27.0,10.84375,15.0,10.84375,10.683333333333334,6.385059142826586,9.17805608994392,2.5630780609108004,4.0,0.0,36.125,0
1081,2022,8,73,bottas,alfa,15,27.0,7.086021505376344,7.0,7.086021505376344,7.2809917355371905,4.303164383114153,7.697792235657272,-0.0586171562687392,4.0,0.0,36.125,0
1081,2022,8,73,albon,williams,17,27.0,9.555555555555555,11.0,9.555555555555555,9.137931034482758,0.4628563093343461,12.455670389023837,2.248846717274243,4.0,0.0,36.125,0
1081,2022,8,73,tsunoda,alphatauri,8,27.0,13.03448275862069,7.0,13.03448275862069,12.375,3.5029003692024223,12.728236730189254,-0.7717867341718135,4.0,0.0,36.125,0
1081,2022,8,73,mick_schumacher,haas,20,27.0,16.586206896551722,13.0,16.586206896551722,15.8125,0.8783266239212834,16.23386648930672,-3.018114361550245,4.0,0.0,36.125,0
1081,2022,8,73,latifi,williams,18,27.0,15.673913043478262,16.0,15.673913043478262,15.862068965517242,0.4628563093343461,15.574756783539971,2.3904997857723687,4.0,0.0,36.125,0
1081,2022,8,73,stroll,aston_martin,19,27.0,12.448598130841122,9.75,12.448598130841122,12.611940298507465,1.411698112487709,12.45730004097957,1.642499062232337,4.0,0.0,36.125,0
1081,2022,8,73,kevin_magnussen,haas,16,27.0,13.118110236220472,11.75,13.118110236220472,12.963855421686748,0.8783266239212834,15.023303075694413,-2.261711040003011,4.0,0.0,36.125,0
1081,2022,8,73,zhou,alfa,14,27.0,14.571428571428571,14.571428571428571,14.571428571428571,13.333333333333334,4.303164383114153,15.68934267905188,-1.5145946716455607,4.0,0.0,36.125,0
1081,2022,8,73,leclerc,ferrari,1,27.0,8.534090909090908,5.0,8.534090909090908,8.8,22.392466109734837,6.641885453619527,-3.9471074460274127,4.0,0.0,36.125,0
1081,2022,8,73,sainz,ferrari,4,27.0,10.22972972972973,9.8,10.22972972972973,10.4468085106383,22.392466109734837,6.738000212032213,-2.2956172698608825,4.0,0.0,36.125,0
1082,2022,9,7,max_verstappen,red_bull,1,32.0,6.932885906040268,9.0,6.932885906040268,6.388888888888889,35.2659632284454,3.590280452380891,-0.724157000668831,3.0,0.0,34.833333333333336,1
1082,2022,9,7,sainz,ferrari,3,32.0,10.295302013422818,12.0,10.295302013422818,9.851851851851851,18.32110863523759,9.149272900753878,-4.787323220795526,3.0,0.0,34.833333333333336,0
1082,2022,9,7,hamilton,mercedes,4,32.0,4.743243243243243,6.25,4.731958762886598,4.445652173913044,22.310532157117557,5.619150885650134,1.336450182659453,3.0,0.0,34.833333333333336,0
1082,2022,9,7,russell,mercedes,8,32.0,13.676470588235292,16.0,13.676470588235292,13.76,22.310532157117557,6.19857927169374,2.2177211983787646,3.0,0.0,34.833333333333336,0
1082,2022,9,7,leclerc,ferrari,19,32.0,8.651685393258427,6.5,8.651685393258427,8.090909090909092,18.32110863523759,8.888815410518552,-6.502178864252161,3.0,0.0,34.833333333333336,0
1082,2022,9,7,ocon,alpine,7,32.0,10.835051546391751,7.5,10.835051546391751,11.11111111111111,6.497138855161594,9.327500437752754,2.642518413752033,3.0,0.0,34.833333333333336,0
1082,2022,9,7,bottas,alfa,11,32.0,7.106951871657754,5.0,7.106951871657754,6.723076923076923,3.520769931625344,8.29819364735595,0.6793132357801229,3.0,0.0,34.833333333333336,0
1082,2022,9,7,zhou,alfa,10,32.0,15.0,15.0,15.0,15.5,3.520769931625344,16.215028355255107,-2.080036361692013,3.0,0.0,34.833333333333336,0
1082,2022,9,7,alonso,alpine,2,32.0,8.421511627906977,11.25,8.358662613981762,9.89908256880734,6.497138855161594,10.36029550891801,0.2488505325320177,3.0,0.0,34.833333333333336,0
1082,2022,9,7,stroll,aston_martin,17,32.0,12.48148148148148,12.666666666666666,12.48148148148148,12.175,2.6124883538821466,13.10142730650533,1.8893174146492648,3.0,0.0,34.833333333333336,0
1082,2022,9,7,ricciardo,mclaren,9,32.0,9.720183486238533,7.875,9.720183486238533,9.208333333333334,7.378552377042213,11.54101646537591,-0.2312929356667444,3.0,0.0,34.833333333333336,0
1082,2022,9,7,vettel,aston_martin,16,32.0,6.888111888111888,3.272727272727273,6.826241134751773,6.965909090909091,2.6124883538821466,11.10882792811373,-0.2616355789256095,3.0,0.0,34.833333333333336,0
1082,2022,9,7,albon,williams,12,32.0,9.608695652173912,19.0,9.608695652173912,10.3125,0.3787006167281013,12.372813109877765,2.7491054152527856,3.0,0.0,34.833333333333336,0
1082,2022,9,7,gasly,alphatauri,15,32.0,10.76595744680851,9.5,10.76595744680851,11.514285714285714,4.684285907548692,10.510184992754567,-0.0837771031610761,3.0,0.0,34.833333333333336,0
1082,2022,9,7,norris,mclaren,14,32.0,8.897058823529411,20.0,8.897058823529411,8.6,7.378552377042213,8.699825522132537,-0.6696160547612565,3.0,0.0,34.833333333333336,0
1082,2022,9,7,latifi,williams,18,32.0,15.659574468085106,15.659574468085106,15.659574468085106,15.352941176470589,0.3787006167281013,15.470247172986689,2.501326890115093,3.0,0.0,34.833333333333336,0
1082,2022,9,7,kevin_magnussen,haas,5,32.0,13.1484375,13.4,13.1484375,13.409090909090908,0.7186308741166658,15.38270251647976,-2.032309032728132,3.0,0.0,34.833333333333336,0
1082,2022,9,7,tsunoda,alphatauri,20,32.0,13.033333333333331,13.033333333333331,13.033333333333331,13.846153846153848,4.684285907548692,12.777768565240214,-1.5424249524605804,3.0,0.0,34.833333333333336,0
1082,2022,9,7,mick_schumacher,haas,6,32.0,16.5,16.5,16.5,17.53846153846154,0.7186308741166658,15.82671983350124,-1.3744641606306442,3.0,0.0,34.833333333333336,0
1082,2022,9,7,perez,red_bull,13,32.0,9.852017937219731,9.625,9.852017937219731,9.150684931506849,35.2659632284454,4.283453578761038,-0.7501716369581538,3.0,0.0,34.833333333333336,0
1083,2022,10,9,sainz,ferrari,1,47.0,10.24,12.0,10.24,10.547368421052632,20.262725247012572,7.849405100616699,-3.7350826351962496,4.0,0.0,37.266666666666666,1
1083,2022,10,9,perez,red_bull,4,47.0,9.897321428571429,12.7,9.897321428571429,10.193333333333332,33.399424459637146,7.14100747353176,-1.8865040666021269,4.0,0.0,37.266666666666666,0
1083,2022,10,9,hamilton,mercedes,5,47.0,4.737373737373737,3.0625,4.726027397260274,4.877450980392157,23.16316267400527,5.142941633713746,1.2752774221759162,4.0,0.0,37.266666666666666,0
1083,2022,10,9,leclerc,ferrari,3,47.0,8.61111111111111,6.2,8.61111111111111,8.982142857142858,20.262725247012572,8.181758053013855,-2.774509926395899,4.0,0.0,37.266666666666666,0
1083,2022,10,9,alonso,alpine,7,47.0,8.423188405797102,8.38888888888889,8.360606060606061,7.736170212765957,7.135291136610858,10.1129690527511,-1.0691222915647136,4.0,0.0,37.266666666666666,0
1083,2022,10,9,norris,mclaren,6,47.0,8.985507246376812,7.25,8.985507246376812,9.069767441860463,6.036997399398174,9.845312901616053,-0.7296859212362965,4.0,0.0,37.266666666666666,0
1083,2022,10,9,max_verstappen,red_bull,2,47.0,6.8933333333333335,8.125,6.8933333333333335,7.242105263157895,33.399424459637146,3.11932037012978,-0.5924920914563051,4.0,0.0,37.266666666666666,0
1083,2022,10,9,mick_schumacher,haas,19,47.0,16.580645161290324,18.0,16.580645161290324,15.705882352941176,0.5879707151858623,16.40482895464435,-3.492407725106703,4.0,0.0,37.266666666666666,0
1083,2022,10,9,vettel,aston_martin,18,47.0,6.905923344947735,9.0,6.84452296819788,6.853535353535354,2.318724747706507,11.270859213911232,0.5132072536063199,4.0,0.0,37.266666666666666,0
1083,2022,10,9,kevin_magnussen,haas,17,47.0,13.178294573643411,14.857142857142858,13.178294573643411,13.011904761904765,0.5879707151858623,15.676756604394216,-3.844616481333389,4.0,0.0,37.266666666666666,0
1083,2022,10,9,stroll,aston_martin,20,47.0,12.458715596330276,10.666666666666666,12.458715596330276,12.661764705882351,2.318724747706507,12.53753143241669,2.818532430461851,4.0,0.0,37.266666666666666,0
1083,2022,10,9,latifi,williams,10,47.0,15.666666666666666,16.0,15.666666666666666,15.833333333333334,0.3098459591411738,15.566572186094792,2.4101705681487955,4.0,0.0,37.266666666666666,0
1083,2022,10,9,ricciardo,mclaren,14,47.0,9.726027397260276,8.5,9.726027397260276,9.972602739726028,6.036997399398174,11.442649835307565,-0.5528760382727911,4.0,0.0,37.266666666666666,0
1083,2022,10,9,tsunoda,alphatauri,13,47.0,13.193548387096774,10.0,13.193548387096774,12.411764705882351,3.832541700744488,13.729156235647505,-0.8970649248138644,4.0,0.0,37.266666666666666,0
1083,2022,10,9,ocon,alpine,15,47.0,10.785714285714286,7.6,10.785714285714286,10.672131147540984,7.135291136610858,8.722500356419383,2.3438787013008886,4.0,0.0,37.266666666666666,0
1083,2022,10,9,gasly,alphatauri,11,47.0,10.8,9.2,10.8,10.322033898305085,3.832541700744488,11.144696815589333,0.1132732802677295,4.0,0.0,37.266666666666666,0
1083,2022,10,9,bottas,alfa,12,47.0,7.1063829787234045,5.8,7.1063829787234045,7.311475409836065,4.698812904588452,8.062158438745776,1.2830744656382829,4.0,0.0,37.266666666666666,0
1083,2022,10,9,russell,mercedes,8,47.0,13.53623188405797,14.0,13.53623188405797,13.627906976744184,23.16316267400527,5.798837198300925,2.541772203815233,4.0,0.0,37.266666666666666,0
1083,2022,10,9,zhou,alfa,9,47.0,14.22222222222222,14.22222222222222,14.22222222222222,14.5,4.698812904588452,14.427725664047948,-1.1923632272699778,4.0,0.0,37.266666666666666,0
1083,2022,10,9,albon,williams,16,47.0,9.680851063829786,8.333333333333334,9.680851063829786,9.233333333333333,0.3098459591411738,12.4868562312605,2.0673952413283616,4.0,0.0,37.266666666666666,0
1084,2022,11,70,leclerc,ferrari,2,42.0,8.56043956043956,7.833333333333333,8.56043956043956,8.894736842105264,23.30586611119211,7.421438398092047,-2.451871754175422,4.0,0.0,35.69230769230769,1
1084,2022,11,70,max_verstappen,red_bull,1,42.0,6.894039735099338,6.333333333333333,6.894039735099338,7.239583333333333,31.69043819424857,3.824898484651688,-1.3938571657370329,4.0,0.0,35.69230769230769,0
1084,2022,11,70,hamilton,mercedes,8,42.0,4.731543624161074,4.1,4.720136518771331,4.868292682926829,21.860769460549765,4.753315882129429,1.407045163598477,4.0,0.0,35.69230769230769,0
1084,2022,11,70,russell,mercedes,4,42.0,13.6,15.8,13.6,13.727272727272728,21.860769460549765,8.017232195029854,0.2614481757493831,4.0,0.0,35.69230769230769,0
1084,2022,11,70,ocon,alpine,6,42.0,10.828282828282829,12.333333333333334,10.828282828282829,10.741935483870968,7.656995729491655,9.863863930668284,1.917718936424066,4.0,0.0,35.69230769230769,0
1084,2022,11,70,mick_schumacher,haas,9,42.0,16.3125,17.0,16.3125,15.27777777777778,1.3901578578818568,14.874188991870644,-0.8531323108698657,4.0,0.0,35.69230769230769,0
1084,2022,11,70,norris,mclaren,10,42.0,8.942857142857143,4.4,8.942857142857143,9.0,6.393906963143961,9.14616454662366,-0.5970156484792835,4.0,0.0,35.69230769230769,0
1084,2022,11,70,kevin_magnussen,haas,7,42.0,13.153846153846152,13.142857142857142,13.153846153846152,12.976470588235294,1.3901578578818568,14.64461903995407,-1.8728680301726304,4.0,0.0,35.69230769230769,0
1084,2022,11,70,ricciardo,mclaren,11,42.0,9.74090909090909,10.3,9.74090909090909,9.993197278911564,6.393906963143961,11.725804410706186,-0.2705349404050107,4.0,0.0,35.69230769230769,0
1084,2022,11,70,alonso,alpine,19,42.0,8.413294797687861,13.333333333333334,8.350453172205437,7.72457627118644,7.656995729491655,9.183338315887262,-0.5111000567347654,4.0,0.0,35.69230769230769,0
1084,2022,11,70,bottas,alfa,22,42.0,7.158730158730159,4.8,7.158730158730159,7.390243902439025,3.8444826077537297,9.687220540792,0.1406972900676852,4.0,0.0,35.69230769230769,0
1084,2022,11,70,albon,williams,15,42.0,9.895833333333334,10.666666666666666,9.895833333333334,9.580645161290322,0.2535103302064149,13.852971965058597,0.9641601166608332,4.0,0.0,35.69230769230769,0
1084,2022,11,70,stroll,aston_martin,12,42.0,12.445454545454544,12.0,12.445454545454544,12.63768115942029,2.260680397417264,12.257980262813948,3.942435625214545,4.0,0.0,35.69230769230769,0
1084,2022,11,70,zhou,alfa,13,42.0,14.7,14.7,14.7,15.4,3.8444826077537297,15.388160076343834,-3.04246163038148,4.0,0.0,35.69230769230769,0
1084,2022,11,70,gasly,alphatauri,14,42.0,10.854166666666666,11.5,10.854166666666666,10.416666666666666,3.135678544094672,12.027479216551871,-0.8164127746887454,4.0,0.0,35.69230769230769,0
1084,2022,11,70,tsunoda,alphatauri,16,42.0,13.21875,11.0,13.21875,12.5,3.135678544094672,13.778480771771097,-0.9158108791338452,4.0,0.0,35.69230769230769,0
1084,2022,11,70,vettel,aston_martin,18,42.0,6.913194444444445,11.4,6.852112676056338,6.864321608040201,2.260680397417264,10.857975720472826,2.056260480223353,4.0,0.0,35.69230769230769,0
1084,2022,11,70,sainz,ferrari,3,42.0,10.178807947019868,9.555555555555555,10.178807947019868,10.447916666666666,23.30586611119211,6.604058718686304,-3.055976701524157,4.0,0.0,35.69230769230769,0
1084,2022,11,70,latifi,williams,17,42.0,15.591836734693878,15.25,15.591836734693878,15.709677419354838,0.2535103302064149,14.918069717996756,1.6082783453225489,4.0,0.0,35.69230769230769,0
1084,2022,11,70,perez,red_bull,5,42.0,9.862222222222222,7.9,9.862222222222222,10.13907284768212,31.69043819424857,6.206278841980531,-1.1798669635835577,4.0,0.0,35.69230769230769,0
1085,2022,12,34,max_verstappen,red_bull,2,25.0,6.8618421052631575,2.333333333333333,6.8618421052631575,6.290909090909091,29.383085795294285,3.493098760169544,-1.3222467719666589,1.0,0.0,22.5,1
1085,2022,12,34,hamilton,mercedes,4,25.0,4.725752508361204,1.3333333333333333,4.714285714285714,4.43010752688172,22.795175013177083,4.434531176287714,2.0603096793078453,1.0,0.0,22.5,0
1085,2022,12,34,russell,mercedes,6,25.0,13.464788732394366,15.5,13.464788732394366,13.384615384615383,22.795175013177083,7.286825867253023,0.2139121129374502,1.0,0.0,22.5,0
1085,2022,12,34,perez,red_bull,3,25.0,9.9070796460177,11.0,9.9070796460177,9.297297297297296,29.383085795294285,8.714228143438618,-3.692618424750185,1.0,0.0,22.5,0
1085,2022,12,34,sainz,ferrari,19,25.0,10.230263157894736,8.333333333333334,10.230263157894736,9.709090909090907,23.613890454611727,8.67604804256164,-5.227617301247162,1.0,0.0,22.5,0
1085,2022,12,34,alonso,alpine,7,25.0,8.4178674351585,12.0,8.355421686746988,9.89090909090909,8.265624523051773,9.331822258453215,1.2181908626715567,1.0,0.0,22.5,0
1085,2022,12,34,norris,mclaren,5,25.0,8.915492957746478,7.0,8.915492957746478,8.846153846153847,6.685923878935968,8.755952557572188,0.0569876212376226,1.0,0.0,22.5,0
1085,2022,12,34,ocon,alpine,10,25.0,10.77,16.5,10.77,10.972972972972974,8.265624523051773,8.979525032478625,1.750860947661717,1.0,0.0,22.5,0
1085,2022,12,34,ricciardo,mclaren,9,25.0,9.737556561085972,7.0,9.737556561085972,9.232876712328768,6.685923878935968,11.230203608759606,0.1422895942140824,1.0,0.0,22.5,0
1085,2022,12,34,stroll,aston_martin,15,25.0,12.45045045045045,13.333333333333334,12.45045045045045,12.121951219512194,1.8490999531314851,12.392892942330922,3.0438109658941213,1.0,0.0,22.5,0
1085,2022,12,34,vettel,aston_martin,12,25.0,6.948096885813149,6.333333333333333,6.887719298245614,7.022471910112359,1.8490999531314851,11.974707407659588,1.864213120182744,1.0,0.0,22.5,0
1085,2022,12,34,gasly,alphatauri,14,25.0,10.896907216494846,12.333333333333334,10.896907216494846,11.583333333333334,2.565530141387735,12.5679375427171,-0.8497922703173488,1.0,0.0,22.5,0
1085,2022,12,34,albon,williams,13,25.0,9.93877551020408,15.0,9.93877551020408,10.470588235294118,0.2074175428961576,13.516049892559424,1.334332685758186,1.0,0.0,22.5,0
1085,2022,12,34,bottas,alfa,11,25.0,7.178947368421053,4.333333333333333,7.178947368421053,6.727272727272728,3.145485316234107,9.925907715193452,-1.884884035399168,1.0,0.0,22.5,0
1085,2022,12,34,mick_schumacher,haas,17,25.0,16.0,19.0,16.0,17.642857142857142,3.3192200655446493,13.258550331880112,-0.151629387143228,1.0,0.0,22.5,0
1085,2022,12,34,zhou,alfa,16,25.0,14.636363636363637,14.636363636363637,14.636363636363637,14.0,3.145485316234107,15.104576327443208,-2.625212254030884,1.0,0.0,22.5,0
1085,2022,12,34,latifi,williams,18,25.0,15.66,18.0,15.66,15.38888888888889,0.2074175428961576,15.660271444837718,0.9521989334255472,1.0,0.0,22.5,0
1085,2022,12,34,kevin_magnussen,haas,20,25.0,13.114503816793894,11.5,13.114503816793894,13.488888888888887,3.3192200655446493,13.43650648723052,-1.7141647519588168,1.0,0.0,22.5,0
1085,2022,12,34,leclerc,ferrari,1,25.0,8.478260869565217,9.666666666666666,8.478260869565217,8.0,23.613890454611727,6.253904132687419,-1.824258701937836,1.0,0.0,22.5,0
1085,2022,12,34,tsunoda,alphatauri,8,25.0,13.303030303030305,13.0,13.303030303030305,14.142857142857142,2.565530141387735,14.18293151677178,-0.749077957069194,1.0,0.0,22.5,0
1086,2022,13,11,max_verstappen,red_bull,10,42.0,6.823529411764706,6.571428571428571,6.823529411764706,7.185567010309279,30.76797928705896,3.0398080765023328,-0.9000200861545194,5.0,0.0,47.642857142857146,1
1086,2022,13,11,hamilton,mercedes,7,42.0,4.716666666666667,3.466666666666667,4.705084745762712,4.859223300970874,24.65059773805398,3.9918891442354014,2.0493442830700555,5.0,0.0,47.642857142857146,0
1086,2022,13,11,russell,mercedes,1,42.0,13.319444444444445,14.0,13.319444444444445,13.511111111111113,24.65059773805398,6.507402568335684,0.7204738159905869,5.0,0.0,47.642857142857146,0
1086,2022,13,11,sainz,ferrari,2,42.0,10.196078431372548,8.285714285714286,10.196078431372548,10.525773195876289,21.320455826500503,8.007675671186764,-1.7316868828384238,5.0,0.0,47.642857142857146,0
1086,2022,13,11,perez,red_bull,11,42.0,9.881057268722468,13.090909090909092,9.881057268722468,10.203947368421051,30.76797928705896,7.857095753722505,-3.2030514384319697,5.0,0.0,47.642857142857146,0
1086,2022,13,11,leclerc,ferrari,3,42.0,8.591397849462366,13.25,8.591397849462366,8.758620689655173,21.320455826500503,8.57137612676146,-4.765302597408691,5.0,0.0,47.642857142857146,0
1086,2022,13,11,norris,mclaren,4,42.0,8.88888888888889,12.333333333333334,8.88888888888889,8.955555555555556,6.92484681003852,8.43668828662986,-0.3170103267136715,5.0,0.0,47.642857142857146,0
1086,2022,13,11,alonso,alpine,6,42.0,8.410919540229886,6.666666666666667,8.348348348348349,7.734177215189874,8.945341866577856,8.726036393279902,1.1785197967312735,5.0,0.0,47.642857142857146,0
1086,2022,13,11,ocon,alpine,5,42.0,10.742574257425742,9.25,10.742574257425742,10.65079365079365,8.945341866577856,8.801429571747109,1.7961589572492034,5.0,0.0,47.642857142857146,0
1086,2022,13,11,vettel,aston_martin,18,42.0,6.962068965517242,7.266666666666667,6.902097902097903,6.915,1.6945498903182228,11.797487878994207,1.7070834619676996,5.0,0.0,47.642857142857146,0
1086,2022,13,11,stroll,aston_martin,14,42.0,12.428571428571429,14.2,12.428571428571429,12.642857142857142,1.6945498903182228,11.957821498195289,3.399481699429609,5.0,0.0,47.642857142857146,0
1086,2022,13,11,gasly,alphatauri,22,42.0,10.908163265306122,9.25,10.908163265306122,10.491803278688524,2.09905335965314,12.464676171016674,-0.3316482196768618,5.0,0.0,47.642857142857146,0
1086,2022,13,11,zhou,alfa,12,42.0,14.75,14.75,14.75,15.166666666666666,2.5735785913532454,15.283480338412868,-2.100699650347138,5.0,0.0,47.642857142857146,0
1086,2022,13,11,mick_schumacher,haas,15,42.0,15.970588235294118,12.0,15.970588235294118,14.789473684210526,2.7157255081716283,13.575522620715448,0.2400023114659384,5.0,0.0,47.642857142857146,0
1086,2022,13,11,ricciardo,mclaren,9,42.0,9.734234234234236,10.0,9.734234234234236,9.986486486486486,6.92484681003852,10.824712043530583,0.116418758902431,5.0,0.0,47.642857142857146,0
1086,2022,13,11,kevin_magnussen,haas,13,42.0,13.151515151515152,11.666666666666666,13.151515151515152,12.918604651162791,2.7157255081716283,14.266232580463935,-1.0388620697823694,5.0,0.0,47.642857142857146,0
1086,2022,13,11,albon,williams,17,42.0,10.0,7.5,10.0,9.65625,0.1697052623695835,13.422218519916347,1.0917160913698942,5.0,0.0,47.642857142857146,0
1086,2022,13,11,latifi,williams,19,42.0,15.68627450980392,13.0,15.68627450980392,15.8125,0.1697052623695835,15.903867204921829,0.9608903486381044,5.0,0.0,47.642857142857146,0
1086,2022,13,11,tsunoda,alphatauri,16,42.0,13.5,6.0,13.5,12.68421052631579,2.09905335965314,15.241733011408952,-2.796929569861372,5.0,0.0,47.642857142857146,0
1086,2022,13,11,bottas,alfa,8,42.0,7.214659685863874,9.444444444444445,7.214659685863874,7.419354838709677,2.5735785913532454,10.666651766976464,-2.0876323925993194,5.0,0.0,47.642857142857146,0
1087,2022,14,13,max_verstappen,red_bull,14,38.0,6.785714285714286,9.285714285714286,6.785714285714286,7.122448979591836,31.537437598502787,2.6689338807746217,0.8999835658736439,4.0,0.0,38.07692307692308,1
1087,2022,14,13,perez,red_bull,2,38.0,9.859649122807015,11.545454545454543,9.859649122807015,10.169934640522875,31.537437598502787,7.337623798500232,-1.5297693587170649,4.0,0.0,38.07692307692308,0
1087,2022,14,13,sainz,ferrari,1,38.0,10.155844155844155,15.285714285714286,10.155844155844155,10.459183673469388,21.08037294895496,7.279007367334597,-1.7804710859587125,4.0,0.0,38.07692307692308,0
1087,2022,14,13,russell,mercedes,5,38.0,13.178082191780822,12.0,13.178082191780822,13.282608695652174,26.3504890584078,5.869692733341307,0.2258419981422286,4.0,0.0,38.07692307692308,0
1087,2022,14,13,alonso,alpine,3,38.0,8.40974212034384,11.625,8.347305389221557,7.735294117647059,8.40934773996662,8.59402977631992,0.6006071064164963,4.0,0.0,38.07692307692308,0
1087,2022,14,13,leclerc,ferrari,15,38.0,8.563829787234043,10.25,8.563829787234043,8.711864406779661,21.08037294895496,8.103853191619107,-4.444338486726685,4.0,0.0,38.07692307692308,0
1087,2022,14,13,ocon,alpine,16,38.0,10.72549019607843,8.6,10.72549019607843,10.625,8.40934773996662,8.837533286021491,0.7423118727532323,4.0,0.0,38.07692307692308,0
1087,2022,14,13,vettel,aston_martin,10,38.0,6.972508591065292,6.4,6.912891986062718,6.930348258706467,1.568155509389674,11.47067190099526,2.8512501052463004,4.0,0.0,38.07692307692308,0
1087,2022,14,13,gasly,alphatauri,22,38.0,10.91919191919192,8.0,10.91919191919192,10.516129032258064,1.7173960775794457,12.380189594269156,-2.4531667301879665,4.0,0.0,38.07692307692308,0
1087,2022,14,13,albon,williams,6,38.0,10.137254901960784,5.5,10.137254901960784,9.87878787878788,0.1388497601205683,14.072747610826308,0.8932151263433704,4.0,0.0,38.07692307692308,0
1087,2022,14,13,stroll,aston_martin,9,38.0,12.415929203539823,12.6,12.415929203539823,12.619718309859154,1.568155509389674,11.78367213486234,3.3268486631593728,4.0,0.0,38.07692307692308,0
1087,2022,14,13,norris,mclaren,17,38.0,8.863013698630137,10.666666666666666,8.863013698630137,8.91304347826087,6.756692844576971,8.175472121004528,-0.8048268429269566,4.0,0.0,38.07692307692308,0
1087,2022,14,13,tsunoda,alphatauri,22,38.0,13.657142857142857,15.0,13.657142857142857,13.0,1.7173960775794457,15.925663476316988,-2.83388438284177,4.0,0.0,38.07692307692308,0
1087,2022,14,13,zhou,alfa,18,38.0,14.615384615384617,14.615384615384617,14.615384615384617,14.857142857142858,2.1056550077722163,14.835303362667032,-1.884666154372326,4.0,0.0,38.07692307692308,0
1087,2022,14,13,ricciardo,mclaren,7,38.0,9.757847533632289,9.272727272727272,9.757847533632289,10.02013422818792,6.756692844576971,11.583855308343209,-0.99565737907983,4.0,0.0,38.07692307692308,0
1087,2022,14,13,kevin_magnussen,haas,12,38.0,13.172932330827068,13.666666666666666,13.172932330827068,12.954022988505749,2.221957233957757,14.581463020380394,-1.3954326025501258,4.0,0.0,38.07692307692308,0
1087,2022,14,13,mick_schumacher,haas,19,38.0,15.914285714285716,16.0,15.914285714285716,14.75,2.221957233957757,13.65276913147116,0.3783069007955534,4.0,0.0,38.07692307692308,0
1087,2022,14,13,latifi,williams,11,38.0,15.73076923076923,12.5,15.73076923076923,15.87878787878788,0.1388497601205683,16.28499345964804,0.9680014033299666,4.0,0.0,38.07692307692308,0
1087,2022,14,13,bottas,alfa,13,38.0,7.28125,6.777777777777778,7.28125,7.52,2.1056550077722163,12.363624172980742,-3.8898810484903534,4.0,0.0,38.07692307692308,0
1087,2022,14,13,hamilton,mercedes,4,38.0,4.707641196013289,7.133333333333334,4.695945945945946,4.845410628019324,26.3504890584078,3.629727481647147,2.585827140693682,4.0,0.0,38.07692307692308,0
1088,2022,15,39,max_verstappen,red_bull,1,72.0,6.748387096774193,1.0,6.748387096774193,7.0606060606060606,33.80335803513865,2.365491356997408,3.099986553896686,5.0,0.0,57.0,1
1088,2022,15,39,russell,mercedes,6,72.0,13.054054054054054,17.0,13.054054054054054,13.085106382978724,23.741309229606376,5.529748479143153,0.3665980485242419,5.0,0.0,57.0,0
1088,2022,15,39,leclerc,ferrari,2,72.0,8.536842105263158,5.0,8.536842105263158,8.666666666666666,21.42939604914497,7.721334427495663,-1.999913294471627,5.0,0.0,57.0,0
1088,2022,15,39,hamilton,mercedes,4,72.0,4.758278145695364,2.0,4.747474747474747,4.918269230769231,23.741309229606376,6.6061406668022125,-0.7934141576142624,5.0,0.0,57.0,0
1088,2022,15,39,perez,red_bull,5,72.0,9.825327510917033,8.0,9.825327510917033,10.116883116883116,33.80335803513865,6.367146744227462,-1.251629475313962,5.0,0.0,57.0,0
1088,2022,15,39,alonso,alpine,13,72.0,8.4,6.0,8.33731343283582,7.7238493723849375,9.7904728626433,7.940569816989025,0.1277694507044057,5.0,0.0,57.0,0
1088,2022,15,39,norris,mclaren,7,72.0,8.905405405405405,10.0,8.905405405405405,8.97872340425532,5.528203236472066,8.870841073507073,0.2505965946673771,5.0,0.0,57.0,0
1088,2022,15,39,sainz,ferrari,3,72.0,10.109677419354838,7.0,10.109677419354838,10.383838383838384,21.42939604914497,6.501006027819192,-1.8203854339662204,5.0,0.0,57.0,0
1088,2022,15,39,ocon,alpine,12,72.0,10.689320388349516,9.0,10.689320388349516,10.569230769230767,9.7904728626433,8.503436324573975,2.243709715655821,5.0,0.0,57.0,0
1088,2022,15,39,stroll,aston_martin,10,72.0,12.403508771929824,12.0,12.403508771929824,12.59722222222222,2.010631518745164,11.641186292143551,2.3583307242906657,5.0,0.0,57.0,0
1088,2022,15,39,gasly,alphatauri,11,72.0,10.9,4.0,10.9,10.492063492063492,1.7687798444965632,11.76560966685383,-3.6435000542662768,5.0,0.0,57.0,0
1088,2022,15,39,albon,williams,15,72.0,10.134615384615383,10.134615384615383,10.134615384615383,9.882352941176473,0.2954225310077378,13.332226281736816,0.0035135010208485,5.0,0.0,57.0,0
1088,2022,15,39,mick_schumacher,haas,8,72.0,15.944444444444445,18.0,15.944444444444445,14.857142857142858,1.8179650096012336,14.261800409094691,0.673375230084665,5.0,0.0,57.0,0
1088,2022,15,39,vettel,aston_martin,19,72.0,6.976027397260274,13.0,6.916666666666667,6.935643564356436,2.010631518745164,10.83964064626885,2.696477358837882,5.0,0.0,57.0,0
1088,2022,15,39,kevin_magnussen,haas,18,72.0,13.194029850746269,13.194029850746269,13.194029850746269,12.988636363636363,1.8179650096012336,14.839378834857229,-1.8689903111783692,5.0,0.0,57.0,0
1088,2022,15,39,zhou,alfa,14,72.0,14.571428571428571,14.571428571428571,14.571428571428571,14.75,1.7228085066059384,14.67369441932381,-0.7461400551845524,5.0,0.0,57.0,0
1088,2022,15,39,ricciardo,mclaren,17,72.0,9.78125,11.0,9.78125,10.053333333333333,5.528203236472066,12.204972525008078,-2.2691742192471342,5.0,0.0,57.0,0
1088,2022,15,39,latifi,williams,20,72.0,15.773584905660377,16.0,15.773584905660377,15.941176470588236,0.2954225310077378,16.596820328772797,-0.4807609613150967,5.0,0.0,57.0,0
1088,2022,15,39,bottas,alfa,16,72.0,7.341968911917099,3.0,7.341968911917099,7.611111111111111,1.7228085066059384,13.570237959711516,-4.273539039673926,5.0,0.0,57.0,0
1088,2022,15,39,tsunoda,alphatauri,9,72.0,13.63888888888889,19.0,13.63888888888889,13.0,1.7687798444965632,15.393336715820489,-4.683617080098967,5.0,0.0,57.0,0
1089,2022,16,14,max_verstappen,red_bull,7,28.0,6.711538461538462,11.0,6.711538461538462,6.196428571428571,34.202747483295255,2.1172202011796912,2.5363526350063657,2.0,0.0,27.714285714285715,1
1089,2022,16,14,leclerc,ferrari,1,28.0,8.479166666666666,8.5,8.479166666666666,8.314285714285715,20.98768767657316,6.862909982440616,-1.8181108765130105,2.0,0.0,27.714285714285715,0
1089,2022,16,14,russell,mercedes,2,28.0,12.906666666666666,12.333333333333334,12.906666666666666,13.0,24.879253006041584,4.887975841701159,1.027216777327133,2.0,0.0,27.714285714285715,0
1089,2022,16,14,sainz,ferrari,18,28.0,10.096153846153848,10.857142857142858,10.096153846153848,9.625,20.98768767657316,6.773550386397528,-2.3984971732451044,2.0,0.0,27.714285714285715,0
1089,2022,16,14,hamilton,mercedes,19,28.0,4.755775577557756,6.066666666666666,4.74496644295302,4.404255319148936,24.879253006041584,6.13229690920181,-0.6491570380480328,2.0,0.0,27.714285714285715,0
1089,2022,16,14,perez,red_bull,13,28.0,9.804347826086955,8.181818181818182,9.804347826086955,9.226666666666668,34.202747483295255,6.118574608913379,-1.0240604798023325,2.0,0.0,27.714285714285715,0
1089,2022,16,14,norris,mclaren,3,28.0,8.88,5.333333333333333,8.88,8.777777777777779,5.613984466204418,8.530688052102299,0.2050335642010518,2.0,0.0,27.714285714285715,0
1089,2022,16,14,gasly,alphatauri,5,28.0,10.9009900990099,11.25,10.9009900990099,11.594594594594597,1.4471771819541774,11.626407909024522,-2.981045497900443,2.0,0.0,27.714285714285715,0
1089,2022,16,14,de_vries,williams,8,28.0,10.5,10.5,10.5,10.5,0.2417093435517854,10.5,0.0,2.0,0.0,27.714285714285715,0
1089,2022,16,14,zhou,alfa,9,28.0,14.666666666666666,14.666666666666666,14.666666666666666,14.333333333333334,1.4095705051944627,14.927342892029284,-0.9859337080370602,2.0,0.0,27.714285714285715,0
1089,2022,16,14,ocon,alpine,14,28.0,10.673076923076923,9.6,10.673076923076923,10.894736842105264,9.828591434788288,8.59372062927487,2.3812170402008057,2.0,0.0,27.714285714285715,0
1089,2022,16,14,mick_schumacher,haas,17,28.0,15.864864864864863,15.0,15.864864864864863,17.466666666666665,1.487425916946084,14.03224527588648,-0.3587629728317964,2.0,0.0,27.714285714285715,0
1089,2022,16,14,bottas,alfa,15,28.0,7.402061855670103,4.888888888888889,7.402061855670103,6.835820895522388,1.4095705051944627,14.55746742158215,-4.041986487005939,2.0,0.0,27.714285714285715,0
1089,2022,16,14,tsunoda,alphatauri,20,28.0,13.81081081081081,20.0,13.81081081081081,14.533333333333331,1.4471771819541774,16.23141157791688,-5.832735523967802,2.0,0.0,27.714285714285715,0
1089,2022,16,14,latifi,williams,10,28.0,15.814814814814817,11.0,15.814814814814817,15.473684210526317,0.2417093435517854,16.85194892473464,-0.0297046397652422,2.0,0.0,27.714285714285715,0
1089,2022,16,14,kevin_magnussen,haas,16,28.0,13.207407407407407,15.166666666666666,13.207407407407407,13.58695652173913,1.487425916946084,14.868582683065055,-0.983719345508055,2.0,0.0,27.714285714285715,0
1089,2022,16,14,ricciardo,mclaren,4,28.0,9.813333333333333,7.727272727272727,9.813333333333333,9.22972972972973,5.613984466204418,13.076795702279338,-1.856597088474928,2.0,0.0,27.714285714285715,0
1089,2022,16,14,stroll,aston_martin,12,28.0,12.382608695652172,7.6,12.382608695652172,12.071428571428571,1.8267707026939044,11.34278878445274,1.9295433198334453,2.0,0.0,27.714285714285715,0
1089,2022,16,14,alonso,alpine,6,28.0,8.393162393162394,9.61111111111111,8.330357142857142,9.855855855855856,9.828591434788288,7.587738941172837,1.3772659142126964,2.0,0.0,27.714285714285715,0
1089,2022,16,14,vettel,aston_martin,11,28.0,7.0,7.866666666666666,6.941176470588236,7.066666666666666,1.8267707026939044,11.414251437856333,3.115299657230995,2.0,0.0,27.714285714285715,0
1091,2022,17,15,perez,red_bull,2,21.0,9.787878787878787,10.0,9.787878787878787,10.083870967741936,34.1658843045143,6.0970155891109465,0.4348596074344562,4.0,0.0,45.583333333333336,1
1091,2022,17,15,leclerc,ferrari,1,21.0,8.412371134020619,5.5,8.412371134020619,8.573770491803279,22.62628991719622,5.9787445279763,-1.6693634438962772,4.0,0.0,45.583333333333336,0
1091,2022,17,15,sainz,ferrari,4,21.0,10.05732484076433,9.4,10.05732484076433,10.36,22.62628991719622,6.269268497961603,0.5830477673449772,4.0,0.0,45.583333333333336,0
1091,2022,17,15,norris,mclaren,6,21.0,8.855263157894736,7.0,8.855263157894736,8.9375,5.684169108712705,8.252381067299703,-0.5595181748937856,4.0,0.0,45.583333333333336,0
1091,2022,17,15,ricciardo,mclaren,16,21.0,9.845132743362832,8.777777777777779,9.845132743362832,10.099337748344372,5.684169108712705,13.790105574592186,-3.882670345115851,4.0,0.0,45.583333333333336,0
1091,2022,17,15,stroll,aston_martin,11,21.0,12.43103448275862,11.666666666666666,12.43103448275862,12.561643835616438,1.494468458663656,12.553190823737236,0.4878081706607549,4.0,0.0,45.583333333333336,0
1091,2022,17,15,max_verstappen,red_bull,8,21.0,6.67515923566879,7.6,6.67515923566879,7.0,34.1658843045143,1.914089255510652,3.1661067013688577,4.0,0.0,45.583333333333336,0
1091,2022,17,15,vettel,aston_martin,13,21.0,7.04421768707483,3.6666666666666665,6.9862068965517246,6.970443349753695,1.494468458663656,12.975296630973364,0.9125179013708126,4.0,0.0,45.583333333333336,0
1091,2022,17,15,hamilton,mercedes,3,21.0,4.756578947368421,7.083333333333333,4.745819397993311,4.913875598086125,24.901207004943117,5.926424743892389,2.014326059778884,4.0,0.0,45.583333333333336,0
1091,2022,17,15,gasly,alphatauri,7,21.0,10.872549019607844,10.5,10.872549019607844,10.5,1.9113342566923832,10.967061015623871,-2.9844917710139,4.0,0.0,45.583333333333336,0
1091,2022,17,15,bottas,alfa,15,21.0,7.430769230769231,8.714285714285714,7.430769230769231,7.700787401574803,1.335103122890019,14.27429152674903,-2.943443489368495,4.0,0.0,45.583333333333336,0
1091,2022,17,15,kevin_magnussen,haas,9,21.0,13.227941176470589,13.6,13.227941176470589,13.01123595505618,1.2169848411374506,15.074294922508065,-0.8048612826881573,4.0,0.0,45.583333333333336,0
1091,2022,17,15,mick_schumacher,haas,12,21.0,15.763157894736842,15.763157894736842,15.763157894736842,14.772727272727272,1.2169848411374506,13.66256578376354,0.6160331296413836,4.0,0.0,45.583333333333336,0
1091,2022,17,15,russell,mercedes,22,21.0,12.776315789473683,20.0,12.776315789473683,12.854166666666666,24.901207004943117,4.544707425146696,0.658631820997023,4.0,0.0,45.583333333333336,0
1091,2022,17,15,tsunoda,alphatauri,10,21.0,13.81578947368421,13.81578947368421,13.81578947368421,13.318181818181818,1.9113342566923832,15.825502355920175,-3.68027897217812,4.0,0.0,45.583333333333336,0
1091,2022,17,15,ocon,alpine,17,21.0,10.676190476190476,16.0,10.676190476190476,10.545454545454543,8.040702574615404,9.031225969715894,2.493723032971076,4.0,0.0,45.583333333333336,0
1091,2022,17,15,albon,williams,18,21.0,10.169811320754716,6.0,10.169811320754716,9.942857142857145,0.5613985538150974,13.089997496816585,0.5483423289969306,4.0,0.0,45.583333333333336,0
1091,2022,17,15,alonso,alpine,5,21.0,8.423295454545455,6.0,8.362017804154302,7.716666666666667,8.040702574615404,9.662695497323233,-1.2367824338259774,4.0,0.0,45.583333333333336,0
1091,2022,17,15,latifi,williams,19,21.0,15.8,15.8,15.8,16.0,0.5613985538150974,16.515225518240094,-0.9334092520412484,4.0,0.0,45.583333333333336,0
1091,2022,17,15,zhou,alfa,14,21.0,14.375,14.375,14.375,14.88888888888889,1.335103122890019,13.993815913366197,-0.9885986865711088,4.0,0.0,45.583333333333336,0
1092,2022,18,22,max_verstappen,red_bull,1,42.0,6.677215189873418,6.8,6.677215189873418,7.0,33.590268976420795,2.838800299963277,2.772269119301786,4.0,0.0,44.66666666666666,1
1092,2022,18,22,perez,red_bull,4,42.0,9.75,10.666666666666666,9.75,10.025641025641026,33.590268976420795,5.170285481999865,0.5376124060827371,4.0,0.0,44.66666666666666,0
1092,2022,18,22,leclerc,ferrari,2,42.0,8.346938775510203,12.0,8.346938775510203,8.46774193548387,24.512419023160547,5.255336429897719,-1.547660999201085,4.0,0.0,44.66666666666666,0
1092,2022,18,22,ocon,alpine,5,42.0,10.726415094339623,12.0,10.726415094339623,10.626865671641792,6.578172873800708,10.298275794136527,2.2221370268193024,4.0,0.0,44.66666666666666,0
1092,2022,18,22,hamilton,mercedes,6,42.0,4.770491803278689,4.363636363636363,4.76,4.933333333333334,20.737351185862543,6.4852566086392285,0.5571758670918134,4.0,0.0,44.66666666666666,0
1092,2022,18,22,vettel,aston_martin,9,42.0,7.047457627118644,4.0,6.989690721649485,6.975490196078432,3.4053278343799507,12.07069724352366,1.6556964647579382,4.0,0.0,44.66666666666666,0
1092,2022,18,22,alonso,alpine,7,42.0,8.450424929178471,10.266666666666667,8.390532544378699,7.759336099585062,6.578172873800708,11.178569043264464,-3.3755492640394373,4.0,0.0,44.66666666666666,0
1092,2022,18,22,russell,mercedes,8,42.0,12.792207792207792,16.0,12.792207792207792,12.877551020408164,20.737351185862543,6.263851864437255,-2.0065744836387327,4.0,0.0,44.66666666666666,0
1092,2022,18,22,latifi,williams,20,42.0,15.857142857142858,15.857142857142858,15.857142857142858,16.083333333333332,0.4593260894850797,16.96700864678577,-0.7636962437999544,4.0,0.0,44.66666666666666,0
1092,2022,18,22,norris,mclaren,10,42.0,8.792207792207792,11.0,8.792207792207792,8.83673469387755,8.650683816219487,7.479220722686448,-0.0941511433823319,4.0,0.0,44.66666666666666,0
1092,2022,18,22,ricciardo,mclaren,11,42.0,9.823788546255509,10.666666666666666,9.823788546255509,10.06578947368421,8.650683816219487,12.19190456102997,-1.1767302823675128,4.0,0.0,44.66666666666666,0
1092,2022,18,22,stroll,aston_martin,19,42.0,12.376068376068377,14.0,12.376068376068377,12.472972972972974,3.4053278343799507,11.361701582981963,1.3082066851382466,4.0,0.0,44.66666666666666,0
1092,2022,18,22,tsunoda,alphatauri,13,42.0,13.846153846153848,13.846153846153848,13.846153846153848,13.391304347826088,1.7456349368298745,15.675351084632355,-3.920324065510218,4.0,0.0,44.66666666666666,0
1092,2022,18,22,kevin_magnussen,haas,18,42.0,13.218978102189782,14.2,13.218978102189782,13.0,0.99571487002138,14.515332209324136,-1.2039774131089511,4.0,0.0,44.66666666666666,0
1092,2022,18,22,bottas,alfa,12,42.0,7.448979591836735,6.428571428571429,7.448979591836735,7.7265625,1.0923570532760445,13.678965794612845,-1.6809992185742222,4.0,0.0,44.66666666666666,0
1092,2022,18,22,zhou,alfa,14,42.0,14.705882352941176,14.705882352941176,14.705882352941176,15.4,1.0923570532760445,15.123110357771024,-1.9308521340691065,4.0,0.0,44.66666666666666,0
1092,2022,18,22,mick_schumacher,haas,15,42.0,15.692307692307692,15.692307692307692,15.692307692307692,14.695652173913045,0.99571487002138,13.542051173441182,0.3220915955940185,4.0,0.0,44.66666666666666,0
1092,2022,18,22,gasly,alphatauri,17,42.0,10.864077669902912,10.333333333333334,10.864077669902912,10.492307692307692,1.7456349368298745,10.791231739870277,-2.9873114490143498,4.0,0.0,44.66666666666666,0
1092,2022,18,22,sainz,ferrari,3,42.0,10.0126582278481,12.4,10.0126582278481,10.287128712871286,24.512419023160547,5.674856043786756,0.6588572641913463,4.0,0.0,44.66666666666666,0
1092,2022,18,22,albon,williams,16,42.0,10.296296296296296,4.0,10.296296296296296,10.13888888888889,0.4593260894850797,13.800921029490082,0.6304635211872581,4.0,0.0,44.66666666666666,0
1093,2022,19,69,max_verstappen,red_bull,2,36.0,6.6415094339622645,5.666666666666667,6.6415094339622645,6.105263157894737,35.3011291625261,2.5044729726972217,2.268220188519636,3.0,0.0,32.916666666666664,1
1093,2022,19,69,hamilton,mercedes,3,36.0,4.771241830065359,1.7777777777777777,4.760797342192691,4.410526315789474,19.512378242978443,6.215209952523005,0.6376893458023929,3.0,0.0,32.916666666666664,0
1093,2022,19,69,leclerc,ferrari,12,36.0,8.292929292929292,7.666666666666667,8.292929292929292,8.13888888888889,22.78288829167681,4.845275259859397,-1.44808627183904,3.0,0.0,32.916666666666664,0
1093,2022,19,69,perez,red_bull,9,36.0,9.716738197424892,8.555555555555555,9.716738197424892,9.18421052631579,35.3011291625261,4.59386993981807,0.8035010595222395,3.0,0.0,32.916666666666664,0
1093,2022,19,69,russell,mercedes,4,36.0,12.73076923076923,15.5,12.73076923076923,12.642857142857142,19.512378242978443,6.579515212105636,-1.6417427012136407,3.0,0.0,32.916666666666664,0
1093,2022,19,69,norris,mclaren,6,36.0,8.807692307692308,7.5,8.807692307692308,8.714285714285714,7.259650395088671,7.93754430067535,-0.0770327509490506,3.0,0.0,32.916666666666664,0
1093,2022,19,69,alonso,alpine,14,36.0,8.44632768361582,10.375,8.386430678466077,9.9375,8.655547149108958,10.41882921721638,-2.7618130342140845,3.0,0.0,32.916666666666664,0
1093,2022,19,69,vettel,aston_martin,10,36.0,7.043918918918919,5.888888888888889,6.986301369863014,7.208791208791209,4.240995688119397,10.96693410833754,1.9001152893474045,3.0,0.0,32.916666666666664,0
1093,2022,19,69,kevin_magnussen,haas,13,36.0,13.22463768115942,14.8,13.22463768115942,13.638297872340424,0.8146758027446516,14.421635443992388,-0.2577997016337064,3.0,0.0,32.916666666666664,0
1093,2022,19,69,tsunoda,alphatauri,19,36.0,13.825,9.0,13.825,14.5,1.4282433464239843,15.18876470407989,-3.2073050122028715,3.0,0.0,32.916666666666664,0
1093,2022,19,69,ocon,alpine,22,36.0,10.663551401869158,15.5,10.663551401869158,10.897435897435898,8.655547149108958,9.15313474011542,1.999930294565217,3.0,0.0,32.916666666666664,0
1093,2022,19,69,zhou,alfa,18,36.0,14.77777777777778,14.77777777777778,14.77777777777778,13.714285714285714,0.8937466483093521,15.286968321460996,-1.943773290802287,3.0,0.0,32.916666666666664,0
1093,2022,19,69,albon,williams,8,36.0,10.472727272727273,5.0,10.472727272727273,10.61111111111111,0.7394486186696108,14.928044439968527,-0.2114524893886354,3.0,0.0,32.916666666666664,0
1093,2022,19,69,gasly,alphatauri,11,36.0,10.932692307692308,16.0,10.932692307692308,11.5,1.4282433464239843,12.101916879207767,-2.6259820943360106,3.0,0.0,32.916666666666664,0
1093,2022,19,69,mick_schumacher,haas,16,36.0,15.725,16.0,15.725,17.125,0.8146758027446516,14.170974537300218,-0.1002448040290846,3.0,0.0,32.916666666666664,0
1093,2022,19,69,ricciardo,mclaren,15,36.0,9.828947368421051,9.333333333333334,9.828947368421051,9.333333333333334,7.259650395088671,11.975194640842703,-0.9627793219370556,3.0,0.0,32.916666666666664,0
1093,2022,19,69,latifi,williams,17,36.0,15.736842105263158,15.0,15.736842105263158,15.45,0.7394486186696108,15.518446011019018,1.3751806663127473,3.0,0.0,32.916666666666664,0
1093,2022,19,69,stroll,aston_martin,5,36.0,12.372881355932204,12.5,12.372881355932204,12.209302325581396,4.240995688119397,11.477755840627644,2.3430781969851404,3.0,0.0,32.916666666666664,0
1093,2022,19,69,bottas,alfa,7,36.0,7.48730964467005,8.125,7.48730964467005,6.926470588235294,0.8937466483093521,13.919153831955962,-1.9208175424698184,3.0,0.0,32.916666666666664,0
1093,2022,19,69,sainz,ferrari,1,36.0,10.069182389937106,7.0,10.069182389937106,9.526315789473683,22.78288829167681,8.097609490371017,-2.370025874752578,3.0,0.0,32.916666666666664,0
1094,2022,20,32,max_verstappen,red_bull,1,23.0,6.60625,3.6666666666666665,6.60625,6.017241379310345,35.610014769339536,2.2309324322068145,2.037634699697881,2.0,0.0,27.88888888888889,1
1094,2022,20,32,hamilton,mercedes,3,23.0,4.762214983713355,3.1666666666666665,4.751655629139073,4.385416666666667,21.237400380618727,5.448808142973367,0.7035640102019579,2.0,0.0,27.88888888888889,0
1094,2022,20,32,perez,red_bull,4,23.0,9.692307692307692,8.833333333333334,9.692307692307692,9.116883116883116,35.610014769339536,4.485893587123876,1.5665008668818328,2.0,0.0,27.88888888888889,0
1094,2022,20,32,russell,mercedes,2,23.0,12.632911392405065,16.0,12.632911392405065,12.379310344827584,21.237400380618727,6.292330590649752,-1.5250621948737055,2.0,0.0,27.88888888888889,0
1094,2022,20,32,sainz,ferrari,5,23.0,10.13125,13.833333333333334,10.13125,9.70689655172414,21.36781769319012,10.261680492121766,-5.393657533888508,2.0,0.0,27.88888888888889,0
1094,2022,20,32,leclerc,ferrari,7,23.0,8.24,5.333333333333333,8.24,8.0,21.36781769319012,4.509770666511021,0.4515657812477193,2.0,0.0,27.88888888888889,0
1094,2022,20,32,ricciardo,mclaren,11,23.0,9.85589519650655,10.833333333333334,9.85589519650655,9.421052631578949,7.394259414163458,12.706977433416755,-0.9695467179485,2.0,0.0,27.88888888888889,0
1094,2022,20,32,ocon,alpine,10,23.0,10.666666666666666,12.5,10.666666666666666,10.9,8.172591347050815,9.48892842386077,-0.3636933962706014,2.0,0.0,27.88888888888889,0
1094,2022,20,32,norris,mclaren,8,23.0,8.772151898734178,15.0,8.772151898734178,8.620689655172415,7.394259414163458,7.58526347281192,-0.0630267944052595,2.0,0.0,27.88888888888889,0
1094,2022,20,32,bottas,alfa,6,23.0,7.545454545454546,6.0,7.545454545454546,7.101449275362318,0.73124723652463,14.842944044327608,-3.753396171111671,2.0,0.0,27.88888888888889,0
1094,2022,20,32,gasly,alphatauri,14,23.0,10.961904761904762,9.0,10.961904761904762,11.564102564102564,1.350380233331427,12.447022901413876,-2.693985349959339,2.0,0.0,27.88888888888889,0
1094,2022,20,32,albon,williams,17,23.0,10.517857142857142,5.0,10.517857142857142,10.736842105263158,0.605003415275136,14.577486288531327,-1.0821089579794367,2.0,0.0,27.88888888888889,0
1094,2022,20,32,zhou,alfa,12,23.0,14.63157894736842,14.63157894736842,14.63157894736842,13.5,0.73124723652463,14.675839404534774,-0.4668288566808042,2.0,0.0,27.88888888888889,0
1094,2022,20,32,vettel,aston_martin,16,23.0,7.047138047138047,6.333333333333333,6.989761092150171,7.217391304347826,4.19716657897053,10.42749154318526,1.9182761458296944,2.0,0.0,27.88888888888889,0
1094,2022,20,32,stroll,aston_martin,20,23.0,12.420168067226893,11.0,12.420168067226893,12.340909090909092,4.19716657897053,12.663618415109466,-0.4465723844036485,2.0,0.0,27.88888888888889,0
1094,2022,20,32,mick_schumacher,haas,15,23.0,15.707317073170731,19.0,15.707317073170731,17.0,1.030189293154826,14.32174672652651,0.0998531727545196,2.0,0.0,27.88888888888889,0
1094,2022,20,32,kevin_magnussen,haas,19,23.0,13.194244604316546,13.75,13.194244604316546,13.541666666666666,1.030189293154826,13.435883545083923,0.5163456986639269,2.0,0.0,27.88888888888889,0
1094,2022,20,32,latifi,williams,18,23.0,15.758620689655173,17.0,15.758620689655173,15.523809523809524,0.605003415275136,15.787821838477978,1.125145613490708,2.0,0.0,27.88888888888889,0
1094,2022,20,32,alonso,alpine,9,23.0,8.44225352112676,14.4,8.382352941176471,9.91150442477876,8.172591347050815,9.79722390499522,-0.9869379370842498,2.0,0.0,27.88888888888889,0
1094,2022,20,32,tsunoda,alphatauri,13,23.0,13.731707317073171,20.0,13.731707317073171,14.235294117647058,1.350380233331427,14.24510078902166,-0.987201789740776,2.0,0.0,27.88888888888889,0
1095,2022,21,18,russell,mercedes,1,44.0,12.525,12.5,12.525,12.78,23.012418493233504,5.8755431660786686,-1.6114145322884952,5.0,0.0,53.92307692307692,1
1095,2022,21,18,hamilton,mercedes,2,44.0,4.753246753246753,6.285714285714286,4.742574257425742,4.933649289099527,23.012418493233504,4.8217521169782085,0.757461462892511,5.0,0.0,53.92307692307692,0
1095,2022,21,18,sainz,ferrari,7,44.0,10.099378881987578,9.5,10.099378881987578,10.372549019607844,20.755487203519188,9.30501131173598,-4.412992527726951,5.0,0.0,53.92307692307692,0
1095,2022,21,18,leclerc,ferrari,5,44.0,8.217821782178218,10.0,8.217821782178218,8.380952380952381,20.755487203519188,4.780721454845399,0.5512810939053853,5.0,0.0,53.92307692307692,0
1095,2022,21,18,alonso,alpine,17,44.0,8.47191011235955,7.388888888888889,8.413489736070382,7.756198347107438,7.413772480836472,11.470455922268815,-2.625676493978024,5.0,0.0,53.92307692307692,0
1095,2022,21,18,max_verstappen,red_bull,3,44.0,6.571428571428571,3.6666666666666665,6.571428571428571,6.941176470588236,36.408193902186895,2.007126535441937,1.6671556633891722,5.0,0.0,53.92307692307692,0
1095,2022,21,18,perez,red_bull,4,44.0,9.663829787234045,10.6,9.663829787234045,9.97452229299363,36.408193902186895,4.215731116737716,1.463500709266954,5.0,0.0,53.92307692307692,0
1095,2022,21,18,ocon,alpine,16,44.0,10.642201834862384,13.25,10.642201834862384,10.529411764705882,7.413772480836472,9.21821416489126,0.0660690395510629,5.0,0.0,53.92307692307692,0
1095,2022,21,18,bottas,alfa,14,44.0,7.557788944723618,9.625,7.557788944723618,7.782945736434108,0.7801113805499957,13.962408763540768,-3.798233230909549,5.0,0.0,53.92307692307692,0
1095,2022,21,18,stroll,aston_martin,15,44.0,12.441666666666666,18.25,12.441666666666666,12.466666666666669,3.4338785117079085,13.088415066922542,0.5437135037042362,5.0,0.0,53.92307692307692,0
1095,2022,21,18,vettel,aston_martin,9,44.0,7.070469798657718,6.0,7.01360544217687,6.970731707317073,3.4338785117079085,11.077038535333395,1.9331350284061135,5.0,0.0,53.92307692307692,0
1095,2022,21,18,zhou,alfa,13,44.0,14.55,14.55,14.55,15.454545454545457,0.7801113805499957,14.365533610337476,-0.5655531703728277,5.0,0.0,53.92307692307692,0
1095,2022,21,18,mick_schumacher,haas,12,44.0,15.714285714285714,18.0,15.714285714285714,14.791666666666666,0.8428821489447786,14.626950409388424,-0.100163859381091,5.0,0.0,53.92307692307692,0
1095,2022,21,18,gasly,alphatauri,10,44.0,10.962264150943396,8.5,10.962264150943396,10.606060606060606,1.1048547834721762,12.183927828277412,-1.6587152857317702,5.0,0.0,53.92307692307692,0
1095,2022,21,18,albon,williams,19,44.0,10.543859649122806,14.0,10.543859649122806,10.405405405405403,0.4950027943160203,14.108847368040896,0.0237409505361934,5.0,0.0,53.92307692307692,0
1095,2022,21,18,latifi,williams,18,44.0,15.796610169491526,16.0,15.796610169491526,15.891891891891891,0.4950027943160203,16.19003895101416,0.9205722080966234,5.0,0.0,53.92307692307692,0
1095,2022,21,18,tsunoda,alphatauri,22,44.0,13.88095238095238,15.0,13.88095238095238,13.375,1.1048547834721762,15.291674903579738,-2.080676884997685,5.0,0.0,53.92307692307692,0
1095,2022,21,18,norris,mclaren,6,44.0,8.775,9.0,8.775,8.86,7.504394066133739,7.84248832337164,-0.2333855772286623,5.0,0.0,53.92307692307692,0
1095,2022,21,18,kevin_magnussen,haas,8,44.0,13.221428571428572,12.6,13.221428571428572,13.010989010989013,0.8428821489447786,14.083904718705435,0.7861010261797464,5.0,0.0,53.92307692307692,0
1095,2022,21,18,ricciardo,mclaren,11,44.0,9.843478260869563,11.5,9.843478260869563,10.0718954248366,7.504394066133739,11.669345172795529,-0.0659927692305904,5.0,0.0,53.92307692307692,0
1096,2022,22,24,max_verstappen,red_bull,1,31.0,6.567901234567901,4.571428571428571,6.567901234567901,5.932203389830509,32.333976829062,2.733103528997954,0.8185819064093159,3.0,0.0,31.857142857142858,1
1096,2022,22,24,leclerc,ferrari,3,31.0,8.176470588235293,8.25,8.176470588235293,7.947368421052632,21.8908531665157,4.638772099235809,0.632866349664219,3.0,0.0,31.857142857142858,0
1096,2022,22,24,perez,red_bull,2,31.0,9.652542372881356,10.181818181818182,9.652542372881356,9.038461538461538,32.333976829062,4.7219618227854046,0.651955125763871,3.0,0.0,31.857142857142858,0
1096,2022,22,24,sainz,ferrari,4,31.0,10.055555555555555,10.428571428571429,10.055555555555555,9.627118644067796,21.8908531665157,8.158645618693066,-2.883357522685675,3.0,0.0,31.857142857142858,0
1096,2022,22,24,russell,mercedes,6,31.0,12.382716049382717,16.666666666666668,12.382716049382717,12.1,26.82834240355469,4.989080694889807,-1.3184300463053686,3.0,0.0,31.857142857142858,0
1096,2022,22,24,norris,mclaren,7,31.0,8.88888888888889,6.666666666666667,8.88888888888889,8.633333333333333,6.13995878138215,9.689308789374344,-2.3727702044240826,3.0,0.0,31.857142857142858,0
1096,2022,22,24,ocon,alpine,8,31.0,10.61818181818182,11.2,10.61818181818182,10.829268292682928,8.611482630261536,8.996720680308187,1.508601941824642,3.0,0.0,31.857142857142858,0
1096,2022,22,24,stroll,aston_martin,14,31.0,12.421487603305785,14.8,12.421487603305785,12.4,2.991275976727404,12.526885054738804,1.353947412144739,3.0,0.0,31.857142857142858,0
1096,2022,22,24,ricciardo,mclaren,13,31.0,9.887445887445889,10.545454545454543,9.887445887445889,9.38961038961039,6.13995878138215,13.184009686832706,-1.690357720279575,3.0,0.0,31.857142857142858,0
1096,2022,22,24,vettel,aston_martin,9,31.0,7.083612040133779,6.153846153846154,7.027118644067796,7.290322580645161,2.991275976727404,11.06303152890914,1.2180195686959108,3.0,0.0,31.857142857142858,0
1096,2022,22,24,tsunoda,alphatauri,11,31.0,13.953488372093023,4.0,13.953488372093023,14.555555555555555,0.9039709099781352,15.602335034974644,-4.7937663835608415,3.0,0.0,31.857142857142858,0
1096,2022,22,24,zhou,alfa,15,31.0,14.428571428571429,14.428571428571429,14.428571428571429,13.444444444444445,1.0019093307140927,13.92898180049245,-0.276635242109964,3.0,0.0,31.857142857142858,0
1096,2022,22,24,albon,williams,19,31.0,10.620689655172416,5.0,10.620689655172416,10.8,0.405002286258562,14.270876547815387,0.7467035152532646,3.0,0.0,31.857142857142858,0
1096,2022,22,24,gasly,alphatauri,17,31.0,10.990654205607475,12.6,10.990654205607475,11.55,0.9039709099781352,12.514122768746818,-2.084403415800104,3.0,0.0,31.857142857142858,0
1096,2022,22,24,bottas,alfa,18,31.0,7.565,7.777777777777778,7.565,7.142857142857143,1.0019093307140927,13.060152624715172,-2.198554461653266,3.0,0.0,31.857142857142858,0
1096,2022,22,24,mick_schumacher,haas,12,31.0,15.651162790697674,14.0,15.651162790697674,16.944444444444443,0.6896308491365842,14.331088322591995,-0.2637997002783128,3.0,0.0,31.857142857142858,0
1096,2022,22,24,kevin_magnussen,haas,16,31.0,13.26241134751773,14.666666666666666,13.26241134751773,13.612244897959185,0.6896308491365842,14.977740224395816,-1.3568264331267663,3.0,0.0,31.857142857142858,0
1096,2022,22,24,hamilton,mercedes,5,31.0,4.744336569579288,4.846153846153846,4.733552631578948,4.360824742268041,26.82834240355469,4.308706277527625,0.6197411969120544,3.0,0.0,31.857142857142858,0
1096,2022,22,24,latifi,williams,20,31.0,15.8,16.5,15.8,15.636363636363637,0.405002286258562,16.155486210540435,1.116832964929497,3.0,0.0,31.857142857142858,0
1096,2022,22,24,alonso,alpine,10,31.0,8.46218487394958,8.545454545454545,8.403508771929825,9.991228070175438,8.611482630261536,10.294009390947211,0.0335374140179822,3.0,0.0,31.857142857142858,0
1098,2023,1,3,max_verstappen,red_bull,1,50.0,6.533742331288344,11.88888888888889,6.533742331288344,6.932038834951456,33.72779922377801,2.417993796452869,0.6697488325167121,5.0,0.0,49.0,1
1098,2023,1,3,perez,red_bull,2,50.0,9.624472573839665,9.916666666666666,9.624472573839665,9.955696202531646,33.72779922377801,4.40887785500624,0.3515996483522579,5.0,0.0,49.0,0
1098,2023,1,3,alonso,aston_martin,5,50.0,8.494413407821229,7.733333333333333,8.43731778425656,7.744855967078189,3.3565519845006437,12.05873495622954,-1.7907421158034702,5.0,0.0,49.0,0
1098,2023,1,3,sainz,ferrari,4,50.0,10.01840490797546,11.333333333333334,10.01840490797546,10.300970873786408,23.365243499876485,7.402528233476141,-2.359110700379185,5.0,0.0,49.0,0
1098,2023,1,3,hamilton,mercedes,7,50.0,4.787096774193548,3.4,4.777049180327869,4.919811320754717,23.768643784726564,6.79803240888624,-1.8565753843446844,5.0,0.0,49.0,0
1098,2023,1,3,stroll,aston_martin,8,50.0,12.385245901639344,12.714285714285714,12.385245901639344,12.43421052631579,3.3565519845006437,11.703815044767104,2.1986842463199388,5.0,0.0,49.0,0
1098,2023,1,3,russell,mercedes,6,50.0,12.292682926829269,10.8,12.292682926829269,12.549019607843135,23.768643784726564,4.991066023233408,-0.8968972805169184,5.0,0.0,49.0,0
1098,2023,1,3,bottas,alfa,12,50.0,7.601990049751244,6.090909090909091,7.601990049751244,7.792307692307692,0.8197439848507572,13.412852147494233,-1.2533627413526711,5.0,0.0,49.0,0
1098,2023,1,3,gasly,alpine,20,50.0,11.01851851851852,11.0,11.01851851851852,10.656716417910449,8.136598107301042,12.784282265442874,-1.159966430751361,5.0,0.0,49.0,0
1098,2023,1,3,albon,williams,15,50.0,10.66101694915254,7.75,10.66101694915254,10.526315789473683,0.3313655069388234,14.039806417776422,1.701855220546998,5.0,0.0,49.0,0
1098,2023,1,3,tsunoda,alphatauri,14,50.0,13.886363636363637,8.5,13.886363636363637,13.52,0.7396117690518483,14.765424365050173,-3.9220449193390574,5.0,0.0,49.0,0
1098,2023,1,3,sargeant,williams,16,50.0,10.5,10.5,10.5,10.5,0.3313655069388234,10.5,0.0,5.0,0.0,49.0,0
1098,2023,1,3,kevin_magnussen,haas,17,50.0,13.288732394366198,12.875,13.288732394366198,13.076086956521738,0.5642434220208062,15.345423819960368,-1.2919488998309632,5.0,0.0,49.0,0
1098,2023,1,3,de_vries,alphatauri,19,50.0,9.0,9.0,9.0,10.5,0.7396117690518483,9.0,-1.0,5.0,0.0,49.0,0
1098,2023,1,3,hulkenberg,haas,10,50.0,11.652173913043478,12.0,11.652173913043478,11.76984126984127,0.5642434220208062,12.352467154910702,0.9504952716236252,5.0,0.0,49.0,0
1098,2023,1,3,zhou,alfa,13,50.0,14.318181818181818,10.0,14.318181818181818,15.166666666666666,0.8197439848507572,13.573962991749502,0.3264119924684363,5.0,0.0,49.0,0
1098,2023,1,3,norris,mclaren,11,50.0,8.853658536585366,7.8,8.853658536585366,9.03921568627451,7.023602639312669,9.018525325231916,-1.759539214381738,5.0,0.0,49.0,0
1098,2023,1,3,ocon,alpine,9,50.0,10.585585585585584,8.5,10.585585585585584,10.492753623188406,8.136598107301042,8.633680556538826,1.4161288614732848,5.0,0.0,49.0,0
1098,2023,1,3,leclerc,ferrari,3,50.0,8.116504854368932,8.666666666666666,8.116504854368932,8.3125,23.365243499876485,4.158995353413717,0.699617922523011,5.0,0.0,49.0,0
1098,2023,1,3,piastri,mclaren,18,50.0,10.5,10.5,10.5,10.5,7.023602639312669,10.5,0.0,5.0,0.0,49.0,0
1099,2023,2,77,perez,red_bull,1,24.0,9.592436974789916,10.5,9.592436974789916,8.962025316455696,35.41365391036383,3.970900063186924,0.2876724395609382,2.0,0.0,27.25,1
1099,2023,2,77,max_verstappen,red_bull,15,24.0,6.5,1.5,6.5,5.85,35.41365391036383,2.160176742552346,0.5479763175136729,2.0,0.0,27.25,0
1099,2023,2,77,alonso,aston_martin,2,24.0,8.479108635097493,14.5,8.421511627906977,10.078260869565218,6.928515697049439,10.411692236915076,-1.1015162765664752,2.0,0.0,27.25,0
1099,2023,2,77,russell,mercedes,3,24.0,12.228915662650602,12.0,12.228915662650602,11.870967741935484,22.35616309659446,5.356326767619128,-0.9156432306089148,2.0,0.0,27.25,0
1099,2023,2,77,hamilton,mercedes,7,24.0,4.787781350482315,5.5,4.777777777777778,4.5,22.35616309659446,6.471117425452379,-1.1553798599183778,2.0,0.0,27.25,0
1099,2023,2,77,sainz,ferrari,4,24.0,9.981707317073171,5.5,9.981707317073171,9.533333333333331,21.298835590808032,6.7838867364804765,-1.930181482128422,2.0,0.0,27.25,0
1099,2023,2,77,leclerc,ferrari,12,24.0,8.221153846153847,4.5,8.221153846153847,7.794871794871795,21.298835590808032,6.857359836941902,-2.3366762478310075,2.0,0.0,27.25,0
1099,2023,2,77,ocon,alpine,6,24.0,10.651785714285714,5.0,10.651785714285714,10.738095238095235,7.020719380690544,10.336647728372606,-0.4777127500321681,2.0,0.0,27.25,0
1099,2023,2,77,gasly,alpine,9,24.0,11.0,7.0,11.0,11.609756097560975,7.020719380690544,12.096230944235364,1.0509365573581433,2.0,0.0,27.25,0
1099,2023,2,77,kevin_magnussen,haas,13,24.0,13.286713286713288,9.0,13.286713286713288,13.68,0.4616537089260905,14.918983125421972,-0.3297763725886378,2.0,0.0,27.25,0
1099,2023,2,77,tsunoda,alphatauri,16,24.0,13.822222222222225,16.5,13.822222222222225,14.36842105263158,0.6051363706611411,14.080719766158277,-2.6633405793981897,2.0,0.0,27.25,0
1099,2023,2,77,hulkenberg,haas,10,24.0,11.67027027027027,12.0,11.67027027027027,11.39655172413793,0.4616537089260905,12.833836763108756,-0.131412959580671,2.0,0.0,27.25,0
1099,2023,2,77,zhou,alfa,11,24.0,14.391304347826088,11.0,14.391304347826088,13.3,1.3979723850195989,14.019470245269552,-0.2844363440577468,2.0,0.0,27.25,0
1099,2023,2,77,de_vries,alphatauri,18,24.0,11.5,11.5,11.5,9.0,0.6051363706611411,11.75,2.3,2.0,0.0,27.25,0
1099,2023,2,77,piastri,mclaren,8,24.0,20.0,20.0,20.0,10.5,5.746583977619456,20.0,-2.0,2.0,0.0,27.25,0
1099,2023,2,77,sargeant,williams,20,24.0,12.0,12.0,12.0,10.5,0.4529354147681282,12.0,4.0,2.0,0.0,27.25,0
1099,2023,2,77,norris,mclaren,19,24.0,8.951807228915662,8.5,8.951807228915662,8.548387096774194,5.746583977619456,10.46970262359879,-2.5305321295328453,2.0,0.0,27.25,0
1099,2023,2,77,bottas,alfa,14,24.0,7.603960396039604,9.0,7.603960396039604,7.253521126760563,1.3979723850195989,12.428697211586188,-0.2982058792885486,2.0,0.0,27.25,0
1099,2023,2,77,albon,williams,17,24.0,10.65,14.0,10.65,10.904761904761903,0.4529354147681282,13.305291824991068,2.3015214468708973,2.0,0.0,27.25,0
1099,2023,2,77,stroll,aston_martin,5,24.0,12.333333333333334,12.0,12.333333333333334,12.304347826086955,6.928515697049439,10.666757763880572,2.1625598378974424,2.0,0.0,27.25,0
1100,2023,3,1,max_verstappen,red_bull,1,65.0,6.472727272727273,9.166666666666666,6.472727272727273,6.875,36.97480774484313,2.1310536984519195,2.811980623420288,4.0,0.0,35.0,1
1100,2023,3,1,hamilton,mercedes,3,65.0,4.788461538461538,5.142857142857143,4.778501628664495,4.92018779342723,22.291406169940924,6.203641529915583,-0.5816744308423087,4.0,0.0,35.0,0
1100,2023,3,1,alonso,aston_martin,4,65.0,8.463888888888889,6.647058823529412,8.405797101449275,7.725409836065574,8.39620208642711,9.064111830203244,-1.083058771736207,4.0,0.0,35.0,0
1100,2023,3,1,stroll,aston_martin,6,65.0,12.39516129032258,12.75,12.39516129032258,12.35064935064935,8.39620208642711,12.36371089774696,-0.9579055872235288,4.0,0.0,35.0,0
1100,2023,3,1,perez,red_bull,22,65.0,9.556485355648537,10.7,9.556485355648537,9.90566037735849,36.97480774484313,3.4307364153347555,0.2353683596407675,4.0,0.0,35.0,0
1100,2023,3,1,norris,mclaren,13,65.0,9.047619047619047,8.5,9.047619047619047,9.192307692307692,4.701750527143191,11.657029476056753,-1.70679897570175,4.0,0.0,35.0,0
1100,2023,3,1,hulkenberg,haas,10,65.0,11.672043010752688,12.333333333333334,11.672043010752688,11.79527559055118,0.5595348527577289,12.682230078907162,-0.471156057838731,4.0,0.0,35.0,0
1100,2023,3,1,piastri,mclaren,16,65.0,17.5,17.5,17.5,20.0,4.701750527143191,17.25,-4.75,4.0,0.0,35.0,0
1100,2023,3,1,zhou,alfa,17,65.0,14.333333333333334,11.0,14.333333333333334,15.23076923076923,1.1437955755948497,13.832598670083351,-0.5989036707950374,4.0,0.0,35.0,0
1100,2023,3,1,tsunoda,alphatauri,12,65.0,13.76086956521739,15.0,13.76086956521739,13.423076923076923,0.4951112203388562,13.520534018336852,-1.2698694106025332,4.0,0.0,35.0,0
1100,2023,3,1,bottas,alfa,22,65.0,7.655172413793103,8.125,7.655172413793103,7.793893129770993,1.1437955755948497,13.441661354934157,-0.9712593557815404,4.0,0.0,35.0,0
1100,2023,3,1,sainz,ferrari,5,65.0,9.957575757575755,12.666666666666666,9.957575757575755,10.240384615384617,19.97177457429748,6.641361875302208,-1.9428757581050728,4.0,0.0,35.0,0
1100,2023,3,1,gasly,alpine,9,65.0,10.981818181818182,12.666666666666666,10.981818181818182,10.632352941176473,6.835115855219288,11.533279863319432,0.859857183243516,4.0,0.0,35.0,0
1100,2023,3,1,ocon,alpine,11,65.0,10.628318584070795,9.666666666666666,10.628318584070795,10.6,6.835115855219288,9.911802686790022,-0.7544922500655988,4.0,0.0,35.0,0
1100,2023,3,1,de_vries,alphatauri,15,65.0,12.333333333333334,12.333333333333334,12.333333333333334,14.0,0.4951112203388562,12.654485049833887,2.9833887043189367,4.0,0.0,35.0,0
1100,2023,3,1,sargeant,williams,18,65.0,14.0,14.0,14.0,12.0,0.370583521173923,14.2,4.0,4.0,0.0,35.0,0
1100,2023,3,1,kevin_magnussen,haas,14,65.0,13.26388888888889,11.857142857142858,13.26388888888889,13.075268817204302,0.5595348527577289,14.02462255716318,0.2756375133367401,4.0,0.0,35.0,0
1100,2023,3,1,russell,mercedes,2,65.0,12.13095238095238,9.5,12.13095238095238,12.442307692307692,22.291406169940924,5.1097218889927305,-0.9309808257767228,4.0,0.0,35.0,0
1100,2023,3,1,albon,williams,8,65.0,10.78688524590164,12.0,10.78688524590164,10.512820512820513,0.370583521173923,14.340698311127897,1.5194228617507195,4.0,0.0,35.0,0
1100,2023,3,1,leclerc,ferrari,7,65.0,8.209523809523809,6.333333333333333,8.209523809523809,8.476923076923077,19.97177457429748,6.8832944120617015,-1.0027351109190443,4.0,0.0,35.0,0
1101,2023,4,73,perez,red_bull,3,23.0,9.5375,5.0,9.5375,9.875,36.79756997305347,3.716057067092073,-0.7165167966575544,4.0,0.0,36.125,1
1101,2023,4,73,max_verstappen,red_bull,2,23.0,6.4397590361445785,10.833333333333334,6.4397590361445785,6.819047619047619,36.79756997305347,1.9254075714606609,2.300711419162052,4.0,0.0,36.125,0
1101,2023,4,73,leclerc,ferrari,1,23.0,8.320754716981131,8.5,8.320754716981131,8.651515151515152,16.340542833516118,9.268149974883965,-3.1840560011041044,4.0,0.0,36.125,0
1101,2023,4,73,alonso,aston_martin,6,23.0,8.448753462603879,9.6,8.390173410404625,7.706122448979592,11.77898195165037,7.961546042893562,-0.7043208132387146,4.0,0.0,36.125,0
1101,2023,4,73,sainz,ferrari,4,23.0,9.96987951807229,11.5,9.96987951807229,10.257142857142858,16.340542833516118,7.615659716156355,-2.862352892995063,4.0,0.0,36.125,0
1101,2023,4,73,hamilton,mercedes,5,23.0,4.779552715654952,5.333333333333333,4.76948051948052,4.906542056074766,21.511150502678937,5.43934306993093,-0.2940972615982524,4.0,0.0,36.125,0
1101,2023,4,73,stroll,aston_martin,9,23.0,12.328,11.0,12.328,12.243589743589745,11.77898195165037,10.843036189046272,-0.4201045713578367,4.0,0.0,36.125,0
1101,2023,4,73,russell,mercedes,11,23.0,12.2,11.666666666666666,12.2,12.547169811320757,21.511150502678937,7.453408909917248,-3.6708026009587353,4.0,0.0,36.125,0
1101,2023,4,73,norris,mclaren,7,23.0,9.011764705882351,7.333333333333333,9.011764705882351,9.132075471698114,6.02870497675352,10.628478622006517,-0.123744554577511,4.0,0.0,36.125,0
1101,2023,4,73,tsunoda,alphatauri,8,23.0,13.680851063829786,10.0,13.680851063829786,13.296296296296296,0.5869094230628504,12.8803856116841,-0.6753000406554605,4.0,0.0,36.125,0
1101,2023,4,73,piastri,mclaren,10,23.0,14.333333333333334,14.333333333333334,14.333333333333334,14.0,6.02870497675352,13.531561461794018,0.3754152823920266,4.0,0.0,36.125,0
1101,2023,4,73,albon,williams,12,23.0,10.919354838709678,11.5,10.919354838709678,10.725,0.3032046991423006,15.187847419688996,-0.7568448335482654,4.0,0.0,36.125,0
1101,2023,4,73,kevin_magnussen,haas,16,23.0,13.289655172413791,12.8,13.289655172413791,13.117021276595745,1.5487103340746582,14.565600274042726,-0.3199329436337139,4.0,0.0,36.125,0
1101,2023,4,73,gasly,alpine,17,23.0,11.0,9.25,11.0,10.666666666666666,5.592267894877006,11.79995625186334,-0.0237532138971738,4.0,0.0,36.125,0
1101,2023,4,73,ocon,alpine,22,23.0,10.657894736842104,13.75,10.657894736842104,10.647887323943662,5.592267894877006,10.655111289278144,-1.1627663864647142,4.0,0.0,36.125,0
1101,2023,4,73,sargeant,williams,14,23.0,14.666666666666666,14.666666666666666,14.666666666666666,14.0,0.3032046991423006,14.923588039867107,3.1960132890365447,4.0,0.0,36.125,0
1101,2023,4,73,hulkenberg,haas,22,23.0,11.647058823529411,14.5,11.647058823529411,11.7578125,1.5487103340746582,11.649097337287678,0.159963225404675,4.0,0.0,36.125,0
1101,2023,4,73,bottas,alfa,13,23.0,7.671568627450981,7.666666666666667,7.671568627450981,7.818181818181818,1.2994691133925296,12.99772292676431,-2.794666745639443,4.0,0.0,36.125,0
1101,2023,4,73,zhou,alfa,15,23.0,14.12,18.0,14.12,14.785714285714286,1.2994691133925296,12.948083648500072,0.9749616520281884,4.0,0.0,36.125,0
1101,2023,4,73,de_vries,alphatauri,18,23.0,13.0,13.0,13.0,14.5,0.5869094230628504,13.42722772277228,2.0004950495049503,4.0,0.0,36.125,0
1102,2023,5,79,max_verstappen,red_bull,9,20.0,6.413173652694611,1.0,6.413173652694611,5.786885245901639,37.925284523407385,1.9389698311950856,1.8824002520416776,1.0,0.0,24.33333333333333,1
1102,2023,5,79,perez,red_bull,1,20.0,9.50207468879668,4.0,9.50207468879668,8.8625,37.925284523407385,3.222228509438968,-0.222604651810726,1.0,0.0,24.33333333333333,0
1102,2023,5,79,alonso,aston_martin,2,20.0,8.43646408839779,11.0,8.377521613832853,10.017241379310343,12.910150327723947,7.241264944185642,-0.2126261199225843,1.0,0.0,24.33333333333333,0
1102,2023,5,79,russell,mercedes,6,20.0,12.151162790697674,5.0,12.151162790697674,11.625,19.963668593100948,7.552789111293802,-2.457929361978292,1.0,0.0,24.33333333333333,0
1102,2023,5,79,sainz,ferrari,3,20.0,9.940119760479044,3.0,9.940119760479044,9.475409836065571,17.914989591058642,7.140085222309744,-2.5237432760868685,1.0,0.0,24.33333333333333,0
1102,2023,5,79,hamilton,mercedes,13,20.0,4.78343949044586,6.0,4.773462783171521,4.505050505050505,19.963668593100948,5.541280693579853,-0.4224432140349338,1.0,0.0,24.33333333333333,0
1102,2023,5,79,leclerc,ferrari,7,20.0,8.271028037383177,2.0,8.271028037383177,7.775,17.914989591058642,8.12848634254773,-2.968773091710603,1.0,0.0,24.33333333333333,0
1102,2023,5,79,gasly,alpine,5,20.0,11.026785714285714,18.0,11.026785714285714,11.547619047619047,4.57542522635355,12.199964206139388,0.5260200978158538,1.0,0.0,24.33333333333333,0
1102,2023,5,79,ocon,alpine,8,20.0,10.695652173913045,8.0,10.695652173913045,10.674418604651162,4.57542522635355,11.445091054938985,-3.678627043710141,1.0,0.0,24.33333333333333,0
1102,2023,5,79,kevin_magnussen,haas,4,20.0,13.287671232876711,16.0,13.287671232876711,13.607843137254902,1.2671266369701393,14.280945678762178,0.2836912279361664,1.0,0.0,24.33333333333333,0
1102,2023,5,79,tsunoda,alphatauri,17,20.0,13.604166666666666,12.0,13.604166666666666,14.2,0.6620169632135136,12.356644788315366,-0.9161703757277112,1.0,0.0,24.33333333333333,0
1102,2023,5,79,stroll,aston_martin,18,20.0,12.285714285714286,10.0,12.285714285714286,12.46808510638298,12.910150327723947,10.144302336485104,0.0199144416209133,1.0,0.0,24.33333333333333,0
1102,2023,5,79,bottas,alfa,10,20.0,7.721951219512195,7.0,7.721951219512195,7.402777777777778,1.0632019943072002,13.907227849170798,-3.195636428250453,1.0,0.0,24.33333333333333,0
1102,2023,5,79,albon,williams,11,20.0,10.936507936507937,9.0,10.936507936507937,11.272727272727272,0.2480765720255186,14.608236924334724,-0.6192362371738417,1.0,0.0,24.33333333333333,0
1102,2023,5,79,hulkenberg,haas,12,20.0,11.675531914893616,11.675531914893616,11.675531914893616,11.40677966101695,1.2671266369701393,12.621988730508102,-2.960030088305268,1.0,0.0,24.33333333333333,0
1102,2023,5,79,zhou,alfa,14,20.0,14.307692307692308,20.0,14.307692307692308,13.272727272727272,1.0632019943072002,14.0544297998239,0.0654927570490161,1.0,0.0,24.33333333333333,0
1102,2023,5,79,norris,mclaren,16,20.0,9.011627906976743,19.0,9.011627906976743,8.8125,5.296213162798334,10.332391590350149,-0.4648819192054507,1.0,0.0,24.33333333333333,0
1102,2023,5,79,de_vries,alphatauri,15,20.0,14.4,14.4,14.4,11.5,0.6620169632135136,15.314091880551365,0.8520617242799157,1.0,0.0,24.33333333333333,0
1102,2023,5,79,piastri,mclaren,19,20.0,13.5,13.5,13.5,15.0,5.296213162798334,12.697524752475246,-0.0777227722772277,1.0,0.0,24.33333333333333,0
1102,2023,5,79,sargeant,williams,20,20.0,15.0,15.0,15.0,16.0,0.2480765720255186,15.278217821782176,1.4841584158415837,1.0,0.0,24.33333333333333,0
1104,2023,6,6,max_verstappen,red_bull,1,37.0,6.380952380952381,8.285714285714286,6.380952380952381,5.709677419354839,39.02977824642423,1.7682480437050698,2.99469111530683,3.0,0.0,31.615384615384617,1
1104,2023,6,6,alonso,aston_martin,2,37.0,8.421487603305785,7.722222222222222,8.362068965517242,9.957264957264956,13.290143385402349,6.470125863424616,-0.3557850072093873,3.0,0.0,31.615384615384617,0
1104,2023,6,6,ocon,alpine,3,37.0,10.68103448275862,9.75,10.68103448275862,10.636363636363637,4.834452720680388,11.000529044915522,-3.191603944815896,3.0,0.0,31.615384615384617,0
1104,2023,6,6,hamilton,mercedes,5,37.0,4.787301587301587,4.466666666666667,4.77741935483871,4.52,19.97027430344623,5.624684203838061,0.9270919157896004,3.0,0.0,31.615384615384617,0
1104,2023,6,6,russell,mercedes,8,37.0,12.057471264367816,11.333333333333334,12.057471264367816,11.393939393939394,19.97027430344623,6.9068274377850125,-1.6473967294914735,3.0,0.0,31.615384615384617,0
1104,2023,6,6,leclerc,ferrari,6,37.0,8.25925925925926,15.5,8.25925925925926,7.7560975609756095,17.566809665411615,7.923307007459633,-2.428996165736112,3.0,0.0,31.615384615384617,0
1104,2023,6,6,gasly,alpine,7,37.0,11.0,7.25,11.0,11.465116279069768,4.834452720680388,11.436334350369313,-0.1150744655143738,3.0,0.0,31.615384615384617,0
1104,2023,6,6,sainz,ferrari,4,37.0,9.910714285714286,6.285714285714286,9.910714285714286,9.403225806451612,17.566809665411615,6.750978818253427,-2.428517225889256,3.0,0.0,31.615384615384617,0
1104,2023,6,6,norris,mclaren,10,37.0,9.10344827586207,6.666666666666667,9.10344827586207,9.06060606060606,4.333265315016818,11.544684060203569,-0.5621761182605078,3.0,0.0,31.615384615384617,0
1104,2023,6,6,piastri,mclaren,11,37.0,14.6,14.6,14.6,17.0,4.333265315016818,14.506793984431678,-0.0554106782219956,3.0,0.0,31.615384615384617,0
1104,2023,6,6,bottas,alfa,15,37.0,7.747572815533981,10.444444444444445,7.747572815533981,7.47945205479452,0.8698925357363655,13.742277331139745,-3.1600661685685525,3.0,0.0,31.615384615384617,0
1104,2023,6,6,de_vries,alphatauri,12,37.0,15.0,15.0,15.0,13.666666666666666,0.5416500295232765,16.011714995323036,-0.1484517627326392,3.0,0.0,31.615384615384617,0
1104,2023,6,6,zhou,alfa,19,37.0,14.37037037037037,16.0,14.37037037037037,13.5,0.8698925357363655,14.409745850257687,-0.3117245382034653,3.0,0.0,31.615384615384617,0
1104,2023,6,6,albon,williams,13,37.0,10.984375,13.0,10.984375,11.391304347826088,0.2029717407481515,14.497648100154928,-1.052103520706137,3.0,0.0,31.615384615384617,0
1104,2023,6,6,tsunoda,alphatauri,9,37.0,13.551020408163266,16.5,13.551020408163266,14.047619047619047,0.5416500295232765,12.109968863183406,0.3413826259842655,3.0,0.0,31.615384615384617,0
1104,2023,6,6,perez,red_bull,20,37.0,9.47107438016529,11.272727272727272,9.47107438016529,8.777777777777779,39.02977824642423,3.0000051440864284,-0.3639492605724122,3.0,0.0,31.615384615384617,0
1104,2023,6,6,hulkenberg,haas,18,37.0,11.693121693121691,11.77777777777778,11.693121693121691,11.466666666666669,1.218558157521018,13.054354415870264,-2.967297344977038,3.0,0.0,31.615384615384617,0
1104,2023,6,6,sargeant,williams,16,37.0,16.0,16.0,16.0,18.0,0.2029717407481515,16.633713064449715,1.0580969000607827,3.0,0.0,31.615384615384617,0
1104,2023,6,6,kevin_magnussen,haas,17,37.0,13.26530612244898,14.333333333333334,13.26530612244898,13.538461538461538,1.218558157521018,13.502591918987116,-0.8587980862342223,3.0,0.0,31.615384615384617,0
1104,2023,6,6,stroll,aston_martin,14,37.0,12.283464566929132,14.0,12.283464566929132,12.458333333333334,13.290143385402349,10.481701911672516,1.1072027249718612,3.0,0.0,31.615384615384617,0
1105,2023,7,4,max_verstappen,red_bull,1,43.0,6.349112426035503,5.25,6.349112426035503,6.773584905660377,36.4789094743471,1.6285665812132384,2.450201821614678,5.0,0.0,47.785714285714285,1
1105,2023,7,4,hamilton,mercedes,4,43.0,4.784810126582278,5.25,4.77491961414791,4.911627906976745,20.521133521001463,5.329287075867505,0.9403479311005822,5.0,0.0,47.785714285714285,0
1105,2023,7,4,russell,mercedes,12,43.0,11.977272727272728,12.75,11.977272727272728,12.462962962962964,20.521133521001463,6.56013153258029,-0.8024154878495264,5.0,0.0,47.785714285714285,0
1105,2023,7,4,perez,red_bull,11,43.0,9.497942386831276,8.916666666666666,9.497942386831276,9.819875776397517,36.4789094743471,5.3636405724343525,0.4294960595316632,5.0,0.0,47.785714285714285,0
1105,2023,7,4,sainz,ferrari,2,43.0,9.899408284023668,6.75,9.899408284023668,10.20754716981132,16.554662453518592,6.978073578570987,-2.7142413666366645,5.0,0.0,47.785714285714285,0
1105,2023,7,4,stroll,aston_martin,5,43.0,12.34375,12.666666666666666,12.34375,12.177215189873415,14.146518548873336,12.2123015641078,-0.1850159523047892,5.0,0.0,47.785714285714285,0
1105,2023,7,4,alonso,aston_martin,8,43.0,8.403846153846153,7.684210526315789,8.343839541547277,7.691056910569106,14.146518548873336,5.657375706438321,-0.2910968240804077,5.0,0.0,47.785714285714285,0
1105,2023,7,4,ocon,alpine,6,43.0,10.615384615384617,10.0,10.615384615384617,10.708333333333334,7.773772179157784,9.545887400292916,-2.6113123184488285,5.0,0.0,47.785714285714285,0
1105,2023,7,4,zhou,alfa,13,43.0,14.321428571428571,19.0,14.321428571428571,15.066666666666666,0.7117302531240082,14.152494841590562,0.8400415787778999,5.0,0.0,47.785714285714285,0
1105,2023,7,4,gasly,alpine,10,43.0,10.964912280701755,11.4,10.964912280701755,10.714285714285714,7.773772179157784,10.62972810475396,-0.0941518354184219,5.0,0.0,47.785714285714285,0
1105,2023,7,4,leclerc,ferrari,19,43.0,8.238532110091743,11.8,8.238532110091743,8.567164179104477,16.554662453518592,7.5736148241744115,-1.987360499098776,5.0,0.0,47.785714285714285,0
1105,2023,7,4,tsunoda,alphatauri,15,43.0,13.58,15.0,13.58,13.178571428571429,0.4431680633159818,12.63545214001114,-0.8116466543823282,5.0,0.0,47.785714285714285,0
1105,2023,7,4,piastri,mclaren,9,43.0,13.833333333333334,13.833333333333334,13.833333333333334,13.0,4.090853439559215,13.336223913814791,0.2187159307163823,5.0,0.0,47.785714285714285,0
1105,2023,7,4,de_vries,alphatauri,14,43.0,14.571428571428571,14.571428571428571,14.571428571428571,16.333333333333332,0.4431680633159818,15.045052835917248,-0.1126808513648007,5.0,0.0,47.785714285714285,0
1105,2023,7,4,hulkenberg,haas,7,43.0,11.721052631578948,13.88888888888889,11.721052631578948,11.7984496124031,0.9970021288808142,13.771744522075672,-2.2459705549812123,5.0,0.0,47.785714285714285,0
1105,2023,7,4,albon,williams,18,43.0,11.03076923076923,12.333333333333334,11.03076923076923,10.75609756097561,0.1660677878848512,14.407166431605576,-1.0426301328054917,5.0,0.0,47.785714285714285,0
1105,2023,7,4,norris,mclaren,3,43.0,9.102272727272728,11.5,9.102272727272728,9.12962962962963,4.090853439559215,11.082014221166054,-0.2781440906751204,5.0,0.0,47.785714285714285,0
1105,2023,7,4,kevin_magnussen,haas,17,43.0,13.304054054054054,12.142857142857142,13.304054054054054,13.115789473684211,0.9970021288808142,14.502120660989585,-1.0662893432825715,5.0,0.0,47.785714285714285,0
1105,2023,7,4,bottas,alfa,16,43.0,7.763285024154589,6.3,7.763285024154589,7.894736842105263,0.7117302531240082,13.2436814527507,-1.858235956101542,5.0,0.0,47.785714285714285,0
1105,2023,7,4,sargeant,williams,20,43.0,16.333333333333332,16.333333333333332,16.333333333333332,14.666666666666666,0.1660677878848512,16.988584975647516,0.263803502886817,5.0,0.0,47.785714285714285,0
1106,2023,8,7,max_verstappen,red_bull,1,33.0,6.317647058823529,7.666666666666667,6.317647058823529,5.634920634920635,36.75547138810217,1.5142817482653768,2.0047105813210995,3.0,0.0,34.833333333333336,1
1106,2023,8,7,alonso,aston_martin,2,33.0,8.4,11.117647058823527,8.34,9.889830508474576,14.119877855770474,5.901489214358628,-0.0563519469748789,3.0,0.0,34.833333333333336,0
1106,2023,8,7,hamilton,mercedes,3,33.0,4.77602523659306,6.0,4.766025641025641,4.514851485148514,22.790018335364834,4.723962152982504,1.1330119436277493,3.0,0.0,34.833333333333336,0
1106,2023,8,7,leclerc,ferrari,10,33.0,8.263636363636364,6.0,8.263636363636364,7.714285714285714,15.362905643787936,8.196593947213211,-0.171476771519397,3.0,0.0,34.833333333333336,0
1106,2023,8,7,sainz,ferrari,11,33.0,9.870588235294118,10.333333333333334,9.870588235294118,9.38095238095238,15.362905643787936,6.618423837012625,-2.766197481793635,3.0,0.0,34.833333333333336,0
1106,2023,8,7,perez,red_bull,12,33.0,9.475409836065571,10.77777777777778,9.475409836065571,8.865853658536585,36.75547138810217,5.115705922900833,1.6241331396168162,3.0,0.0,34.833333333333336,0
1106,2023,8,7,albon,williams,9,33.0,11.106060606060606,16.0,11.106060606060606,11.5,0.1358736446330601,14.69677304768964,-0.4894236746785285,3.0,0.0,34.833333333333336,0
1106,2023,8,7,ocon,alpine,6,33.0,10.59322033898305,7.0,10.59322033898305,10.466666666666669,7.269431848664303,9.264816963861398,-2.5001646241796216,3.0,0.0,34.833333333333336,0
1106,2023,8,7,stroll,aston_martin,16,33.0,12.294573643410851,12.0,12.294573643410851,12.612244897959185,14.119877855770474,11.082792188809009,-0.3331948700684028,3.0,0.0,34.833333333333336,0
1106,2023,8,7,bottas,alfa,14,33.0,7.8173076923076925,5.25,7.8173076923076925,7.527027027027027,0.9459611202970428,14.290284824977844,-2.0658294186285344,3.0,0.0,34.833333333333336,0
1106,2023,8,7,piastri,mclaren,8,33.0,13.714285714285714,13.714285714285714,13.714285714285714,14.666666666666666,3.3470619050939026,13.25520745702487,-0.7978251386916476,3.0,0.0,34.833333333333336,0
1106,2023,8,7,gasly,alpine,15,33.0,10.956521739130435,11.0,10.956521739130435,11.363636363636363,7.269431848664303,10.515232085696908,-0.0770333198861735,3.0,0.0,34.833333333333336,0
1106,2023,8,7,norris,mclaren,7,33.0,9.191011235955056,17.5,9.191011235955056,9.058823529411764,3.3470619050939026,12.158011654355326,-2.7730270270000856,3.0,0.0,34.833333333333336,0
1106,2023,8,7,tsunoda,alphatauri,19,33.0,13.549019607843135,18.0,13.549019607843135,14.090909090909092,0.3625919563059728,12.519911237007593,-0.1185950952671686,3.0,0.0,34.833333333333336,0
1106,2023,8,7,hulkenberg,haas,5,33.0,11.738219895287958,9.88888888888889,11.738219895287958,11.557377049180328,0.8157290145388354,13.995063699880095,-3.292157726802811,3.0,0.0,34.833333333333336,0
1106,2023,8,7,zhou,alfa,20,33.0,14.137931034482758,8.0,14.137931034482758,13.461538461538462,0.9459611202970428,13.212887681058673,1.416290493303115,3.0,0.0,34.833333333333336,0
1106,2023,8,7,kevin_magnussen,haas,13,33.0,13.335570469798656,14.0,13.335570469798656,13.641509433962264,0.8157290145388354,15.138098722627907,-1.054236735413012,3.0,0.0,34.833333333333336,0
1106,2023,8,7,de_vries,alphatauri,17,33.0,14.5,14.5,14.5,13.25,0.3625919563059728,14.807298279351569,-0.0870454146395681,3.0,0.0,34.833333333333336,0
1106,2023,8,7,russell,mercedes,4,33.0,11.876404494382022,10.0,11.876404494382022,11.205882352941176,22.790018335364834,5.91283487894971,0.9798419048100198,3.0,0.0,34.833333333333336,0
1106,2023,8,7,sargeant,williams,18,33.0,16.857142857142858,16.857142857142858,16.857142857142858,18.0,0.1358736446330601,17.714215025065627,0.2002374559326643,3.0,0.0,34.833333333333336,0
1107,2023,9,70,max_verstappen,red_bull,1,63.0,6.286549707602339,5.9,6.286549707602339,6.719626168224299,36.25447659026541,1.42077597585349,1.6402177483536262,4.0,0.0,35.69230769230769,1
1107,2023,9,70,leclerc,ferrari,2,63.0,8.225225225225225,6.857142857142857,8.225225225225225,8.602941176470589,16.56965007219013,7.43357686573996,0.950609914449282,4.0,0.0,35.69230769230769,0
1107,2023,9,70,perez,red_bull,15,63.0,9.46122448979592,9.0,9.46122448979592,9.783950617283953,36.25447659026541,5.276486664191591,2.419745296050123,4.0,0.0,35.69230769230769,0
1107,2023,9,70,norris,mclaren,4,63.0,9.233333333333333,4.833333333333333,9.233333333333333,9.272727272727272,2.738505195076829,12.311100446667504,-3.359749394139683,4.0,0.0,35.69230769230769,0
1107,2023,9,70,alonso,aston_martin,7,63.0,8.382513661202186,13.0,8.321937321937321,7.6882591093117405,15.189022394429951,5.192127539020695,-0.0461061384339918,4.0,0.0,35.69230769230769,0
1107,2023,9,70,sainz,ferrari,3,63.0,9.842105263157896,10.4,9.842105263157896,10.158878504672897,16.56965007219013,6.324164957555785,-1.1723433941947896,4.0,0.0,35.69230769230769,0
1107,2023,9,70,russell,mercedes,11,63.0,11.955555555555556,13.833333333333334,11.955555555555556,12.290909090909093,21.3736513652985,8.292319480530104,-1.925583937722105,4.0,0.0,35.69230769230769,0
1107,2023,9,70,hamilton,mercedes,5,63.0,4.770440251572327,4.0,4.76038338658147,4.898148148148148,21.3736513652985,4.410514488803867,0.9270097720590674,4.0,0.0,35.69230769230769,0
1107,2023,9,70,stroll,aston_martin,6,63.0,12.26923076923077,12.125,12.26923076923077,12.1,15.189022394429951,10.704102699932871,1.0001132881320958,4.0,0.0,35.69230769230769,0
1107,2023,9,70,gasly,alpine,9,63.0,10.96551724137931,12.0,10.96551724137931,10.704225352112676,6.674972223544252,10.785189888318454,0.4824272837729805,4.0,0.0,35.69230769230769,0
1107,2023,9,70,albon,williams,10,63.0,11.044776119402986,11.0,11.044776119402986,10.88095238095238,1.2020784365179589,13.29735773914637,-0.0368005327189385,4.0,0.0,35.69230769230769,0
1107,2023,9,70,zhou,alfa,17,63.0,14.2,14.0,14.2,14.6875,0.9557863712929988,13.72086945411593,1.887199874083045,4.0,0.0,35.69230769230769,0
1107,2023,9,70,sargeant,williams,18,63.0,17.25,17.25,17.25,16.0,1.2020784365179589,18.234242122684112,-0.300327168836118,4.0,0.0,35.69230769230769,0
1107,2023,9,70,ocon,alpine,12,63.0,10.571428571428571,11.285714285714286,10.571428571428571,10.67123287671233,6.674972223544252,9.034850243149537,-2.409225601597637,4.0,0.0,35.69230769230769,0
1107,2023,9,70,bottas,alfa,14,63.0,7.827751196172249,5.363636363636363,7.827751196172249,7.977611940298507,0.9557863712929988,13.510233038618235,-0.9629513425142548,4.0,0.0,35.69230769230769,0
1107,2023,9,70,piastri,mclaren,13,63.0,13.375,13.375,13.375,13.0,2.738505195076829,12.742136892092187,-1.2988305325202836,4.0,0.0,35.69230769230769,0
1107,2023,9,70,de_vries,alphatauri,22,63.0,14.88888888888889,14.88888888888889,14.88888888888889,15.75,0.2966660821401324,15.50191844750794,-0.285672384237404,4.0,0.0,35.69230769230769,0
1107,2023,9,70,kevin_magnussen,haas,22,63.0,13.36,12.5,13.36,13.166666666666666,0.6674146482590386,15.47662622760468,-1.589830056247055,4.0,0.0,35.69230769230769,0
1107,2023,9,70,tsunoda,alphatauri,16,63.0,13.557692307692308,12.666666666666666,13.557692307692308,13.137931034482758,0.2966660821401324,12.78902619395411,0.8120859105831186,4.0,0.0,35.69230769230769,0
1107,2023,9,70,hulkenberg,haas,8,63.0,11.755208333333334,13.333333333333334,11.755208333333334,11.823076923076924,0.6674146482590386,14.177779390810986,-4.511765412838664,4.0,0.0,35.69230769230769,0
1108,2023,10,9,max_verstappen,red_bull,1,24.0,6.255813953488372,8.0,6.255813953488372,6.666666666666667,37.117299028398975,1.3442712529710372,1.341996339562057,4.0,0.0,37.266666666666666,1
1108,2023,10,9,norris,mclaren,2,24.0,9.175824175824175,7.0,9.175824175824175,9.178571428571429,4.4224133414264974,10.79999125681936,-2.7488858607664444,4.0,0.0,37.266666666666666,0
1108,2023,10,9,hamilton,mercedes,7,24.0,4.780564263322884,3.0588235294117645,4.770700636942675,4.912442396313364,19.305714753426045,5.063148218112255,0.2130079953210547,4.0,0.0,37.266666666666666,0
1108,2023,10,9,piastri,mclaren,3,24.0,13.666666666666666,13.666666666666666,13.666666666666666,13.6,4.4224133414264974,13.450933897841212,-1.6689454774651724,4.0,0.0,37.266666666666666,0
1108,2023,10,9,russell,mercedes,6,24.0,11.9010989010989,14.8,11.9010989010989,12.196428571428571,19.305714753426045,8.05735229949551,-0.8482050273157471,4.0,0.0,37.266666666666666,0
1108,2023,10,9,perez,red_bull,15,24.0,9.434959349593496,11.727272727272728,9.434959349593496,9.74233128834356,37.117299028398975,4.862579997974938,4.161609787677374,4.0,0.0,37.266666666666666,0
1108,2023,10,9,alonso,aston_martin,9,24.0,8.373297002724795,8.210526315789474,8.3125,7.67741935483871,14.60918619822527,5.15719525919875,0.3259131594630978,4.0,0.0,37.266666666666666,0
1108,2023,10,9,albon,williams,8,24.0,11.044117647058824,11.25,11.044117647058824,10.883720930232558,0.9835187207874208,12.879655836972647,-0.2119279161474808,4.0,0.0,37.266666666666666,0
1108,2023,10,9,leclerc,ferrari,4,24.0,8.169642857142858,5.833333333333333,8.169642857142858,8.507246376811594,18.284259149973742,6.445653799070428,0.777771748155797,4.0,0.0,37.266666666666666,0
1108,2023,10,9,sainz,ferrari,5,24.0,9.819767441860463,10.77777777777778,9.819767441860463,10.12037037037037,18.284259149973742,6.265225874363823,-1.504644595250283,4.0,0.0,37.266666666666666,0
1108,2023,10,9,sargeant,williams,14,24.0,16.77777777777778,16.77777777777778,16.77777777777778,15.4,0.9835187207874208,17.095454205254864,0.8528385420380509,4.0,0.0,37.266666666666666,0
1108,2023,10,9,bottas,alfa,20,24.0,7.8619047619047615,6.818181818181818,7.8619047619047615,8.02962962962963,0.7820070290193075,13.781099758869466,-0.9696874620571176,4.0,0.0,37.266666666666666,0
1108,2023,10,9,hulkenberg,haas,11,24.0,11.797927461139896,9.363636363636363,11.797927461139896,11.885496183206106,0.5460665303937532,15.23636495611808,-5.873262610504363,4.0,0.0,37.266666666666666,0
1108,2023,10,9,stroll,aston_martin,12,24.0,12.244274809160306,10.714285714285714,12.244274809160306,12.061728395061728,14.60918619822527,10.394265845398436,0.2728199630143827,4.0,0.0,37.266666666666666,0
1108,2023,10,9,zhou,alfa,17,24.0,14.129032258064516,19.0,14.129032258064516,14.529411764705882,0.7820070290193075,13.40736094698066,2.454290723509536,4.0,0.0,37.266666666666666,0
1108,2023,10,9,tsunoda,alphatauri,16,24.0,13.660377358490566,12.0,13.660377358490566,13.333333333333334,0.2427267516832684,13.918321313585372,0.1189627146285532,4.0,0.0,37.266666666666666,0
1108,2023,10,9,de_vries,alphatauri,18,24.0,15.1,15.1,15.1,16.0,0.2427267516832684,15.816599713267864,-3.796619943604103,4.0,0.0,37.266666666666666,0
1108,2023,10,9,gasly,alpine,10,24.0,10.957264957264956,10.333333333333334,10.957264957264956,10.694444444444445,5.6431342805387406,10.642428090433292,0.21289505034257,4.0,0.0,37.266666666666666,0
1108,2023,10,9,kevin_magnussen,haas,19,24.0,13.390728476821192,14.25,13.390728476821192,13.216494845360824,0.5460665303937532,15.935421458949316,-4.573497318747799,4.0,0.0,37.266666666666666,0
1108,2023,10,9,ocon,alpine,13,24.0,10.6,8.833333333333334,10.6,10.716216216216216,5.6431342805387406,9.93760474442652,-2.334820946759112,4.0,0.0,37.266666666666666,0
1109,2023,11,11,max_verstappen,red_bull,2,36.0,6.22543352601156,5.875,6.22543352601156,6.614678899082569,36.55051738687189,1.2816764797035758,1.0979970050962284,5.0,0.0,47.642857142857146,1
1109,2023,11,11,norris,mclaren,3,36.0,9.097826086956522,11.0,9.097826086956522,9.052631578947368,9.072883642985316,9.199992831131672,-2.249088426739092,5.0,0.0,47.642857142857146,0
1109,2023,11,11,perez,red_bull,9,36.0,9.421052631578949,12.416666666666666,9.421052631578949,9.71951219512195,36.55051738687189,5.069383634706767,5.0413170990087615,5.0,0.0,47.642857142857146,0
1109,2023,11,11,hamilton,mercedes,1,36.0,4.775,3.375,4.765079365079365,4.903669724770642,20.34103934371222,4.688030360273663,0.9015519961717724,5.0,0.0,47.642857142857146,0
1109,2023,11,11,piastri,mclaren,4,36.0,12.7,12.7,12.7,12.0,9.072883642985316,11.465706967679251,-1.528429355880907,5.0,0.0,47.642857142857146,0
1109,2023,11,11,russell,mercedes,18,36.0,11.826086956521738,11.25,11.826086956521738,12.070175438596491,20.34103934371222,7.501470057888203,-0.5121677463966661,5.0,0.0,47.642857142857146,0
1109,2023,11,11,leclerc,ferrari,6,36.0,8.176991150442477,11.8,8.176991150442477,8.514285714285714,15.505302940887606,6.910080381123532,-0.2727322062034311,5.0,0.0,47.642857142857146,0
1109,2023,11,11,sainz,ferrari,11,36.0,9.820809248554914,7.75,9.820809248554914,10.119266055045872,15.505302940887606,6.944275715388582,-2.1401637597502323,5.0,0.0,47.642857142857146,0
1109,2023,11,11,alonso,aston_martin,8,36.0,8.369565217391305,6.7368421052631575,8.308781869688385,7.674698795180723,13.043848820435072,5.49225066661716,0.6302925850152621,5.0,0.0,47.642857142857146,0
1109,2023,11,11,stroll,aston_martin,14,36.0,12.257575757575758,13.666666666666666,12.257575757575758,12.085365853658535,13.043848820435072,11.049853873509866,-0.140420030262255,5.0,0.0,47.642857142857146,0
1109,2023,11,11,albon,williams,16,36.0,11.0,10.666666666666666,11.0,10.818181818181818,1.5319698624624356,11.992444824466332,-0.1733955303921339,5.0,0.0,47.642857142857146,0
1109,2023,11,11,bottas,alfa,7,36.0,7.881516587677726,10.5,7.881516587677726,8.058823529411764,0.6398239314692957,13.457263439075016,0.6611648037714503,5.0,0.0,47.642857142857146,0
1109,2023,11,11,ricciardo,alphatauri,13,36.0,9.883620689655173,10.416666666666666,9.883620689655173,10.136363636363637,0.1985945863656853,12.423280652863122,-0.6557472256832879,5.0,0.0,47.642857142857146,0
1109,2023,11,11,hulkenberg,haas,10,36.0,11.804123711340209,13.22222222222222,11.804123711340209,11.893939393939394,0.4467817066857942,14.829753145914792,-5.169033044958114,5.0,0.0,47.642857142857146,0
1109,2023,11,11,tsunoda,alphatauri,17,36.0,13.703703703703704,12.5,13.703703703703704,13.419354838709678,0.1985945863656853,14.296815793942384,0.0973327046039297,5.0,0.0,47.642857142857146,0
1109,2023,11,11,zhou,alfa,5,36.0,14.15625,13.0,14.15625,14.555555555555555,0.6398239314692957,13.697403373064583,2.371557863641301,5.0,0.0,47.642857142857146,0
1109,2023,11,11,kevin_magnussen,haas,19,36.0,13.427631578947368,12.285714285714286,13.427631578947368,13.275510204081632,0.4467817066857942,16.4926175573222,-3.741952351702697,5.0,0.0,47.642857142857146,0
1109,2023,11,11,sargeant,williams,20,36.0,16.2,16.2,16.2,14.666666666666666,1.5319698624624356,15.81506647102206,1.3038630435135652,5.0,0.0,47.642857142857146,0
1109,2023,11,11,ocon,alpine,12,36.0,10.677685950413224,9.2,10.677685950413224,10.84,4.617089679594061,11.76713115458293,-3.18303532009981,5.0,0.0,47.642857142857146,0
1109,2023,11,11,gasly,alpine,15,36.0,11.016949152542374,9.8,11.016949152542374,10.794520547945206,4.617089679594061,11.980168437696848,-1.2803585952519598,5.0,0.0,47.642857142857146,0
1110,2023,12,13,max_verstappen,red_bull,6,37.0,6.195402298850575,8.25,6.195402298850575,6.563636363636364,37.359514225622455,1.2304625743029256,1.080179367806005,4.0,0.0,38.07692307692308,1
1110,2023,12,13,perez,red_bull,2,37.0,9.39516129032258,10.75,9.39516129032258,9.67878787878788,37.359514225622455,4.693132064760082,5.215623081007168,4.0,0.0,38.07692307692308,0
1110,2023,12,13,leclerc,ferrari,1,37.0,8.166666666666666,9.4,8.166666666666666,8.492957746478874,14.504338769817132,6.926429402739332,-0.4049627141817973,4.0,0.0,38.07692307692308,0
1110,2023,12,13,hamilton,mercedes,3,37.0,4.772585669781932,7.9375,4.762658227848101,4.899543378995434,20.27903219031,4.562933931132997,0.1921789059587225,4.0,0.0,38.07692307692308,0
1110,2023,12,13,alonso,aston_martin,9,37.0,8.371273712737127,11.235294117647058,8.310734463276836,7.68,11.217665093679368,6.130023272686768,0.3338757513761233,4.0,0.0,38.07692307692308,0
1110,2023,12,13,russell,mercedes,8,37.0,11.763440860215054,10.0,11.763440860215054,11.96551724137931,20.27903219031,7.228475499764713,1.7627718617222947,4.0,0.0,38.07692307692308,0
1110,2023,12,13,norris,mclaren,7,37.0,9.021505376344086,11.0,9.021505376344086,8.931034482758621,12.514177526078896,7.890903215191132,-1.6583450717838062,4.0,0.0,38.07692307692308,0
1110,2023,12,13,ocon,alpine,14,37.0,10.745901639344265,8.333333333333334,10.745901639344265,10.947368421052632,3.777605315722369,13.082198217416698,-3.8770288982796632,4.0,0.0,38.07692307692308,0
1110,2023,12,13,stroll,aston_martin,10,37.0,12.240601503759398,12.333333333333334,12.240601503759398,12.060240963855422,11.217665093679368,10.858971351053038,0.6123836116055404,4.0,0.0,38.07692307692308,0
1110,2023,12,13,tsunoda,alphatauri,11,37.0,13.727272727272728,14.0,13.727272727272728,13.46875,0.1624864605762291,14.424669525810724,0.4432777814765705,4.0,0.0,38.07692307692308,0
1110,2023,12,13,gasly,alpine,12,37.0,11.092436974789916,8.2,11.092436974789916,10.91891891891892,3.777605315722369,13.438319630904957,-1.956657032507668,4.0,0.0,38.07692307692308,0
1110,2023,12,13,bottas,alfa,13,37.0,7.900943396226415,8.0,7.900943396226415,8.087591240875913,0.5234923066522392,13.192306450152287,-0.3681378878233595,4.0,0.0,38.07692307692308,0
1110,2023,12,13,zhou,alfa,17,37.0,14.212121212121213,14.0,14.212121212121213,14.63157894736842,0.5234923066522392,14.116615104102609,-0.0628737051014443,4.0,0.0,38.07692307692308,0
1110,2023,12,13,albon,williams,15,37.0,11.0,7.0,11.0,10.822222222222225,1.253429887469265,11.812000167763692,0.7672225850487586,4.0,0.0,38.07692307692308,0
1110,2023,12,13,kevin_magnussen,haas,16,37.0,13.450980392156865,14.0,13.450980392156865,13.313131313131311,0.3655486691065563,16.58486891053635,-2.697961015029431,4.0,0.0,38.07692307692308,0
1110,2023,12,13,ricciardo,alphatauri,19,37.0,9.896995708154506,9.75,9.896995708154506,10.15483870967742,0.1624864605762291,12.528138715978915,-0.5365204573772355,4.0,0.0,38.07692307692308,0
1110,2023,12,13,sargeant,williams,18,37.0,16.363636363636363,16.363636363636363,16.363636363636363,15.142857142857142,1.253429887469265,16.261421075080534,1.4460751206600602,4.0,0.0,38.07692307692308,0
1110,2023,12,13,hulkenberg,haas,22,37.0,11.815384615384616,11.0,11.815384615384616,11.909774436090226,0.3655486691065563,14.678888937566647,-4.956481582238457,4.0,0.0,38.07692307692308,0
1110,2023,12,13,sainz,ferrari,4,37.0,9.810344827586206,13.75,9.810344827586206,10.1,14.504338769817132,7.136225585317932,-1.2055885307047345,4.0,0.0,38.07692307692308,0
1110,2023,12,13,piastri,mclaren,5,37.0,12.0,12.0,12.0,11.0,12.514177526078896,10.144843868074297,-1.4204778448674666,4.0,0.0,38.07692307692308,0
1111,2023,13,39,max_verstappen,red_bull,1,101.0,6.1657142857142855,1.0,6.1657142857142855,6.513513513513513,38.3850570936911,1.18856028806603,1.7928740282049136,5.0,0.0,57.0,1
1111,2023,13,39,alonso,aston_martin,5,101.0,8.362162162162162,6.0,8.301408450704225,7.669322709163347,11.359909677299562,5.924564495834628,1.000443796580465,5.0,0.0,57.0,0
1111,2023,13,39,gasly,alpine,12,101.0,11.091666666666669,7.5,11.091666666666669,10.92,3.818041245410327,12.994988788906795,-1.419083026578458,5.0,0.0,57.0,0
1111,2023,13,39,perez,red_bull,7,101.0,9.365461847389556,6.5,9.365461847389556,9.632530120481928,38.3850570936911,4.203471689349158,4.267327975369501,5.0,0.0,57.0,0
1111,2023,13,39,sainz,ferrari,6,101.0,9.862857142857145,7.5,9.862857142857145,10.18018018018018,14.594458993486748,9.293275478896492,-3.713663343303876,5.0,0.0,57.0,0
1111,2023,13,39,hamilton,mercedes,13,101.0,4.770186335403727,3.0,4.760252365930599,4.8954545454545455,20.41011724661728,4.460582307290633,-0.0245808951246817,5.0,0.0,57.0,0
1111,2023,13,39,norris,mclaren,2,101.0,9.0,8.5,9.0,8.898305084745763,11.32978161224637,7.728920811388346,-1.3568277840676377,5.0,0.0,57.0,0
1111,2023,13,39,albon,williams,4,101.0,11.04225352112676,12.0,11.04225352112676,10.891304347826088,1.0255335442930351,12.209818577318725,0.8095457788771544,5.0,0.0,57.0,0
1111,2023,13,39,piastri,mclaren,8,101.0,12.666666666666666,12.666666666666666,12.666666666666666,12.125,11.32978161224637,12.113886026295676,-4.133641518179302,5.0,0.0,57.0,0
1111,2023,13,39,ocon,alpine,16,101.0,10.723577235772357,9.0,10.723577235772357,10.909090909090908,3.818041245410327,12.15816217786876,-2.081205462194554,5.0,0.0,57.0,0
1111,2023,13,39,stroll,aston_martin,11,101.0,12.21641791044776,11.0,12.21641791044776,12.023809523809524,11.359909677299562,10.520976559951777,0.6828593185864992,5.0,0.0,57.0,0
1111,2023,13,39,hulkenberg,haas,14,101.0,11.846938775510203,11.846938775510203,11.846938775510203,11.955223880597014,0.2990852747235444,15.282727312554533,-7.32803038546783,5.0,0.0,57.0,0
1111,2023,13,39,lawson,alphatauri,19,101.0,10.5,10.5,10.5,10.5,0.3147617157331881,10.5,0.0,5.0,0.0,57.0,0
1111,2023,13,39,bottas,alfa,18,101.0,7.92018779342723,11.0,7.92018779342723,8.115942028985508,0.4283118866493742,12.975523459215507,-0.1193855445827485,5.0,0.0,57.0,0
1111,2023,13,39,tsunoda,alphatauri,17,101.0,13.660714285714286,19.5,13.660714285714286,13.363636363636363,0.3147617157331881,13.620173562162684,0.5445013361539597,5.0,0.0,57.0,0
1111,2023,13,39,kevin_magnussen,haas,22,101.0,13.46103896103896,15.0,13.46103896103896,13.33,0.2990852747235444,16.296710926802458,-2.025604466842236,5.0,0.0,57.0,0
1111,2023,13,39,russell,mercedes,3,101.0,11.702127659574469,9.5,11.702127659574469,11.864406779661016,20.41011724661728,7.005116316554194,1.805904250777192,5.0,0.0,57.0,0
1111,2023,13,39,zhou,alfa,15,101.0,14.176470588235292,16.0,14.176470588235292,14.55,0.4283118866493742,13.91337291354442,0.6766356824683201,5.0,0.0,57.0,0
1111,2023,13,39,leclerc,ferrari,9,101.0,8.121739130434783,4.0,8.121739130434783,8.416666666666666,14.594458993486748,6.212533147627997,-0.6949694934490217,5.0,0.0,57.0,0
1111,2023,13,39,sargeant,williams,10,101.0,16.416666666666668,16.416666666666668,16.416666666666668,15.375,1.0255335442930351,16.40898779253,1.356950127960252,5.0,0.0,57.0,0
1112,2023,14,14,max_verstappen,red_bull,2,25.0,6.136363636363637,9.75,6.136363636363637,5.5625,38.13322853120181,1.154276599326752,1.4668969321676564,2.0,0.0,27.714285714285715,1
1112,2023,14,14,perez,red_bull,5,25.0,9.344,8.0,9.344,8.831325301204819,38.13322853120181,4.16647683674022,4.0369047071205,2.0,0.0,27.714285714285715,0
1112,2023,14,14,sainz,ferrari,1,25.0,9.835227272727272,10.0,9.835227272727272,9.3125,13.759102812852792,8.512679937278946,-2.8566336445213523,2.0,0.0,27.714285714285715,0
1112,2023,14,14,leclerc,ferrari,3,25.0,8.21551724137931,7.2,8.21551724137931,7.627906976744186,13.759102812852792,8.537527120967262,-2.3867932220443397,2.0,0.0,27.714285714285715,0
1112,2023,14,14,russell,mercedes,4,25.0,11.757894736842106,10.0,11.757894736842106,11.428571428571429,18.153732292686858,8.822367904915712,-1.067896537198798,2.0,0.0,27.714285714285715,0
1112,2023,14,14,hamilton,mercedes,8,25.0,4.773993808049536,6.0,4.764150943396227,4.5,18.153732292686858,4.740476433237791,1.2526156312616248,2.0,0.0,27.714285714285715,0
1112,2023,14,14,albon,williams,6,25.0,11.0,10.5,11.0,11.32,1.5663456271488472,11.44439661128028,-0.064917554448891,2.0,0.0,27.714285714285715,0
1112,2023,14,14,norris,mclaren,9,25.0,8.978947368421053,5.75,8.978947368421053,9.17142857142857,10.72436677365612,7.596389754075576,-2.019222735901149,2.0,0.0,27.714285714285715,0
1112,2023,14,14,alonso,aston_martin,10,25.0,8.34501347708895,10.105263157894736,8.28370786516854,9.823529411764708,12.749031977274967,5.211007314773786,1.3639994699294715,2.0,0.0,27.714285714285715,0
1112,2023,14,14,bottas,alfa,14,25.0,7.9485981308411215,5.7,7.9485981308411215,7.56,0.3504369977582858,13.161791921176324,0.6295936453413881,2.0,0.0,27.714285714285715,0
1112,2023,14,14,lawson,alphatauri,12,25.0,13.0,13.0,13.0,10.5,0.2575322925253282,13.0,6.0,2.0,0.0,27.714285714285715,0
1112,2023,14,14,piastri,mclaren,7,25.0,12.384615384615383,12.384615384615383,12.384615384615383,13.75,10.72436677365612,11.502725948143915,-3.518604044431955,2.0,0.0,27.714285714285715,0
1112,2023,14,14,sargeant,williams,15,25.0,16.692307692307693,16.692307692307693,16.692307692307693,18.5,1.5663456271488472,17.113793068904265,-0.8720699675590506,2.0,0.0,27.714285714285715,0
1112,2023,14,14,zhou,alfa,16,25.0,14.285714285714286,10.0,14.285714285714286,13.642857142857142,0.3504369977582858,14.657058439780318,0.0075605052013826,2.0,0.0,27.714285714285715,0
1112,2023,14,14,gasly,alpine,17,25.0,11.024793388429751,10.6,11.024793388429751,11.377777777777778,6.032966704223476,11.17771809996286,0.4752957055807049,2.0,0.0,27.714285714285715,0
1112,2023,14,14,stroll,aston_martin,20,25.0,12.207407407407407,9.333333333333334,12.207407407407407,12.54,12.749031977274967,10.608071730869783,0.5587030788432861,2.0,0.0,27.714285714285715,0
1112,2023,14,14,hulkenberg,haas,13,25.0,11.847715736040607,10.333333333333334,11.847715736040607,11.612903225806452,0.244706133864717,14.68586780118098,-5.632024860837315,2.0,0.0,27.714285714285715,0
1112,2023,14,14,kevin_magnussen,haas,19,25.0,13.477419354838707,15.285714285714286,13.477419354838707,13.703703703703704,0.244706133864717,16.242763485565646,-4.566403654689182,2.0,0.0,27.714285714285715,0
1112,2023,14,14,ocon,alpine,18,25.0,10.71774193548387,9.833333333333334,10.71774193548387,10.41304347826087,6.032966704223476,11.76576905461377,-0.6118953781362452,2.0,0.0,27.714285714285715,0
1112,2023,14,14,tsunoda,alphatauri,11,25.0,13.68421052631579,17.0,13.68421052631579,14.08695652173913,0.2575322925253282,13.871053799690811,0.809140308487248,2.0,0.0,27.714285714285715,0
1113,2023,15,15,sainz,ferrari,1,25.0,9.796610169491526,8.333333333333334,9.796610169491526,10.133928571428571,16.166538665061378,7.510374494137319,-2.700882072790197,4.0,0.0,45.583333333333336,1
1113,2023,15,15,norris,mclaren,4,25.0,8.96875,5.5,8.96875,8.866666666666667,9.50175463299137,7.669773435468377,-1.470273145194379,4.0,0.0,45.583333333333336,0
1113,2023,15,15,hamilton,mercedes,5,25.0,4.777777777777778,7.230769230769231,4.768025078369906,4.900452488687783,18.125780966743797,4.969480718103648,1.388503698304966,4.0,0.0,45.583333333333336,0
1113,2023,15,15,leclerc,ferrari,3,25.0,8.179487179487179,4.333333333333333,8.179487179487179,8.561643835616438,16.166538665061378,7.712522189829839,-2.134648999838424,4.0,0.0,45.583333333333336,0
1113,2023,15,15,max_verstappen,red_bull,11,25.0,6.107344632768362,7.5,6.107344632768362,6.464285714285714,39.0180960709833,1.1262263085400697,1.3820065808644462,4.0,0.0,45.583333333333336,0
1113,2023,15,15,gasly,alpine,12,25.0,11.057377049180328,10.333333333333334,11.057377049180328,10.81578947368421,4.936053996303639,11.872678445440364,0.752514668208859,4.0,0.0,45.583333333333336,0
1113,2023,15,15,piastri,mclaren,17,25.0,12.357142857142858,12.357142857142858,12.357142857142858,11.77777777777778,9.50175463299137,11.598935226909264,-3.8052146888424754,4.0,0.0,45.583333333333336,0
1113,2023,15,15,perez,red_bull,13,25.0,9.314741035856574,9.1,9.314741035856574,9.598802395209582,39.0180960709833,3.7725719573329055,3.848376578553136,4.0,0.0,45.583333333333336,0
1113,2023,15,15,lawson,alphatauri,10,25.0,12.0,12.0,12.0,13.0,0.2107082257180003,11.9,3.25,4.0,0.0,45.583333333333336,0
1113,2023,15,15,kevin_magnussen,haas,6,25.0,13.506410256410255,13.333333333333334,13.506410256410255,13.356435643564357,0.2002141095256768,16.562261033644628,-3.554330262927486,4.0,0.0,45.583333333333336,0
1113,2023,15,15,albon,williams,14,25.0,10.945205479452056,11.5,10.945205479452056,10.829787234042554,2.3724646040308754,10.63632414899261,-0.2349326184286995,4.0,0.0,45.583333333333336,0
1113,2023,15,15,zhou,alfa,22,25.0,14.27777777777778,20.0,14.27777777777778,14.714285714285714,0.4685393623102081,14.53750614214373,0.3700864314868669,4.0,0.0,45.583333333333336,0
1113,2023,15,15,hulkenberg,haas,9,25.0,11.873737373737374,12.88888888888889,11.873737373737374,11.955555555555556,0.2002141095256768,15.106619110057167,-5.335293067957803,4.0,0.0,45.583333333333336,0
1113,2023,15,15,sargeant,williams,18,25.0,16.428571428571427,16.428571428571427,16.428571428571427,15.88888888888889,2.3724646040308754,16.317883725410702,-0.316400957460696,4.0,0.0,45.583333333333336,0
1113,2023,15,15,alonso,aston_martin,7,25.0,8.346774193548388,7.0,8.285714285714286,7.646825396825397,10.794645296265228,5.899915075724008,1.297817748124113,4.0,0.0,45.583333333333336,0
1113,2023,15,15,russell,mercedes,2,25.0,11.6875,17.0,11.6875,11.95,18.125780966743797,8.12739191921458,-1.0555517122004654,4.0,0.0,45.583333333333336,0
1113,2023,15,15,bottas,alfa,16,25.0,7.95813953488372,9.0,7.95813953488372,8.158273381294965,0.4685393623102081,12.58692066278063,1.2423948007338634,4.0,0.0,45.583333333333336,0
1113,2023,15,15,ocon,alpine,8,25.0,10.784,16.0,10.784,10.897435897435898,4.936053996303639,13.081083771973518,-0.6824598548396473,4.0,0.0,45.583333333333336,0
1113,2023,15,15,tsunoda,alphatauri,15,25.0,13.79310344827586,15.0,13.79310344827586,13.411764705882351,0.2107082257180003,14.985417478934998,-0.9743554715600412,4.0,0.0,45.583333333333336,0
1113,2023,15,15,stroll,aston_martin,22,25.0,12.235294117647058,10.25,12.235294117647058,12.011764705882351,10.794645296265228,11.588422325258474,1.1843934281453858,4.0,0.0,45.583333333333336,0
1114,2023,16,22,max_verstappen,red_bull,1,43.0,6.101123595505618,5.833333333333333,6.101123595505618,6.451327433628318,34.469351330804514,1.8305487978964208,2.221641747980002,4.0,0.0,44.66666666666666,1
1114,2023,16,22,norris,mclaren,3,43.0,8.896907216494846,10.5,8.896907216494846,8.754098360655737,12.13779924517476,6.638905534482751,-0.8393143893022593,4.0,0.0,44.66666666666666,0
1114,2023,16,22,piastri,mclaren,2,43.0,12.0,12.0,12.0,11.3,12.13779924517476,10.719414765431434,-1.1650451289656076,4.0,0.0,44.66666666666666,0
1114,2023,16,22,leclerc,ferrari,4,43.0,8.14406779661017,9.0,8.14406779661017,8.5,19.954440725959312,7.037518155280201,-1.928349181675249,4.0,0.0,44.66666666666666,0
1114,2023,16,22,hamilton,mercedes,7,43.0,4.772307692307693,4.416666666666667,4.7625,4.891891891891892,17.73927533642674,4.611393314812075,1.4996848440676993,4.0,0.0,44.66666666666666,0
1114,2023,16,22,sainz,ferrari,6,43.0,9.747191011235955,13.5,9.747191011235955,10.053097345132745,19.954440725959312,6.326670040657805,-2.209812605010161,4.0,0.0,44.66666666666666,0
1114,2023,16,22,russell,mercedes,8,43.0,11.731958762886595,12.0,11.731958762886595,12.01639344262295,17.73927533642674,9.558775211667308,-3.4090877728100093,4.0,0.0,44.66666666666666,0
1114,2023,16,22,alonso,aston_martin,10,43.0,8.36461126005362,10.0625,8.304469273743017,7.675889328063241,8.831968357564747,7.554475971046917,-0.3926945697166358,4.0,0.0,44.66666666666666,0
1114,2023,16,22,ocon,alpine,14,43.0,10.841269841269842,10.0,10.841269841269842,10.9873417721519,5.493139106358985,13.975432177078586,-2.3765580630683227,4.0,0.0,44.66666666666666,0
1114,2023,16,22,gasly,alpine,12,43.0,11.016260162601624,12.25,11.016260162601624,10.753246753246753,5.493139106358985,10.8049187280672,1.706602910370905,4.0,0.0,44.66666666666666,0
1114,2023,16,22,lawson,alphatauri,11,43.0,11.0,11.0,11.0,11.0,0.5360340802894629,10.73421926910299,2.345514950166113,4.0,0.0,44.66666666666666,0
1114,2023,16,22,tsunoda,alphatauri,9,43.0,13.88135593220339,13.0,13.88135593220339,13.571428571428571,0.5360340802894629,15.715346838941892,-1.5244766267895669,4.0,0.0,44.66666666666666,0
1114,2023,16,22,zhou,alfa,19,43.0,14.216216216216216,16.0,14.216216216216216,14.590909090909092,0.3833503870449263,14.075866126592947,-1.8803620690128304,4.0,0.0,44.66666666666666,0
1114,2023,16,22,hulkenberg,haas,18,43.0,11.879396984924623,12.333333333333334,11.879396984924623,11.963235294117649,0.3456297259755558,14.723597453683135,-5.092512510147293,4.0,0.0,44.66666666666666,0
1114,2023,16,22,kevin_magnussen,haas,15,43.0,13.48407643312102,14.166666666666666,13.48407643312102,13.323529411764708,0.3456297259755558,15.369122663891034,-3.6353611242134,4.0,0.0,44.66666666666666,0
1114,2023,16,22,albon,williams,13,43.0,10.945945945945946,12.0,10.945945945945946,10.833333333333334,1.941107403297989,10.702447054503212,0.3532371576755106,4.0,0.0,44.66666666666666,0
1114,2023,16,22,sargeant,williams,22,43.0,16.266666666666666,16.266666666666666,16.266666666666666,15.7,1.941107403297989,15.87460151697759,0.5090864161852562,4.0,0.0,44.66666666666666,0
1114,2023,16,22,stroll,aston_martin,17,43.0,12.291970802919709,13.5,12.291970802919709,12.104651162790695,8.831968357564747,13.117800084304148,-2.6673144678854763,4.0,0.0,44.66666666666666,0
1114,2023,16,22,perez,red_bull,5,43.0,9.30952380952381,9.8,9.30952380952381,9.589285714285714,34.469351330804514,4.541195237817833,4.057762655179839,4.0,0.0,44.66666666666666,0
1114,2023,16,22,bottas,alfa,16,43.0,8.0,7.5,8.0,8.221428571428572,0.3833503870449263,13.389298724093242,0.834686655145888,4.0,0.0,44.66666666666666,0
1115,2023,17,78,max_verstappen,red_bull,1,54.0,6.072625698324022,2.0,6.072625698324022,6.4035087719298245,32.92946927065824,1.6795399255516172,1.8177068847109104,5.0,0.0,48.0,1
1115,2023,17,78,piastri,mclaren,6,54.0,11.4375,11.4375,11.4375,10.545454545454543,15.93092665514299,9.256906046040768,-1.133775926890071,5.0,0.0,48.0,0
1115,2023,17,78,norris,mclaren,10,54.0,8.826530612244898,9.0,8.826530612244898,8.64516129032258,15.93092665514299,5.7954681621483095,-0.5048935902844144,5.0,0.0,48.0,0
1115,2023,17,78,russell,mercedes,2,54.0,11.683673469387756,17.0,11.683673469387756,11.935483870967742,17.42304345707642,9.093543353660994,-2.607435448172741,5.0,0.0,48.0,0
1115,2023,17,78,leclerc,ferrari,5,54.0,8.109243697478991,8.0,8.109243697478991,8.44,19.962724230330345,6.485242127023925,-1.57774023953755,5.0,0.0,48.0,0
1115,2023,17,78,alonso,aston_martin,4,54.0,8.363636363636363,3.0,8.303621169916434,7.677165354330708,7.953423471133806,7.635480339947477,0.04234080659548,5.0,0.0,48.0,0
1115,2023,17,78,ocon,alpine,8,54.0,10.826771653543307,5.0,10.826771653543307,10.9625,5.039838411700339,13.070808144874745,-1.035365687953525,5.0,0.0,48.0,0
1115,2023,17,78,bottas,alfa,9,54.0,8.055299539170507,20.0,8.055299539170507,8.304964539007091,0.3136503164724359,14.591244410621744,-0.0443472821533649,5.0,0.0,48.0,0
1115,2023,17,78,zhou,alfa,19,54.0,14.18421052631579,14.18421052631579,14.18421052631579,14.521739130434783,0.3136503164724359,13.880158626130108,-0.446869624973673,5.0,0.0,48.0,0
1115,2023,17,78,perez,red_bull,22,54.0,9.347826086956522,4.0,9.347826086956522,9.644970414201184,32.92946927065824,7.170068830941865,0.7745330815107748,5.0,0.0,48.0,0
1115,2023,17,78,stroll,aston_martin,16,54.0,12.333333333333334,6.0,12.333333333333334,12.172413793103448,7.953423471133806,14.005472796249682,-2.3641663828151045,5.0,0.0,48.0,0
1115,2023,17,78,gasly,alpine,7,54.0,11.008064516129032,11.0,11.008064516129032,10.743589743589745,5.039838411700339,10.658569868416334,1.759947835758846,5.0,0.0,48.0,0
1115,2023,17,78,albon,williams,13,54.0,11.013333333333334,11.013333333333334,11.013333333333334,10.93877551020408,1.588178784516536,11.665638779327011,-0.2564425028912141,5.0,0.0,48.0,0
1115,2023,17,78,kevin_magnussen,haas,18,54.0,13.49367088607595,13.49367088607595,13.49367088607595,13.33980582524272,0.2827879576163631,15.30200945227448,-2.9743863743564067,5.0,0.0,48.0,0
1115,2023,17,78,tsunoda,alphatauri,11,54.0,13.85,13.0,13.85,13.52777777777778,0.4385733194399599,15.039825245022593,-1.7927551870814409,5.0,0.0,48.0,0
1115,2023,17,78,hulkenberg,haas,14,54.0,11.89,11.89,11.89,11.978102189781024,0.2827879576163631,14.592034280286205,-3.4393284173932392,5.0,0.0,48.0,0
1115,2023,17,78,lawson,alphatauri,17,54.0,11.0,11.0,11.0,11.0,0.4385733194399599,10.821782178217822,1.5727722772277224,5.0,0.0,48.0,0
1115,2023,17,78,sargeant,williams,15,54.0,16.3125,16.3125,16.3125,15.818181818181818,1.588178784516536,16.087817822128063,-2.808158780550126,5.0,0.0,48.0,0
1115,2023,17,78,hamilton,mercedes,3,54.0,4.773006134969325,1.0,4.7632398753894085,4.8923766816143495,17.42304345707642,4.682049075755334,1.5906512360553904,5.0,0.0,48.0,0
1115,2023,17,78,sainz,ferrari,12,54.0,9.726256983240225,7.0,9.726256983240225,10.017543859649123,19.962724230330345,6.267275487810931,-1.8080284950083132,5.0,0.0,48.0,0
1116,2023,18,69,max_verstappen,red_bull,6,36.0,6.044444444444444,5.0,6.044444444444444,5.492307692307692,31.851383948720372,1.5559872118149596,1.4872147238543811,3.0,0.0,32.916666666666664,1
1116,2023,18,69,norris,mclaren,2,36.0,8.767676767676768,7.0,8.767676767676768,9.13888888888889,19.034394536026085,5.28720122237853,0.8596325202545325,3.0,0.0,32.916666666666664,0
1116,2023,18,69,sainz,ferrari,4,36.0,9.783333333333331,8.857142857142858,9.783333333333331,9.215384615384616,18.151319824815733,8.764134490027127,-2.933841495915894,3.0,0.0,32.916666666666664,0
1116,2023,18,69,perez,red_bull,9,36.0,9.350393700787402,8.1,9.350393700787402,8.75,31.851383948720372,7.684601770770618,-1.184472933309367,3.0,0.0,32.916666666666664,0
1116,2023,18,69,russell,mercedes,5,36.0,11.606060606060606,12.0,11.606060606060606,11.25,16.437035555789798,8.167444559904594,-2.496992639153883,3.0,0.0,32.916666666666664,0
1116,2023,18,69,gasly,alpine,7,36.0,11.016,15.5,11.016,11.456521739130435,5.214414088927794,10.902466255980116,0.5308664110597222,3.0,0.0,32.916666666666664,0
1116,2023,18,69,stroll,aston_martin,22,36.0,12.323741007194243,13.6,12.323741007194243,12.607843137254902,7.961891971820361,13.459023196931138,-1.025227040484055,3.0,0.0,32.916666666666664,0
1116,2023,18,69,tsunoda,alphatauri,11,36.0,13.868852459016392,9.5,13.868852459016392,14.333333333333334,0.3588327032006788,15.032584256416827,-2.1940743636842277,3.0,0.0,32.916666666666664,0
1116,2023,18,69,albon,williams,15,36.0,11.039473684210526,9.0,11.039473684210526,11.153846153846152,1.2994190055135293,11.908249968101217,-0.209816582177413,3.0,0.0,32.916666666666664,0
1116,2023,18,69,sargeant,williams,16,36.0,16.41176470588235,16.41176470588235,16.41176470588235,17.4,1.2994190055135293,16.447350044086807,-2.84422914073351,3.0,0.0,32.916666666666664,0
1116,2023,18,69,hulkenberg,haas,22,36.0,11.91044776119403,12.625,11.91044776119403,11.698412698412698,0.2313719653224784,14.848028047506894,-3.177632341503559,3.0,0.0,32.916666666666664,0
1116,2023,18,69,bottas,alfa,13,36.0,8.055045871559633,9.333333333333334,8.055045871559633,7.592105263157895,1.3475320795493977,13.392836335963244,0.1455340418745197,3.0,0.0,32.916666666666664,0
1116,2023,18,69,zhou,alfa,12,36.0,14.051282051282053,12.0,14.051282051282053,13.666666666666666,1.3475320795493977,12.99250274417582,1.4533196887435658,3.0,0.0,32.916666666666664,0
1116,2023,18,69,kevin_magnussen,haas,22,36.0,13.49685534591195,13.833333333333334,13.49685534591195,13.78181818181818,0.2313719653224784,15.065280460951843,-1.7063161244734055,3.0,0.0,32.916666666666664,0
1116,2023,18,69,ricciardo,alphatauri,14,36.0,9.923076923076923,10.0,9.923076923076923,9.384615384615383,0.3588327032006788,13.159386222164567,0.1064832621458986,3.0,0.0,32.916666666666664,0
1116,2023,18,69,alonso,aston_martin,22,36.0,8.357333333333333,10.0,8.297222222222222,9.816666666666666,7.961891971820361,7.338120278138845,-0.3289938855127893,3.0,0.0,32.916666666666664,0
1116,2023,18,69,piastri,mclaren,10,36.0,10.882352941176473,10.882352941176473,10.882352941176473,13.4,19.034394536026085,7.892448419841921,-0.1685133659309255,3.0,0.0,32.916666666666664,0
1116,2023,18,69,ocon,alpine,8,36.0,10.796875,14.6,10.796875,10.595744680851064,5.214414088927794,11.967024845798887,-0.6652991992321132,3.0,0.0,32.916666666666664,0
1116,2023,18,69,hamilton,mercedes,3,36.0,4.81651376146789,1.8,4.807453416149069,4.514563106796117,16.437035555789798,7.285312880163457,-1.6076489886819552,3.0,0.0,32.916666666666664,0
1116,2023,18,69,leclerc,ferrari,1,36.0,8.083333333333334,6.5,8.083333333333334,7.545454545454546,18.151319824815733,6.215198103919259,-1.2908783777934578,3.0,0.0,32.916666666666664,0
1117,2023,19,32,max_verstappen,red_bull,3,38.0,6.016574585635359,3.2857142857142856,6.016574585635359,5.424242424242424,32.78749595804394,1.4548986278486034,2.125902955880857,2.0,0.0,27.88888888888889,1
1117,2023,19,32,hamilton,mercedes,6,38.0,4.859756097560975,3.0,4.851393188854489,4.653846153846154,15.266665454737108,9.415255992861011,-4.224440081648874,2.0,0.0,27.88888888888889,0
1117,2023,19,32,leclerc,ferrari,1,38.0,8.181818181818182,5.5,8.181818181818182,7.822222222222222,17.578352583940145,8.721525721459914,-4.510718672831865,2.0,0.0,27.88888888888889,0
1117,2023,19,32,sainz,ferrari,2,38.0,9.74585635359116,12.571428571428571,9.74585635359116,9.12121212121212,17.578352583940145,7.71611003729492,-2.218597587567549,2.0,0.0,27.88888888888889,0
1117,2023,19,32,norris,mclaren,17,38.0,8.7,13.0,8.7,8.945945945945946,18.84632280220316,4.689528271703178,0.7033356980888181,2.0,0.0,27.88888888888889,0
1117,2023,19,32,russell,mercedes,8,38.0,11.54,12.0,11.54,11.08108108108108,15.266665454737108,7.591545547902835,-2.042993976614482,2.0,0.0,27.88888888888889,0
1117,2023,19,32,ricciardo,alphatauri,4,38.0,9.94468085106383,10.285714285714286,9.94468085106383,9.455696202531646,1.20268141262077,13.4940432726801,-0.0946955127897194,2.0,0.0,27.88888888888889,0
1117,2023,19,32,piastri,mclaren,7,38.0,11.22222222222222,11.22222222222222,11.22222222222222,14.0,18.84632280220316,9.594310072960164,-1.4450633842301557,2.0,0.0,27.88888888888889,0
1117,2023,19,32,albon,williams,14,38.0,11.012987012987011,8.5,11.012987012987011,11.074074074074074,1.6086155499656152,11.37947714365948,0.9192411980817274,2.0,0.0,27.88888888888889,0
1117,2023,19,32,ocon,alpine,15,38.0,10.852713178294572,11.6,10.852713178294572,10.75,5.72088625556623,13.063929419296278,-2.3625175266541705,2.0,0.0,27.88888888888889,0
1117,2023,19,32,gasly,alpine,11,38.0,10.976190476190476,9.4,10.976190476190476,11.340425531914894,5.72088625556623,10.011108754883509,0.6161634272315731,2.0,0.0,27.88888888888889,0
1117,2023,19,32,tsunoda,alphatauri,18,38.0,13.774193548387096,20.0,13.774193548387096,14.08,1.20268141262077,13.753927521667691,-1.2496934755558355,2.0,0.0,27.88888888888889,0
1117,2023,19,32,hulkenberg,haas,12,38.0,11.905940594059404,9.8,11.905940594059404,11.6875,0.1893043352638456,14.148386584323823,-4.599881006684731,2.0,0.0,27.88888888888889,0
1117,2023,19,32,zhou,alfa,10,38.0,14.025,13.0,14.025,13.625,1.1025262464318166,12.993866326920724,1.0071158411285983,2.0,0.0,27.88888888888889,0
1117,2023,19,32,bottas,alfa,9,38.0,8.073059360730594,6.571428571428571,8.073059360730594,7.64935064935065,1.1025262464318166,13.139593365788109,0.3008914888064253,2.0,0.0,27.88888888888889,0
1117,2023,19,32,sargeant,williams,19,38.0,16.055555555555557,16.055555555555557,16.055555555555557,16.166666666666668,1.6086155499656152,15.242580825083262,-1.1915726288783206,2.0,0.0,27.88888888888889,0
1117,2023,19,32,stroll,aston_martin,22,38.0,12.285714285714286,11.8,12.285714285714286,12.5,7.605182931281043,12.284655342942916,-2.1115493967603656,2.0,0.0,27.88888888888889,0
1117,2023,19,32,alonso,aston_martin,13,38.0,8.377659574468085,15.166666666666666,8.318559556786704,9.867768595041325,7.605182931281043,8.91300750029542,-3.178267724510466,2.0,0.0,27.88888888888889,0
1117,2023,19,32,kevin_magnussen,haas,16,38.0,13.5,14.4,13.5,13.785714285714286,0.1893043352638456,14.871593104415144,-3.941531374569176,2.0,0.0,27.88888888888889,0
1117,2023,19,32,perez,red_bull,5,38.0,9.329411764705885,8.0,9.329411764705885,8.694117647058823,32.78749595804394,7.014674176085051,-0.0600233090712997,2.0,0.0,27.88888888888889,0
1118,2023,20,18,max_verstappen,red_bull,1,67.0,5.989010989010989,4.0,5.989010989010989,6.356521739130435,31.37158760203595,1.3721897864215844,2.1030115093570654,5.0,0.0,53.92307692307692,1
1118,2023,20,18,norris,mclaren,6,67.0,8.663366336633663,12.0,8.663366336633663,8.555555555555555,17.965173201802585,4.745977676937076,2.757274665311736,5.0,0.0,53.92307692307692,0
1118,2023,20,18,alonso,aston_martin,4,67.0,8.403183023872678,7.263157894736842,8.345303867403315,7.670588235294118,6.222417928528904,10.56518795478716,-3.5094917745994727,5.0,0.0,53.92307692307692,0
1118,2023,20,18,perez,red_bull,9,67.0,9.37109375,10.272727272727272,9.37109375,9.647058823529411,31.37158760203595,9.375642507705953,-2.7763827074219742,5.0,0.0,53.92307692307692,0
1118,2023,20,18,stroll,aston_martin,3,67.0,12.319148936170214,16.6,12.319148936170214,12.159090909090908,6.222417928528904,13.141990735135556,-4.818540415532604,5.0,0.0,53.92307692307692,0
1118,2023,20,18,sainz,ferrari,7,67.0,9.714285714285714,8.571428571428571,9.714285714285714,10.104347826086956,19.29137938686012,7.040453666877661,-2.1788525716461766,5.0,0.0,53.92307692307692,0
1118,2023,20,18,gasly,alpine,15,67.0,10.976377952755906,9.6,10.976377952755906,10.759493670886076,4.862540525403629,10.190907163088044,0.5041337131885111,5.0,0.0,53.92307692307692,0
1118,2023,20,18,hamilton,mercedes,5,67.0,4.851063829787234,6.0,4.842592592592593,4.955357142857143,17.399999008421272,8.067027630522645,-2.729087339530896,5.0,0.0,53.92307692307692,0
1118,2023,20,18,tsunoda,alphatauri,16,67.0,13.746031746031743,16.0,13.746031746031743,13.567567567567568,2.074921248810382,13.435030577801893,0.0684368717690965,5.0,0.0,53.92307692307692,0
1118,2023,20,18,ocon,alpine,14,67.0,10.846153846153848,12.2,10.846153846153848,10.91358024691358,4.862540525403629,12.506851343057985,-1.0238779763471435,5.0,0.0,53.92307692307692,0
1118,2023,20,18,sargeant,williams,19,67.0,16.05263157894737,16.05263157894737,16.05263157894737,16.0,1.679776359062776,15.383403831196166,-0.4122553400017961,5.0,0.0,53.92307692307692,0
1118,2023,20,18,hulkenberg,haas,11,67.0,11.911330049261084,9.555555555555555,11.911330049261084,12.007246376811594,0.1548853652158735,13.939589023537671,-3.9453571872875055,5.0,0.0,53.92307692307692,0
1118,2023,20,18,ricciardo,alphatauri,17,67.0,9.932203389830509,12.272727272727272,9.932203389830509,10.192307692307692,2.074921248810382,12.313308132192809,-0.622932692282498,5.0,0.0,53.92307692307692,0
1118,2023,20,18,piastri,mclaren,10,67.0,11.052631578947368,11.052631578947368,11.052631578947368,9.833333333333334,17.965173201802585,9.29788829676865,-1.3623150649986522,5.0,0.0,53.92307692307692,0
1118,2023,20,18,russell,mercedes,8,67.0,11.485148514851485,8.666666666666666,11.485148514851485,11.80952380952381,17.399999008421272,7.30217362964598,-1.3079041615253375,5.0,0.0,53.92307692307692,0
1118,2023,20,18,bottas,alfa,18,67.0,8.104545454545455,9.555555555555555,8.104545454545455,8.30281690140845,0.9020669285826342,13.477849117462998,-0.8447251455220164,5.0,0.0,53.92307692307692,0
1118,2023,20,18,zhou,alfa,20,67.0,14.024390243902438,12.0,14.024390243902438,14.291666666666666,0.9020669285826342,13.176848615607542,0.0964878193811014,5.0,0.0,53.92307692307692,0
1118,2023,20,18,kevin_magnussen,haas,12,67.0,13.53416149068323,13.666666666666666,13.53416149068323,13.346153846153848,0.1548853652158735,15.622212539976037,-3.770343851920233,5.0,0.0,53.92307692307692,0
1118,2023,20,18,albon,williams,13,67.0,10.987179487179487,14.5,10.987179487179487,10.98,1.679776359062776,10.94684486679188,1.6611974620978758,5.0,0.0,53.92307692307692,0
1118,2023,20,18,leclerc,ferrari,22,67.0,8.139344262295081,8.5,8.139344262295081,8.394736842105264,19.29137938686012,7.681248317533854,-4.054224368669972,5.0,0.0,53.92307692307692,0
1119,2023,21,80,max_verstappen,red_bull,2,31.0,5.961748633879782,5.961748633879782,5.961748633879782,6.310344827586207,32.394935310756686,1.3045189161631146,1.720645780383053,4.0,0.0,35.0,1
1119,2023,21,80,leclerc,ferrari,1,31.0,8.235772357723578,8.235772357723578,8.235772357723578,8.545454545454545,17.238401316521912,9.921021350752248,-6.95345630169438,4.0,0.0,35.0,0
1119,2023,21,80,perez,red_bull,11,31.0,9.350194552529183,9.350194552529183,9.350194552529183,9.614035087719298,32.394935310756686,8.398252960850325,-1.36249494243616,4.0,0.0,35.0,0
1119,2023,21,80,ocon,alpine,16,31.0,10.83969465648855,10.83969465648855,10.83969465648855,10.902439024390244,5.251170548623811,12.051060189772963,-0.1104456170077994,4.0,0.0,35.0,0
1119,2023,21,80,stroll,aston_martin,19,31.0,12.267605633802816,12.267605633802816,12.267605633802816,12.07865168539326,9.636532789271577,11.661628783292104,-4.306078521799187,4.0,0.0,35.0,0
1119,2023,21,80,sainz,ferrari,12,31.0,9.693989071038253,9.693989071038253,9.693989071038253,10.06896551724138,17.238401316521912,6.8512802728999045,-1.600879376801417,4.0,0.0,35.0,0
1119,2023,21,80,hamilton,mercedes,10,31.0,4.86060606060606,4.852307692307693,4.852307692307693,4.9688888888888885,14.963635552344677,8.054840788609438,-2.7783441868889147,4.0,0.0,35.0,0
1119,2023,21,80,russell,mercedes,3,31.0,11.519607843137257,11.519607843137257,11.519607843137257,11.859375,14.963635552344677,8.701778426061676,-2.34283067894698,4.0,0.0,35.0,0
1119,2023,21,80,alonso,aston_martin,9,31.0,8.38888888888889,8.330578512396695,8.330578512396695,7.65234375,9.636532789271577,9.189699235734947,-2.68958417921775,4.0,0.0,35.0,0
1119,2023,21,80,piastri,mclaren,18,31.0,11.2,11.2,11.2,10.153846153846152,18.15332352874757,10.168551978817987,-1.850720407648452,4.0,0.0,35.0,0
1119,2023,21,80,gasly,alpine,4,31.0,10.9453125,10.9453125,10.9453125,10.7125,5.251170548623811,9.610742224340704,1.8670184926183155,4.0,0.0,35.0,0
1119,2023,21,80,albon,williams,5,31.0,11.08860759493671,11.08860759493671,11.08860759493671,11.137254901960784,1.3743624755968165,12.411055081882363,0.2682522874082802,4.0,0.0,35.0,0
1119,2023,21,80,kevin_magnussen,haas,8,31.0,13.561728395061728,13.561728395061728,13.561728395061728,13.39047619047619,0.1267243897220781,16.05453753270767,-4.17573587884383,4.0,0.0,35.0,0
1119,2023,21,80,ricciardo,alphatauri,14,31.0,9.945147679324894,9.945147679324894,9.945147679324894,10.210191082802549,2.0612992023834145,12.438161199066844,0.2176005244961384,4.0,0.0,35.0,0
1119,2023,21,80,zhou,alfa,17,31.0,14.095238095238097,14.095238095238097,14.095238095238097,14.4,0.7380547595378072,13.872119050111262,0.6245145628804425,4.0,0.0,35.0,0
1119,2023,21,80,sargeant,williams,6,31.0,15.8,15.8,15.8,15.615384615384617,1.3743624755968165,14.5717535003553,1.1453948544059327,4.0,0.0,35.0,0
1119,2023,21,80,bottas,alfa,7,31.0,8.14027149321267,8.14027149321267,8.14027149321267,8.356643356643357,0.7380547595378072,13.936422005197,-0.3275023917907403,4.0,0.0,35.0,0
1119,2023,21,80,tsunoda,alphatauri,20,31.0,13.671875,13.671875,13.671875,13.447368421052632,2.0612992023834145,12.628659249167068,1.3287244100791389,4.0,0.0,35.0,0
1119,2023,21,80,hulkenberg,haas,13,31.0,11.911764705882351,11.911764705882351,11.911764705882351,12.007194244604316,0.1267243897220781,13.586936473803547,-3.409837698689778,4.0,0.0,35.0,0
1119,2023,21,80,norris,mclaren,15,31.0,8.598039215686274,8.598039215686274,8.598039215686274,8.453125,18.15332352874757,4.246709007758868,2.9832247264556853,4.0,0.0,35.0,0
1120,2023,22,24,max_verstappen,red_bull,1,37.0,5.934782608695652,4.125,5.934782608695652,5.358208955223881,33.77767434516456,1.2491518404970938,1.5896192748588616,3.0,0.0,31.857142857142858,1
1120,2023,22,24,leclerc,ferrari,2,37.0,8.185483870967742,7.0,8.185483870967742,7.717391304347826,18.831419258972478,8.480835650592995,-5.871009701369414,3.0,0.0,31.857142857142858,0
1120,2023,22,24,russell,mercedes,4,37.0,11.485436893203884,13.75,11.485436893203884,10.947368421052632,14.061156361009282,8.574182348461216,-2.825952374193914,3.0,0.0,31.857142857142858,0
1120,2023,22,24,perez,red_bull,9,37.0,9.325581395348838,9.583333333333334,9.325581395348838,8.825581395348838,33.77767434516456,7.416752422513902,0.3397768652795066,3.0,0.0,31.857142857142858,0
1120,2023,22,24,norris,mclaren,5,37.0,8.70873786407767,6.5,8.70873786407767,8.842105263157896,15.21635561442983,7.1109437366446056,1.5317293201132471,3.0,0.0,31.857142857142858,0
1120,2023,22,24,piastri,mclaren,3,37.0,11.142857142857142,11.142857142857142,11.142857142857142,13.142857142857142,15.21635561442983,10.137446239679724,-0.0328008467326563,3.0,0.0,31.857142857142858,0
1120,2023,22,24,alonso,aston_martin,7,37.0,8.390501319261213,9.5,8.332417582417582,9.934426229508198,10.066255030192044,9.15520846560132,-2.200568873905432,3.0,0.0,31.857142857142858,0
1120,2023,22,24,tsunoda,alphatauri,6,37.0,13.738461538461538,7.5,13.738461538461538,14.0,1.6865175024641577,13.605268771701535,1.450774781443122,3.0,0.0,31.857142857142858,0
1120,2023,22,24,hamilton,mercedes,11,37.0,4.867069486404834,5.785714285714286,4.858895705521473,4.628571428571429,14.061156361009282,7.8630515543168125,-1.727736152909111,3.0,0.0,31.857142857142858,0
1120,2023,22,24,stroll,aston_martin,13,37.0,12.216783216783217,13.666666666666666,12.216783216783217,12.58490566037736,10.066255030192044,10.450423549965848,-0.9777006087436412,3.0,0.0,31.857142857142858,0
1120,2023,22,24,ricciardo,alphatauri,15,37.0,9.96218487394958,10.416666666666666,9.96218487394958,9.425,1.6865175024641577,12.7221318901456,0.1780367927695678,3.0,0.0,31.857142857142858,0
1120,2023,22,24,ocon,alpine,12,37.0,10.787878787878787,10.5,10.787878787878787,10.73469387755102,6.478233104123199,10.587231064355109,2.0914535860914305,3.0,0.0,31.857142857142858,0
1120,2023,22,24,gasly,alpine,10,37.0,10.945736434108529,12.833333333333334,10.945736434108529,11.333333333333334,6.478233104123199,9.863334547189297,0.2548333121330311,3.0,0.0,31.857142857142858,0
1120,2023,22,24,albon,williams,14,37.0,11.1,7.666666666666667,11.1,11.0,1.1244783891246677,12.336317786296194,-1.0532482694303094,3.0,0.0,31.857142857142858,0
1120,2023,22,24,hulkenberg,haas,8,37.0,11.946341463414637,12.444444444444445,11.946341463414637,11.707692307692309,0.1036835915907911,14.571129842202904,-3.8807762989280006,3.0,0.0,31.857142857142858,0
1120,2023,22,24,sargeant,williams,20,37.0,15.80952380952381,15.80952380952381,15.80952380952381,16.142857142857142,1.1244783891246677,14.835331913107494,-0.9114528157627488,3.0,0.0,31.857142857142858,0
1120,2023,22,24,zhou,alfa,19,37.0,14.116279069767442,12.0,14.116279069767442,13.647058823529411,0.6038629849347242,14.07722500144598,0.8746475659737968,3.0,0.0,31.857142857142858,0
1120,2023,22,24,sainz,ferrari,16,37.0,9.673913043478262,9.625,9.673913043478262,9.044776119402986,18.831419258972478,6.696502041463559,-0.2189013082920674,3.0,0.0,31.857142857142858,0
1120,2023,22,24,bottas,alfa,18,37.0,8.18018018018018,8.5,8.18018018018018,7.743589743589744,0.6038629849347242,14.493436186070277,-2.0861383205560613,3.0,0.0,31.857142857142858,0
1120,2023,22,24,kevin_magnussen,haas,17,37.0,13.558282208588958,15.0,13.558282208588958,13.87719298245614,0.1036835915907911,15.499167072215362,-4.325602082690407,3.0,0.0,31.857142857142858,0
1121,2024,1,3,max_verstappen,red_bull,1,43.0,5.908108108108108,10.8,5.908108108108108,6.264957264957265,34.54536991877101,1.2038515058612584,1.3005975885208867,5.0,0.0,49.0,1
1121,2024,1,3,perez,red_bull,5,43.0,9.305019305019306,9.307692307692308,9.305019305019306,9.575581395348838,34.54536991877101,6.795524709329556,1.1870901625014152,5.0,0.0,49.0,0
1121,2024,1,3,sainz,ferrari,4,43.0,9.718918918918918,10.6,9.718918918918918,10.034188034188034,18.68025212097748,8.751683488470187,-0.5427374340571464,5.0,0.0,49.0,0
1121,2024,1,3,leclerc,ferrari,2,43.0,8.136,10.142857142857142,8.136,8.461538461538462,18.68025212097748,7.302501895924675,-4.803553392015887,5.0,0.0,49.0,0
1121,2024,1,3,russell,mercedes,3,43.0,11.403846153846152,10.166666666666666,11.403846153846152,11.8,14.595491568098504,7.560694647865607,-2.130324669194181,5.0,0.0,49.0,0
1121,2024,1,3,norris,mclaren,7,43.0,8.673076923076923,9.333333333333334,8.673076923076923,8.63076923076923,15.722472775442588,6.727135784195895,1.253233079852109,5.0,0.0,49.0,0
1121,2024,1,3,hamilton,mercedes,9,43.0,4.879518072289157,3.5,4.871559633027523,4.977876106194691,14.595491568098504,8.069769453531938,-1.0499659432892725,5.0,0.0,49.0,0
1121,2024,1,3,piastri,mclaren,8,43.0,10.909090909090908,20.0,10.909090909090908,10.142857142857142,15.722472775442588,9.375971333657237,-0.578898020084487,5.0,0.0,49.0,0
1121,2024,1,3,alonso,aston_martin,6,43.0,8.386842105263158,7.4375,8.32876712328767,7.657587548638133,9.508753128571668,8.763352380946536,-1.8004654422862618,5.0,0.0,49.0,0
1121,2024,1,3,stroll,aston_martin,12,43.0,12.20138888888889,11.875,12.20138888888889,12.0,9.508753128571668,10.368528359062942,-0.2544823162445931,5.0,0.0,49.0,0
1121,2024,1,3,zhou,sauber,17,43.0,14.181818181818182,13.0,14.181818181818182,14.423076923076923,3.7888578243693294,14.608716421233895,1.0792870483897468,5.0,0.0,49.0,0
1121,2024,1,3,kevin_magnussen,haas,15,43.0,13.597560975609756,12.88888888888889,13.597560975609756,13.38679245283019,0.0848320294833744,16.317500331812575,-4.084583522201241,5.0,0.0,49.0,0
1121,2024,1,3,ricciardo,rb,14,43.0,9.96652719665272,10.083333333333334,9.96652719665272,10.234177215189874,0.0,12.409017001028218,0.8729391940841923,5.0,0.0,49.0,0
1121,2024,1,3,tsunoda,rb,11,43.0,13.651515151515152,9.333333333333334,13.651515151515152,13.564102564102564,0.0,12.58612719066964,0.8233600739986164,5.0,0.0,49.0,0
1121,2024,1,3,albon,williams,13,43.0,11.135802469135802,8.2,11.135802469135802,11.153846153846152,0.9200277729201825,12.638805487911394,-0.8617485673682889,5.0,0.0,49.0,0
1121,2024,1,3,hulkenberg,haas,10,43.0,11.96116504854369,12.272727272727272,11.96116504854369,12.057142857142855,0.0848320294833744,14.649106234529649,-4.447907880941092,5.0,0.0,49.0,0
1121,2024,1,3,ocon,alpine,19,43.0,10.796992481203008,9.857142857142858,10.796992481203008,10.819277108433734,5.300370454367492,10.84409814356393,1.711189297710195,5.0,0.0,49.0,0
1121,2024,1,3,gasly,alpine,20,43.0,10.961538461538462,10.714285714285714,10.961538461538462,10.716049382716047,5.300370454367492,10.433637356793913,-0.3369545628030185,5.0,0.0,49.0,0
1121,2024,1,3,bottas,sauber,16,43.0,8.228699551569507,6.25,8.228699551569507,8.416666666666666,3.7888578243693294,15.31281142496659,-1.8886586259095044,5.0,0.0,49.0,0
1121,2024,1,3,sargeant,williams,18,43.0,15.818181818181818,12.0,15.818181818181818,15.642857142857142,0.9200277729201825,15.049682860681983,-0.0075261289458267,5.0,0.0,49.0,0
1122,2024,2,77,max_verstappen,red_bull,1,19.0,5.881720430107527,1.6666666666666667,5.881720430107527,5.294117647058823,36.264393569903554,1.166787595704666,1.0641252996989072,2.0,0.0,27.25,1
1122,2024,2,77,perez,red_bull,3,19.0,9.276923076923078,7.333333333333333,9.276923076923078,8.770114942528735,36.264393569903554,5.923611125815091,1.5167101329557036,2.0,0.0,27.25,0
1122,2024,2,77,leclerc,ferrari,2,19.0,8.103174603174603,5.333333333333333,8.103174603174603,7.595744680851064,20.192933553527027,6.702047005750278,-4.293816411644036,2.0,0.0,27.25,0
1122,2024,2,77,piastri,mclaren,5,19.0,10.782608695652174,15.0,10.782608695652174,12.25,15.045659543543936,9.12329373323513,-0.4725916174537956,2.0,0.0,27.25,0
1122,2024,2,77,alonso,aston_martin,4,19.0,8.388451443569554,10.666666666666666,8.330601092896174,9.910569105691057,8.325341754582123,8.806379220774438,-2.018562634597851,2.0,0.0,27.25,0
1122,2024,2,77,russell,mercedes,7,19.0,11.342857142857143,9.333333333333334,11.342857142857143,10.743589743589745,14.85085673753514,7.0951138024701095,-2.1066292747784936,2.0,0.0,27.25,0
1122,2024,2,77,bearman,ferrari,11,19.0,10.5,10.5,10.5,10.5,20.192933553527027,10.5,0.0,2.0,0.0,27.25,0
1122,2024,2,77,norris,mclaren,6,19.0,8.647619047619047,11.333333333333334,8.647619047619047,8.743589743589743,15.045659543543936,6.59492927788503,1.2071907016646422,2.0,0.0,27.25,0
1122,2024,2,77,hamilton,mercedes,8,19.0,4.885885885885886,5.333333333333333,4.878048780487805,4.669811320754717,14.85085673753514,7.87526591652613,-0.4954266808730408,2.0,0.0,27.25,0
1122,2024,2,77,hulkenberg,haas,15,19.0,11.980676328502415,12.0,11.980676328502415,11.757575757575758,0.0694080241227609,14.894723282796988,-4.730106448042712,2.0,0.0,27.25,0
1122,2024,2,77,albon,williams,12,19.0,11.182926829268292,16.5,11.182926829268292,11.10344827586207,0.7527499960256037,13.068113611670125,-1.068703388077472,2.0,0.0,27.25,0
1122,2024,2,77,kevin_magnussen,haas,13,19.0,13.587878787878788,9.5,13.587878787878788,13.982758620689657,0.0694080241227609,15.532500271483013,-2.796477427255555,2.0,0.0,27.25,0
1122,2024,2,77,ocon,alpine,17,19.0,10.843283582089551,6.0,10.843283582089551,10.76,4.336665339401315,11.963353026554651,1.7637003344902695,2.0,0.0,27.25,0
1122,2024,2,77,sargeant,williams,19,19.0,16.0,16.0,16.0,16.125,0.7527499960256037,15.958738322445612,-0.3734156677224565,2.0,0.0,27.25,0
1122,2024,2,77,tsunoda,rb,9,19.0,13.656716417910449,14.666666666666666,13.656716417910449,13.77777777777778,0.0,12.843195346564388,0.1282026899267479,2.0,0.0,27.25,0
1122,2024,2,77,ricciardo,rb,14,19.0,9.979166666666666,11.0,9.979166666666666,9.444444444444445,0.0,12.516468455386724,0.8960411587961574,2.0,0.0,27.25,0
1122,2024,2,77,bottas,sauber,16,19.0,8.276785714285714,12.0,8.276785714285714,7.886075949367089,3.099974583574906,15.983209347699937,-2.090720693925958,2.0,0.0,27.25,0
1122,2024,2,77,zhou,sauber,20,19.0,14.11111111111111,12.0,14.11111111111111,13.833333333333334,3.099974583574906,13.952507587868409,1.974069272424557,2.0,0.0,27.25,0
1122,2024,2,77,stroll,aston_martin,10,19.0,12.186206896551724,14.666666666666666,12.186206896551724,12.537037037037036,8.325341754582123,10.301523202869664,0.1554235594363367,2.0,0.0,27.25,0
1122,2024,2,77,gasly,alpine,18,19.0,11.01526717557252,7.666666666666667,11.01526717557252,11.36734693877551,4.336665339401315,11.809339655563926,0.0879462667991583,2.0,0.0,27.25,0
1123,2024,3,1,sainz,ferrari,2,36.0,9.682795698924732,12.571428571428571,9.682795698924732,9.97457627118644,20.521491089249384,7.705922854202879,-0.2622397187740287,4.0,0.0,35.0,1
1123,2024,3,1,leclerc,ferrari,4,36.0,8.062992125984252,9.75,8.062992125984252,8.405063291139241,20.521491089249384,6.028947550153564,-3.694940700430909,4.0,0.0,35.0,0
1123,2024,3,1,norris,mclaren,3,36.0,8.641509433962264,7.666666666666667,8.641509433962264,8.590909090909092,15.219175990172312,6.850396682053646,0.6240651192066322,4.0,0.0,35.0,0
1123,2024,3,1,piastri,mclaren,5,36.0,10.5,8.0,10.5,10.0,15.219175990172312,8.184180527613224,-0.2026617039163724,4.0,0.0,35.0,0
1123,2024,3,1,perez,red_bull,6,36.0,9.24904214559387,10.181818181818182,9.24904214559387,9.531791907514451,37.48904928446655,5.210227284757801,1.4227628360546665,4.0,0.0,35.0,0
1123,2024,3,1,stroll,aston_martin,9,36.0,12.232876712328768,11.0,12.232876712328768,11.978021978021978,8.629825432801898,11.883064438711845,-1.5091989059160391,4.0,0.0,35.0,0
1123,2024,3,1,tsunoda,rb,8,36.0,13.676470588235292,12.5,13.676470588235292,13.575,0.0,13.235342111957548,-0.9860173015316374,4.0,0.0,35.0,0
1123,2024,3,1,alonso,aston_martin,10,36.0,8.379581151832461,6.444444444444445,8.321525885558582,7.662790697674419,8.629825432801898,8.114310271542722,-1.8333694283073323,4.0,0.0,35.0,0
1123,2024,3,1,hulkenberg,haas,16,36.0,11.971153846153848,11.8,11.971153846153848,12.085106382978724,0.2386065651913502,14.004773595015717,-2.9609961847622173,4.0,0.0,35.0,0
1123,2024,3,1,kevin_magnussen,haas,14,36.0,13.578313253012048,12.5,13.578313253012048,13.373831775700934,0.2386065651913502,14.890227494849736,-2.106208804118179,4.0,0.0,35.0,0
1123,2024,3,1,albon,williams,12,36.0,11.180722891566266,14.333333333333334,11.180722891566266,11.226415094339623,0.6158863603845848,12.692092933037022,-0.6925754773640432,4.0,0.0,35.0,0
1123,2024,3,1,ricciardo,rb,18,36.0,10.00414937759336,11.77777777777778,10.00414937759336,10.251572327044023,0.0,13.149837827134592,0.3694882208332194,4.0,0.0,35.0,0
1123,2024,3,1,gasly,alpine,17,36.0,11.083333333333334,12.75,11.083333333333334,10.804878048780488,3.548179797732104,13.298550627284245,-0.2916803271655151,4.0,0.0,35.0,0
1123,2024,3,1,bottas,sauber,13,36.0,8.315555555555555,8.444444444444445,8.315555555555555,8.489655172413793,2.536342841106741,16.168080375390858,-1.8924078404848743,4.0,0.0,35.0,0
1123,2024,3,1,zhou,sauber,19,36.0,14.195652173913045,10.0,14.195652173913045,14.296296296296296,2.536342841106741,14.688487402909784,1.978784412106514,4.0,0.0,35.0,0
1123,2024,3,1,ocon,alpine,15,36.0,10.85925925925926,10.75,10.85925925925926,10.892857142857142,3.548179797732104,12.151834294454131,2.170300273674555,4.0,0.0,35.0,0
1123,2024,3,1,russell,mercedes,7,36.0,11.29245283018868,12.333333333333334,11.29245283018868,11.696969696969695,13.968882785256024,6.896002201905871,-1.541787588128537,4.0,0.0,35.0,0
1123,2024,3,1,hamilton,mercedes,11,36.0,4.898203592814372,4.933333333333334,4.890577507598784,4.986784140969163,13.968882785256024,8.079763022612289,-0.5871672843506699,4.0,0.0,35.0,0
1123,2024,3,1,max_verstappen,red_bull,1,36.0,5.855614973262032,8.0,5.855614973262032,6.220338983050848,37.48904928446655,1.1364625783038178,0.870647972480924,4.0,0.0,35.0,0
1124,2024,4,22,max_verstappen,red_bull,1,54.0,5.925531914893617,5.142857142857143,5.925531914893617,6.327731092436975,32.49104032365444,4.384378473157671,-2.560378931606519,4.0,0.0,44.66666666666666,1
1124,2024,4,22,perez,red_bull,2,54.0,9.232824427480915,10.636363636363637,9.232824427480915,9.505747126436782,32.49104032365444,5.172004142074565,1.345896865862909,4.0,0.0,44.66666666666666,0
1124,2024,4,22,sainz,ferrari,4,54.0,9.636363636363637,12.428571428571429,9.636363636363637,9.899159663865548,24.790310891204044,6.486664153438718,-0.0327415880878414,4.0,0.0,44.66666666666666,0
1124,2024,4,22,leclerc,ferrari,8,54.0,8.015625,7.75,8.015625,8.325,24.790310891204044,5.296411631938701,-2.659496936708956,4.0,0.0,44.66666666666666,0
1124,2024,4,22,norris,mclaren,3,54.0,8.588785046728972,7.666666666666667,8.588785046728972,8.507462686567164,17.361143991959167,6.150324557712705,0.5105987338426572,4.0,0.0,44.66666666666666,0
1124,2024,4,22,alonso,aston_martin,5,54.0,8.378590078328982,9.941176470588236,8.320652173913043,7.664092664092664,9.24258503921338,8.093526585807682,-1.1363931686150897,4.0,0.0,44.66666666666666,0
1124,2024,4,22,russell,mercedes,9,54.0,11.345794392523365,10.333333333333334,11.345794392523365,11.776119402985074,11.429085915209471,8.733092711519342,-3.079644391014509,4.0,0.0,44.66666666666666,0
1124,2024,4,22,piastri,mclaren,6,54.0,10.24,3.0,10.24,9.625,17.361143991959167,7.418346080693112,0.0174625844054277,4.0,0.0,44.66666666666666,0
1124,2024,4,22,hamilton,mercedes,7,54.0,4.937313432835821,4.461538461538462,4.930303030303031,5.043859649122807,11.429085915209471,9.88344247304642,-1.753136869014185,4.0,0.0,44.66666666666666,0
1124,2024,4,22,tsunoda,rb,10,54.0,13.579710144927535,12.5,13.579710144927535,13.414634146341465,2.411960132890365,12.101642446797303,-0.6249228965540718,4.0,0.0,44.66666666666666,0
1124,2024,4,22,hulkenberg,haas,12,54.0,11.956937799043065,12.5,11.956937799043065,12.06338028169014,0.740678098792924,13.094814759558313,-1.1499059693509035,4.0,0.0,44.66666666666666,0
1124,2024,4,22,stroll,aston_martin,16,54.0,12.19047619047619,14.4,12.19047619047619,11.91304347826087,9.24258503921338,10.813416358945888,-0.6893445593857236,4.0,0.0,44.66666666666666,0
1124,2024,4,22,kevin_magnussen,haas,18,54.0,13.55688622754491,14.285714285714286,13.55688622754491,13.342592592592592,0.740678098792924,14.001095223058872,-0.995989021551234,4.0,0.0,44.66666666666666,0
1124,2024,4,22,bottas,sauber,13,54.0,8.34070796460177,8.88888888888889,8.34070796460177,8.527397260273972,2.0751895972691514,15.773883943501607,-1.7301518694876246,4.0,0.0,44.66666666666666,0
1124,2024,4,22,ocon,alpine,15,54.0,10.897058823529411,9.8,10.897058823529411,10.952941176470588,2.9030555725667964,12.851500786372547,1.5938820420965534,4.0,0.0,44.66666666666666,0
1124,2024,4,22,gasly,alpine,17,54.0,11.097744360902256,11.8,11.097744360902256,10.83132530120482,2.9030555725667964,13.244268695050604,0.4886251868665801,4.0,0.0,44.66666666666666,0
1124,2024,4,22,sargeant,williams,19,54.0,15.916666666666666,17.0,15.916666666666666,15.933333333333334,0.503907022132842,15.599696440260804,0.6115455458262599,4.0,0.0,44.66666666666666,0
1124,2024,4,22,zhou,sauber,20,54.0,14.212765957446807,14.5,14.212765957446807,14.321428571428571,2.0751895972691514,14.745130597277717,2.346307614936681,4.0,0.0,44.66666666666666,0
1124,2024,4,22,ricciardo,rb,11,54.0,10.012396694214877,10.7,10.012396694214877,10.2625,2.411960132890365,12.940776404019212,1.39321763522718,4.0,0.0,44.66666666666666,0
1124,2024,4,22,albon,williams,14,54.0,11.178571428571429,13.333333333333334,11.178571428571429,11.22222222222222,0.503907022132842,12.384439657780456,-0.384834466771096,4.0,0.0,44.66666666666666,0
1125,2024,5,17,max_verstappen,red_bull,1,40.0,5.8994708994709,7.4,5.8994708994709,6.283333333333333,34.58357844662636,3.769036932583549,-2.0948554894962426,5.0,0.0,50.8,1
1125,2024,5,17,norris,mclaren,4,40.0,8.555555555555555,18.0,8.555555555555555,8.455882352941176,16.750026902512044,5.941174638047622,0.0541262366036724,5.0,0.0,50.8,0
1125,2024,5,17,perez,red_bull,2,40.0,9.20532319391635,11.0,9.20532319391635,9.462857142857144,34.58357844662636,4.595276116242825,1.1011883447969253,5.0,0.0,50.8,0
1125,2024,5,17,leclerc,ferrari,6,40.0,7.984496124031008,12.0,7.984496124031008,8.271604938271604,25.19207254734876,5.060700426130316,-1.4486793118458516,5.0,0.0,50.8,0
1125,2024,5,17,sainz,ferrari,7,40.0,9.601063829787234,10.4,9.601063829787234,9.841666666666669,25.19207254734876,5.85272521644986,0.1550296097463116,5.0,0.0,50.8,0
1125,2024,5,17,russell,mercedes,8,40.0,11.305555555555555,16.0,11.305555555555555,11.705882352941176,10.805615748807751,8.417984945666586,-2.156072683199845,5.0,0.0,50.8,0
1125,2024,5,17,alonso,aston_martin,3,40.0,8.372395833333334,6.2,8.314363143631436,7.657692307692308,9.016660307382304,7.712885388388103,-1.1115944106850733,5.0,0.0,50.8,0
1125,2024,5,17,piastri,mclaren,5,40.0,10.153846153846152,10.153846153846152,10.153846153846152,9.529411764705882,16.750026902512044,7.524677784182059,-0.3513481915636718,5.0,0.0,50.8,0
1125,2024,5,17,hamilton,mercedes,18,40.0,4.949404761904762,3.8461538461538463,4.942598187311178,5.06113537117904,10.805615748807751,9.72281656885616,-1.7980210746479697,5.0,0.0,50.8,0
1125,2024,5,17,hulkenberg,haas,9,40.0,11.952380952380953,13.22222222222222,11.952380952380953,12.055944055944057,0.6060093535578467,12.713939348729529,-0.7590139749234663,5.0,0.0,50.8,0
1125,2024,5,17,ocon,alpine,13,40.0,10.927007299270072,10.5,10.927007299270072,11.0,2.375226867870602,13.242137007032532,1.3040853071695742,5.0,0.0,50.8,0
1125,2024,5,17,albon,williams,14,40.0,11.282352941176471,10.0,11.282352941176471,11.38181818181818,0.4122875635632343,13.769087046876445,-1.4057736945549806,5.0,0.0,50.8,0
1125,2024,5,17,gasly,alpine,15,40.0,11.134328358208956,12.0,11.134328358208956,10.892857142857142,2.375226867870602,13.745310750497,0.5816024256183061,5.0,0.0,50.8,0
1125,2024,5,17,zhou,sauber,16,40.0,14.291666666666666,14.291666666666666,14.291666666666666,14.448275862068966,1.6978823977656692,15.336963848362029,2.283338464330574,5.0,0.0,50.8,0
1125,2024,5,17,stroll,aston_martin,11,40.0,12.18918918918919,15.333333333333334,12.18918918918919,11.913978494623656,9.016660307382304,11.029158839137573,0.1632635423208795,5.0,0.0,50.8,0
1125,2024,5,17,kevin_magnussen,haas,17,40.0,13.553571428571429,12.2,13.553571428571429,13.339449541284404,0.6060093535578467,13.81907790977544,0.0941908005489931,5.0,0.0,50.8,0
1125,2024,5,17,sargeant,williams,20,40.0,15.96,15.96,15.96,16.0,0.4122875635632343,15.855995300961458,0.8656756537335457,5.0,0.0,50.8,0
1125,2024,5,17,ricciardo,rb,12,40.0,10.049382716049385,6.625,10.049382716049385,10.316770186335404,1.9467821782178216,14.042453421470263,-0.3146401166323083,5.0,0.0,50.8,0
1125,2024,5,17,tsunoda,rb,19,40.0,13.528571428571428,13.528571428571428,13.528571428571428,13.333333333333334,1.9467821782178216,11.719525335120126,-0.5113004615789521,5.0,0.0,50.8,0
1125,2024,5,17,bottas,sauber,10,40.0,8.365638766519824,6.571428571428571,8.365638766519824,8.564625850340136,1.6978823977656692,15.45135959013768,-1.597396984126238,5.0,0.0,50.8,0
1126,2024,6,79,norris,mclaren,5,28.0,8.495412844036696,18.0,8.495412844036696,8.725,17.704567465691674,5.224597430902941,0.4079214664241382,1.0,0.0,24.33333333333333,1
1126,2024,6,79,max_verstappen,red_bull,1,28.0,5.873684210526315,1.0,5.873684210526315,5.231884057971015,35.56838236542157,3.265575672113812,-1.7139726732241984,1.0,0.0,24.33333333333333,0
1126,2024,6,79,leclerc,ferrari,2,28.0,7.953846153846154,4.5,7.953846153846154,7.5,24.61169572055808,4.867845803196627,-0.8216467096891242,1.0,0.0,24.33333333333333,0
1126,2024,6,79,perez,red_bull,4,28.0,9.181818181818182,3.0,9.181818181818182,8.693181818181818,35.56838236542157,4.3052259132895845,0.7191541002883931,1.0,0.0,24.33333333333333,0
1126,2024,6,79,sainz,ferrari,3,28.0,9.576719576719576,4.0,9.576719576719576,9.176470588235292,24.61169572055808,5.697684268004431,0.4904787716106188,1.0,0.0,24.33333333333333,0
1126,2024,6,79,hamilton,mercedes,8,28.0,4.9614243323442135,6.0,4.954819277108434,4.710280373831775,10.659140158115433,9.591395374518676,0.1652554843789351,1.0,0.0,24.33333333333333,0
1126,2024,6,79,tsunoda,rb,10,28.0,13.605633802816902,11.5,13.605633802816902,13.821428571428571,1.387913962471324,13.043248860742134,-0.4183366809454791,1.0,0.0,24.33333333333333,0
1126,2024,6,79,russell,mercedes,7,28.0,11.256880733944952,4.5,11.256880733944952,10.625,10.659140158115433,7.978351319042525,-1.400423104196932,1.0,0.0,24.33333333333333,0
1126,2024,6,79,alonso,aston_martin,15,28.0,8.36883116883117,7.0,8.31081081081081,9.870967741935484,8.64999455893222,7.58326986322663,-1.6367590632877875,1.0,0.0,24.33333333333333,0
1126,2024,6,79,ocon,alpine,13,28.0,10.92753623188406,8.5,10.92753623188406,10.803921568627452,1.9433671570118085,12.834475733026236,1.4306152513206798,1.0,0.0,24.33333333333333,0
1126,2024,6,79,hulkenberg,haas,9,28.0,11.943127962085308,15.0,11.943127962085308,11.73134328358209,0.6776440165473292,12.220495830778706,-0.8028296158464725,1.0,0.0,24.33333333333333,0
1126,2024,6,79,gasly,alpine,12,28.0,11.148148148148149,13.0,11.148148148148149,11.54,1.9433671570118085,13.60979970495186,0.839492893688148,1.0,0.0,24.33333333333333,0
1126,2024,6,79,piastri,mclaren,6,28.0,10.074074074074074,19.0,10.074074074074074,11.333333333333334,17.704567465691674,7.6114850411972945,-0.8350667947077426,1.0,0.0,24.33333333333333,0
1126,2024,6,79,zhou,sauber,19,28.0,14.285714285714286,18.0,14.285714285714286,14.052631578947368,1.38917650726282,15.09386646796946,2.231819615464465,1.0,0.0,24.33333333333333,0
1126,2024,6,79,ricciardo,rb,20,28.0,10.081967213114757,13.0,10.081967213114757,9.524390243902438,1.387913962471324,14.762007344839306,-1.3483419136082528,1.0,0.0,24.33333333333333,0
1126,2024,6,79,bottas,sauber,16,28.0,8.416666666666666,10.0,8.416666666666666,8.0,1.38917650726282,16.278385119203556,-3.125142987012377,1.0,0.0,24.33333333333333,0
1126,2024,6,79,stroll,aston_martin,11,28.0,12.208053691275168,11.0,12.208053691275168,12.654545454545454,8.64999455893222,11.751129959294452,-0.5936934653739043,1.0,0.0,24.33333333333333,0
1126,2024,6,79,albon,williams,14,28.0,11.290697674418604,11.5,11.290697674418604,11.1,0.3373261883699189,13.447434846243944,-0.7865420939143605,1.0,0.0,24.33333333333333,0
1126,2024,6,79,kevin_magnussen,haas,18,28.0,13.568047337278106,13.0,13.568047337278106,13.94915254237288,0.6776440165473292,14.21560919890718,0.2588833822673583,1.0,0.0,24.33333333333333,0
1126,2024,6,79,sargeant,williams,17,28.0,16.0,20.0,16.0,15.88888888888889,0.3373261883699189,16.065129915910983,1.255849838078213,1.0,0.0,24.33333333333333,0
1127,2024,7,21,max_verstappen,red_bull,1,27.0,5.853403141361256,6.333333333333333,5.853403141361256,5.185714285714286,34.55594920807219,3.0354710044567543,-1.5841594599107076,3.0,0.0,34.5,1
1127,2024,7,21,norris,mclaren,2,27.0,8.427272727272728,4.666666666666667,8.427272727272728,8.536585365853659,19.031009744656824,4.456488806903383,1.0610266545162472,3.0,0.0,34.5,0
1127,2024,7,21,leclerc,ferrari,3,27.0,7.916030534351145,5.0,7.916030534351145,7.408163265306122,24.682296498638426,4.528237475341394,-0.8540745806548622,3.0,0.0,34.5,0
1127,2024,7,21,piastri,mclaren,5,27.0,10.178571428571429,10.178571428571429,10.178571428571429,11.5,19.031009744656824,8.59478349042948,-1.9600463682507303,3.0,0.0,34.5,0
1127,2024,7,21,sainz,ferrari,4,27.0,9.552631578947368,10.666666666666666,9.552631578947368,9.115942028985508,24.682296498638426,5.570832582912716,0.0376644494995968,3.0,0.0,34.5,0
1127,2024,7,21,hamilton,mercedes,8,27.0,4.964497041420119,5.333333333333333,4.957957957957958,4.722222222222222,10.9029328566399,8.938414397333462,0.498845396310038,3.0,0.0,34.5,0
1127,2024,7,21,russell,mercedes,6,27.0,11.227272727272728,13.0,11.227272727272728,10.560975609756095,10.9029328566399,7.982287442853995,-1.3276189034149892,3.0,0.0,34.5,0
1127,2024,7,21,perez,red_bull,11,27.0,9.162264150943397,6.333333333333333,9.162264150943397,8.640449438202246,34.55594920807219,4.249730292691479,0.588398809326867,3.0,0.0,34.5,0
1127,2024,7,21,stroll,aston_martin,13,27.0,12.24,10.333333333333334,12.24,12.732142857142858,7.440903996962029,12.705469966695542,-1.5766582898514596,3.0,0.0,34.5,0
1127,2024,7,21,tsunoda,rb,7,27.0,13.51388888888889,9.5,13.51388888888889,13.586206896551724,2.585832016256491,11.94447575703396,0.2031794093220182,3.0,0.0,34.5,0
1127,2024,7,21,hulkenberg,haas,10,27.0,11.93867924528302,11.93867924528302,11.93867924528302,11.720588235294118,0.5544360135387237,11.99858749790985,-1.0204969584198411,3.0,0.0,34.5,0
1127,2024,7,21,kevin_magnussen,haas,18,27.0,13.6,13.5,13.6,14.033333333333331,0.5544360135387237,15.085498435469514,0.0299954945823837,3.0,0.0,34.5,0
1127,2024,7,21,ricciardo,rb,9,27.0,10.10204081632653,9.0,10.10204081632653,9.590361445783133,2.585832016256491,14.805278736686706,-0.1940979293158424,3.0,0.0,34.5,0
1127,2024,7,21,ocon,alpine,12,27.0,10.920863309352518,14.0,10.920863309352518,10.788461538461538,1.7718457646396055,12.319116508839253,1.7159579328989578,3.0,0.0,34.5,0
1127,2024,7,21,zhou,sauber,17,27.0,14.28,15.0,14.28,14.05,1.1365989604877615,14.894972923648089,2.7351472373662453,3.0,0.0,34.5,0
1127,2024,7,21,gasly,alpine,15,27.0,11.154411764705882,13.0,11.154411764705882,11.549019607843135,1.7718457646396055,13.317108849505658,0.6868578221082702,3.0,0.0,34.5,0
1127,2024,7,21,sargeant,williams,19,27.0,16.14814814814815,16.14814814814815,16.14814814814815,16.3,0.2759941541208427,16.783748291707468,0.4786114965532627,3.0,0.0,34.5,0
1127,2024,7,21,bottas,sauber,16,27.0,8.449781659388647,8.333333333333334,8.449781659388647,8.098765432098766,1.1365989604877615,16.22776964298473,-2.556935171191945,3.0,0.0,34.5,0
1127,2024,7,21,alonso,aston_martin,20,27.0,8.370466321243523,9.142857142857142,8.31266846361186,9.864,7.440903996962029,7.840857160821789,-0.2482574154172798,3.0,0.0,34.5,0
1127,2024,7,21,albon,williams,14,27.0,11.367816091954024,13.0,11.367816091954024,11.32258064516129,0.2759941541208427,14.27517398677715,-1.3708071830429431,3.0,0.0,34.5,0
1128,2024,8,6,leclerc,ferrari,1,23.0,7.878787878787879,13.6,7.878787878787879,7.32,24.74006077161325,4.250376116187542,-0.6987882932625822,3.0,0.0,31.615384615384617,1
1128,2024,8,6,piastri,mclaren,2,23.0,9.96551724137931,10.0,9.96551724137931,10.818181818181818,21.02537160926468,7.756880377193463,-1.4202533459143454,3.0,0.0,31.615384615384617,0
1128,2024,8,6,sainz,ferrari,3,23.0,9.528795811518323,6.5,9.528795811518323,9.057142857142855,24.74006077161325,5.46704484056495,-0.1510018140457845,3.0,0.0,31.615384615384617,0
1128,2024,8,6,norris,mclaren,4,23.0,8.36936936936937,7.25,8.36936936936937,8.380952380952381,21.02537160926468,4.009854478280809,0.8681127172905777,3.0,0.0,31.615384615384617,0
1128,2024,8,6,russell,mercedes,5,23.0,11.18918918918919,9.75,11.18918918918919,10.476190476190476,11.647854155432649,7.803689725933588,-1.2680518300541812,3.0,0.0,31.615384615384617,0
1128,2024,8,6,max_verstappen,red_bull,6,23.0,5.828125,7.375,5.828125,5.126760563380282,33.545776624786335,2.6653853672827985,-1.2961304671996696,3.0,0.0,31.615384615384617,0
1128,2024,8,6,hamilton,mercedes,7,23.0,4.967551622418879,4.4375,4.961077844311378,4.73394495412844,11.647854155432649,8.404157234181923,0.7717825969809403,3.0,0.0,31.615384615384617,0
1128,2024,8,6,tsunoda,rb,8,23.0,13.465753424657532,16.0,13.465753424657532,13.466666666666669,2.2037102047428347,11.590934556670096,-0.3792170999972475,3.0,0.0,31.615384615384617,0
1128,2024,8,6,albon,williams,9,23.0,11.465909090909092,13.333333333333334,11.465909090909092,11.59375,0.225813398826144,15.31605146602056,-2.212478622335015,3.0,0.0,31.615384615384617,0
1128,2024,8,6,gasly,alpine,10,23.0,11.18978102189781,7.2,11.18978102189781,11.634615384615383,1.4496918492594346,13.80490724050519,0.380156399906414,3.0,0.0,31.615384615384617,0
1128,2024,8,6,alonso,aston_martin,14,23.0,8.397932816537468,7.421052631578948,8.341397849462366,9.936507936507937,6.451648294908605,9.869792222490556,-0.021301521705047,3.0,0.0,31.615384615384617,0
1128,2024,8,6,ricciardo,rb,12,23.0,10.113821138211382,8.3,10.113821138211382,9.63095238095238,2.2037102047428347,14.477046239107304,-0.8860801239856898,3.0,0.0,31.615384615384617,0
1128,2024,8,6,bottas,sauber,17,23.0,8.491304347826087,10.5,8.491304347826087,8.21951219512195,0.9299446040354412,16.549993344260233,-2.4556742309752275,3.0,0.0,31.615384615384617,0
1128,2024,8,6,stroll,aston_martin,13,23.0,12.218543046357617,15.0,12.218543046357617,12.666666666666666,6.451648294908605,12.031748154569032,-0.5627204189693055,3.0,0.0,31.615384615384617,0
1128,2024,8,6,sargeant,williams,15,23.0,16.178571428571427,18.0,16.178571428571427,16.363636363636363,0.225813398826144,16.823209993314233,0.7562351029747335,3.0,0.0,31.615384615384617,0
1128,2024,8,6,zhou,sauber,18,23.0,14.294117647058824,14.5,14.294117647058824,14.095238095238097,0.9299446040354412,14.91406944166644,2.601479301895337,3.0,0.0,31.615384615384617,0
1128,2024,8,6,ocon,alpine,11,23.0,10.942857142857145,8.4,10.942857142857145,10.849056603773583,1.4496918492594346,12.624731689050488,1.0403292178259946,3.0,0.0,31.615384615384617,0
1128,2024,8,6,perez,red_bull,16,23.0,9.157894736842104,11.666666666666666,9.157894736842104,8.633333333333333,33.545776624786335,4.931597512202119,1.0268717530856186,3.0,0.0,31.615384615384617,0
1128,2024,8,6,hulkenberg,haas,19,23.0,11.934272300469484,12.3,11.934272300469484,11.710144927536232,0.453629465622592,11.817026134653512,-1.016770238707143,3.0,0.0,31.615384615384617,0
1128,2024,8,6,kevin_magnussen,haas,20,23.0,13.590643274853802,15.0,13.590643274853802,14.0,0.453629465622592,14.524498719929602,1.1154508592037702,3.0,0.0,31.615384615384617,0
1129,2024,9,7,max_verstappen,red_bull,2,42.0,5.829015544041451,6.714285714285714,5.829015544041451,5.138888888888889,28.90108996573427,3.271678936867745,-1.060470382254275,3.0,0.0,34.833333333333336,1
1129,2024,9,7,norris,mclaren,3,42.0,8.330357142857142,16.0,8.330357142857142,8.279069767441861,22.65712222576201,4.008062754956715,0.710274041392186,3.0,0.0,34.833333333333336,0
1129,2024,9,7,russell,mercedes,1,42.0,11.133928571428571,13.0,11.133928571428571,10.348837209302326,12.620971581717622,7.293927957493607,-1.0374969518225214,3.0,0.0,34.833333333333336,0
1129,2024,9,7,hamilton,mercedes,7,42.0,4.973529411764706,5.785714285714286,4.967164179104477,4.754545454545455,12.620971581717622,8.14885591887612,0.631458488438951,3.0,0.0,34.833333333333336,0
1129,2024,9,7,piastri,mclaren,4,42.0,9.7,11.0,9.7,10.083333333333334,22.65712222576201,6.707625820277692,-1.1613966044960031,3.0,0.0,34.833333333333336,0
1129,2024,9,7,alonso,aston_martin,6,42.0,8.404639175257731,10.61111111111111,8.348525469168901,9.94488188976378,5.278620915141207,10.075284545674092,0.5280260276958709,3.0,0.0,34.833333333333336,0
1129,2024,9,7,stroll,aston_martin,9,42.0,12.230263157894736,11.4,12.230263157894736,12.689655172413794,5.278620915141207,12.389612126465591,-0.6422257973385271,3.0,0.0,34.833333333333336,0
1129,2024,9,7,ricciardo,rb,5,42.0,10.121457489878544,8.222222222222221,10.121457489878544,9.658823529411764,2.6123747899740453,14.026674195633248,-0.7249746468973824,3.0,0.0,34.833333333333336,0
1129,2024,9,7,gasly,alpine,15,42.0,11.181159420289855,11.25,11.181159420289855,11.60377358490566,1.367929665779,13.11310592404905,0.3110370544688191,3.0,0.0,34.833333333333336,0
1129,2024,9,7,ocon,alpine,18,42.0,10.98581560283688,7.25,10.98581560283688,10.962962962962964,1.367929665779,13.420235018314443,-0.2397306399612094,3.0,0.0,34.833333333333336,0
1129,2024,9,7,hulkenberg,haas,17,42.0,11.967289719626168,10.4,11.967289719626168,11.814285714285717,0.3711513809639389,13.123021382898331,-0.8319029225785712,3.0,0.0,34.833333333333336,0
1129,2024,9,7,kevin_magnussen,haas,14,42.0,13.627906976744184,14.428571428571429,13.627906976744184,14.096774193548388,0.3711513809639389,15.52004440721513,0.9126416120758116,3.0,0.0,34.833333333333336,0
1129,2024,9,7,bottas,sauber,22,42.0,8.51082251082251,5.777777777777778,8.51082251082251,8.27710843373494,0.760863766938088,15.90454000894019,-1.2819152798888216,3.0,0.0,34.833333333333336,0
1129,2024,9,7,tsunoda,rb,8,42.0,13.391891891891891,16.0,13.391891891891891,13.290322580645162,2.6123747899740453,10.938037132417898,-0.3102685118474863,3.0,0.0,34.833333333333336,0
1129,2024,9,7,zhou,sauber,22,42.0,14.326923076923077,12.0,14.326923076923077,14.181818181818182,0.760863766938088,15.111517164235456,2.4921162147068863,3.0,0.0,34.833333333333336,0
1129,2024,9,7,sainz,ferrari,12,42.0,9.494791666666666,9.571428571428571,9.494791666666666,8.971830985915492,27.514595176774485,5.018491233189504,-0.1235469387647327,3.0,0.0,34.833333333333336,0
1129,2024,9,7,albon,williams,10,42.0,11.438202247191011,13.0,11.438202247191011,11.515151515151516,0.5483927808577544,14.1676784520745,-1.8102097748610888,3.0,0.0,34.833333333333336,0
1129,2024,9,7,perez,red_bull,16,42.0,9.191011235955056,10.3,9.191011235955056,8.736263736263735,28.90108996573427,7.307670691801736,0.4765314343427785,3.0,0.0,34.833333333333336,0
1129,2024,9,7,leclerc,ferrari,11,42.0,7.827067669172933,5.5,7.827067669172933,7.196078431372549,27.514595176774485,3.659398640515564,-0.5717358763054231,3.0,0.0,34.833333333333336,0
1129,2024,9,7,sargeant,williams,13,42.0,16.137931034482758,20.0,16.137931034482758,16.25,0.5483927808577544,16.490730055431843,0.6183283336044838,3.0,0.0,34.833333333333336,0
1130,2024,10,4,max_verstappen,red_bull,2,42.0,5.804123711340206,4.777777777777778,5.804123711340206,6.239669421487603,28.19180088105531,2.858646402891791,-0.6858394036625883,5.0,0.0,47.785714285714285,1
1130,2024,10,4,norris,mclaren,1,42.0,8.274336283185841,12.6,8.274336283185841,8.36231884057971,23.62855454835073,3.6429604358218617,0.7629514884192644,5.0,0.0,47.785714285714285,0
1130,2024,10,4,hamilton,mercedes,3,42.0,4.970674486803519,5.0588235294117645,4.964285714285714,5.078260869565217,15.417158566859872,7.394518479080461,1.0621023996318697,5.0,0.0,47.785714285714285,0
1130,2024,10,4,russell,mercedes,4,42.0,11.061946902654867,10.8,11.061946902654867,11.623188405797102,15.417158566859872,6.5132137832930646,-1.2124975060614438,5.0,0.0,47.785714285714285,0
1130,2024,10,4,leclerc,ferrari,5,42.0,7.91044776119403,11.666666666666666,7.91044776119403,8.21951219512195,22.51194150827003,6.448598887700406,-1.9223293533436352,5.0,0.0,47.785714285714285,0
1130,2024,10,4,sainz,ferrari,6,42.0,9.528497409326423,6.555555555555555,9.528497409326423,9.801652892561984,22.51194150827003,7.015129190791414,-0.8283565862620544,5.0,0.0,47.785714285714285,0
1130,2024,10,4,piastri,mclaren,9,42.0,9.548387096774194,13.0,9.548387096774194,9.444444444444445,23.62855454835073,6.396530042279861,-1.1319933232585906,5.0,0.0,47.785714285714285,0
1130,2024,10,4,perez,red_bull,11,42.0,9.223880597014926,8.538461538461538,9.223880597014926,9.426136363636363,28.19180088105531,9.251730566019605,0.0262529917350003,5.0,0.0,47.785714285714285,0
1130,2024,10,4,gasly,alpine,7,42.0,11.16546762589928,11.166666666666666,11.16546762589928,10.91764705882353,1.664669812866792,12.365268483312285,1.345393953657103,5.0,0.0,47.785714285714285,0
1130,2024,10,4,ocon,alpine,8,42.0,10.97887323943662,9.666666666666666,10.97887323943662,11.0,1.664669812866792,12.798374105893377,1.258402203668733,5.0,0.0,47.785714285714285,0
1130,2024,10,4,hulkenberg,haas,13,42.0,11.962790697674418,14.0,11.962790697674418,12.041666666666666,0.3036693116977682,12.737017495098636,0.410261245162988,5.0,0.0,47.785714285714285,0
1130,2024,10,4,alonso,aston_martin,10,42.0,8.398457583547557,7.65,8.342245989304812,7.655172413793103,6.864326664571826,9.334323719187893,0.4320212953875307,5.0,0.0,47.785714285714285,0
1130,2024,10,4,zhou,sauber,15,42.0,14.339622641509434,14.0,14.339622641509434,14.433333333333334,0.6225249002220719,15.0912408286303,-0.6883450285948749,5.0,0.0,47.785714285714285,0
1130,2024,10,4,stroll,aston_martin,14,42.0,12.196078431372548,11.714285714285714,12.196078431372548,11.9468085106383,6.864326664571826,11.409682648926347,-0.1618211069133179,5.0,0.0,47.785714285714285,0
1130,2024,10,4,ricciardo,rb,18,42.0,10.112903225806452,7.818181818181818,10.112903225806452,10.364197530864198,2.914273476748483,12.930915250972657,-1.1386156201887676,5.0,0.0,47.785714285714285,0
1130,2024,10,4,bottas,sauber,12,42.0,8.530172413793103,7.454545454545454,8.530172413793103,8.641891891891891,0.6225249002220719,15.37644182549652,-3.412476138090855,5.0,0.0,47.785714285714285,0
1130,2024,10,4,kevin_magnussen,haas,16,42.0,13.61849710982659,12.875,13.61849710982659,13.363636363636363,0.3036693116977682,14.880036333176015,1.110343137152937,5.0,0.0,47.785714285714285,0
1130,2024,10,4,albon,williams,22,42.0,11.5,13.25,11.5,11.392857142857142,0.4486850025199808,14.682646013626302,-2.7538080111427936,5.0,0.0,47.785714285714285,0
1130,2024,10,4,tsunoda,rb,17,42.0,13.4,14.0,13.4,13.465116279069768,2.914273476748483,11.494757815743936,-1.3447654469874115,5.0,0.0,47.785714285714285,0
1130,2024,10,4,sargeant,williams,19,42.0,16.266666666666666,20.0,16.266666666666666,16.058823529411764,0.4486850025199808,17.130332972208233,-0.7701955189637318,5.0,0.0,47.785714285714285,0
1131,2024,11,70,russell,mercedes,3,45.0,11.0,12.857142857142858,11.0,11.514285714285714,17.523129736521714,6.056265822641268,-0.9920434140246748,4.0,0.0,35.69230769230769,1
1131,2024,11,70,piastri,mclaren,7,45.0,9.46875,16.0,9.46875,9.31578947368421,23.87790826683242,6.506430581434722,-0.5616123946769346,4.0,0.0,35.69230769230769,0
1131,2024,11,70,sainz,ferrari,4,45.0,9.510309278350515,10.0,9.510309278350515,9.770491803278688,21.691588506766387,6.830560247011157,-0.6777462978507717,4.0,0.0,35.69230769230769,0
1131,2024,11,70,hamilton,mercedes,5,45.0,4.964912280701754,4.333333333333333,4.958456973293768,5.06926406926407,17.523129736521714,6.59551511924765,0.8689928724260748,4.0,0.0,35.69230769230769,0
1131,2024,11,70,max_verstappen,red_bull,1,45.0,5.779487179487179,5.454545454545454,5.779487179487179,6.19672131147541,28.338746175408893,2.5207106932751016,-0.3793231484512084,4.0,0.0,35.69230769230769,0
1131,2024,11,70,hulkenberg,haas,9,45.0,11.958333333333334,14.285714285714286,11.958333333333334,12.03448275862069,0.2484567095709011,12.421196132353428,0.699304655133354,4.0,0.0,35.69230769230769,0
1131,2024,11,70,perez,red_bull,8,45.0,9.219330855018589,8.5,9.219330855018589,9.418079096045195,28.338746175408893,9.024143190379675,0.5669342659650006,4.0,0.0,35.69230769230769,0
1131,2024,11,70,kevin_magnussen,haas,12,45.0,13.637931034482758,13.11111111111111,13.637931034482758,13.396396396396396,0.2484567095709011,15.26548427259856,0.7266443849433118,4.0,0.0,35.69230769230769,0
1131,2024,11,70,ricciardo,rb,11,45.0,10.132530120481928,10.181818181818182,10.132530120481928,10.392638036809815,2.3021123664883283,13.307112478068538,-0.3861400528817184,4.0,0.0,35.69230769230769,0
1131,2024,11,70,gasly,alpine,13,45.0,11.15,11.75,11.15,10.895348837209305,1.907457177402966,11.753401486346029,0.7371405075372465,4.0,0.0,35.69230769230769,0
1131,2024,11,70,leclerc,ferrari,6,45.0,7.888888888888889,6.25,7.888888888888889,8.180722891566266,21.691588506766387,6.185217271754426,-1.572814925462374,4.0,0.0,35.69230769230769,0
1131,2024,11,70,ocon,alpine,10,45.0,10.972027972027972,11.625,10.972027972027972,10.988636363636363,1.907457177402966,12.289578813912586,0.6659654393651225,4.0,0.0,35.69230769230769,0
1131,2024,11,70,stroll,aston_martin,17,45.0,12.207792207792208,11.77777777777778,12.207792207792208,11.968421052631578,5.616266973968479,11.880649440030668,-0.1323990874745317,4.0,0.0,35.69230769230769,0
1131,2024,11,70,tsunoda,rb,14,45.0,13.473684210526317,14.25,13.473684210526317,13.590909090909092,2.3021123664883283,12.859347628570116,-1.4638990304350348,4.0,0.0,35.69230769230769,0
1131,2024,11,70,albon,williams,16,45.0,11.571428571428571,11.0,11.571428571428571,11.508771929824562,0.3671059111527116,15.285801290951664,-5.525842950726406,4.0,0.0,35.69230769230769,0
1131,2024,11,70,bottas,sauber,18,45.0,8.562231759656653,6.166666666666667,8.562231759656653,8.691275167785236,0.5093385547271496,15.489816039042603,-3.519298658437972,4.0,0.0,35.69230769230769,0
1131,2024,11,70,zhou,sauber,20,45.0,14.314814814814817,13.0,14.314814814814817,14.387096774193548,0.5093385547271496,14.711007742756196,-0.1995454067997851,4.0,0.0,35.69230769230769,0
1131,2024,11,70,alonso,aston_martin,15,45.0,8.407692307692308,12.272727272727272,8.352,7.67175572519084,5.616266973968479,9.818992133881004,-0.0101643946829297,4.0,0.0,35.69230769230769,0
1131,2024,11,70,sargeant,williams,19,45.0,16.387096774193548,13.0,16.387096774193548,16.27777777777778,0.3671059111527116,17.65312976176511,-0.8120613674221138,4.0,0.0,35.69230769230769,0
1131,2024,11,70,norris,mclaren,2,45.0,8.219298245614034,4.714285714285714,8.219298245614034,8.271428571428572,23.87790826683242,3.344240356546838,0.4424148541239978,4.0,0.0,35.69230769230769,0
1132,2024,12,9,hamilton,mercedes,2,45.0,4.962099125364431,3.055555555555556,4.955621301775148,5.064655172413793,21.06437887533595,6.12360327938444,0.8928123501667885,4.0,0.0,37.266666666666666,1
1132,2024,12,9,max_verstappen,red_bull,4,45.0,5.775510204081633,7.3,5.775510204081633,6.186991869918699,26.09533777988,2.9714905672250835,-1.0376280305509893,4.0,0.0,37.266666666666666,0
1132,2024,12,9,norris,mclaren,3,45.0,8.321739130434782,6.166666666666667,8.321739130434782,8.43661971830986,22.80919767286289,6.372560292007835,-2.9107514833080126,4.0,0.0,37.266666666666666,0
1132,2024,12,9,piastri,mclaren,5,45.0,9.242424242424242,4.0,9.242424242424242,8.95,22.80919767286289,5.685987893928381,0.4509371470281086,4.0,0.0,37.266666666666666,0
1132,2024,12,9,sainz,ferrari,7,45.0,9.476923076923075,10.7,9.476923076923075,9.715447154471544,20.47493605099068,6.134094747554582,-0.3727015164233584,4.0,0.0,37.266666666666666,0
1132,2024,12,9,hulkenberg,haas,6,45.0,11.930875576036868,9.666666666666666,11.930875576036868,11.993150684931509,2.385100944194375,11.253705926470984,1.117612899654563,4.0,0.0,37.266666666666666,0
1132,2024,12,9,stroll,aston_martin,8,45.0,12.212903225806452,11.125,12.212903225806452,11.979166666666666,4.595127325307853,12.084167723661462,0.6189462011572249,4.0,0.0,37.266666666666666,0
1132,2024,12,9,alonso,aston_martin,10,45.0,8.432225063938619,8.15,8.377659574468085,7.711026615969581,4.595127325307853,11.306448109539003,-0.5537708683769429,4.0,0.0,37.266666666666666,0
1132,2024,12,9,albon,williams,9,45.0,11.608695652173912,10.6,11.608695652173912,11.56896551724138,0.3003593818522185,15.233837419370792,-4.339326039206062,4.0,0.0,37.266666666666666,0
1132,2024,12,9,tsunoda,rb,13,45.0,13.48051948051948,13.333333333333334,13.48051948051948,13.6,2.2403945870059725,13.066739009215754,-1.1977355185254863,4.0,0.0,37.266666666666666,0
1132,2024,12,9,sargeant,williams,12,45.0,16.46875,11.0,16.46875,16.42105263157895,0.3003593818522185,17.89841415986981,-0.6641733392530089,4.0,0.0,37.266666666666666,0
1132,2024,12,9,kevin_magnussen,haas,17,45.0,13.605714285714283,14.77777777777778,13.605714285714283,13.348214285714286,2.385100944194375,13.944487132126094,1.3217999513172556,4.0,0.0,37.266666666666666,0
1132,2024,12,9,ricciardo,rb,15,45.0,10.128,8.846153846153847,10.128,10.384146341463415,2.2403945870059725,12.524001118419712,0.0477035930967761,4.0,0.0,37.266666666666666,0
1132,2024,12,9,leclerc,ferrari,11,45.0,7.911764705882353,6.285714285714286,7.911764705882353,8.214285714285714,20.47493605099068,7.0606323132548505,-2.1959394844700904,4.0,0.0,37.266666666666666,0
1132,2024,12,9,bottas,sauber,16,45.0,8.594017094017094,7.25,8.594017094017094,8.74,0.4167315447767586,15.582576759216677,-2.5157898114492494,4.0,0.0,37.266666666666666,0
1132,2024,12,9,ocon,alpine,18,45.0,10.979166666666666,10.428571428571429,10.979166666666666,11.0,1.7424649312004925,12.236928120473918,0.1812444503895088,4.0,0.0,37.266666666666666,0
1132,2024,12,9,perez,red_bull,22,45.0,9.21111111111111,11.25,9.21111111111111,9.404494382022472,26.09533777988,8.656117155765187,0.6456734903350005,4.0,0.0,37.266666666666666,0
1132,2024,12,9,zhou,sauber,14,45.0,14.363636363636363,17.0,14.363636363636363,14.46875,0.4167315447767586,15.127194852456974,0.3821994859574347,4.0,0.0,37.266666666666666,0
1132,2024,12,9,russell,mercedes,1,45.0,10.91304347826087,13.166666666666666,10.91304347826087,11.366197183098592,21.06437887533595,5.136944763891882,-0.4480355205139612,4.0,0.0,37.266666666666666,0
1132,2024,12,9,gasly,alpine,19,45.0,11.141843971631204,11.428571428571429,11.141843971631204,10.885057471264368,1.7424649312004925,11.43460121610113,1.14856950616705,4.0,0.0,37.266666666666666,0
1133,2024,13,11,piastri,mclaren,2,40.0,9.088235294117649,5.0,9.088235294117649,8.714285714285714,23.571161732342365,5.379110554048607,0.5508755560484827,5.0,0.0,47.642857142857146,1
1133,2024,13,11,norris,mclaren,1,40.0,8.275862068965518,9.2,8.275862068965518,8.36111111111111,23.571161732342365,5.759367511595111,-2.381523940847238,5.0,0.0,47.642857142857146,0
1133,2024,13,11,hamilton,mercedes,5,40.0,4.950581395348837,3.411764705882353,4.943952802359882,5.047210300429184,21.7799463525476,5.192039046769087,0.912301013772827,5.0,0.0,47.642857142857146,0
1133,2024,13,11,leclerc,ferrari,6,40.0,7.956204379562044,11.0,7.956204379562044,8.282352941176471,18.75222040535601,8.322335529028146,-2.3421323054756966,5.0,0.0,47.642857142857146,0
1133,2024,13,11,max_verstappen,red_bull,3,40.0,5.756345177664975,5.333333333333333,5.756345177664975,6.153225806451613,24.623458183538183,2.7948559186387043,-0.4853320249962636,5.0,0.0,47.642857142857146,0
1133,2024,13,11,sainz,ferrari,4,40.0,9.45408163265306,7.777777777777778,9.45408163265306,9.67741935483871,18.75222040535601,5.9278957025446575,0.0586987592899797,5.0,0.0,47.642857142857146,0
1133,2024,13,11,perez,red_bull,16,40.0,9.239852398523984,11.692307692307692,9.239852398523984,9.446927374301676,24.623458183538183,10.173186763807882,-2.562630780635001,5.0,0.0,47.642857142857146,0
1133,2024,13,11,russell,mercedes,17,40.0,10.982758620689657,10.2,10.982758620689657,11.47222222222222,21.7799463525476,7.657500261562004,-3.639301789759476,5.0,0.0,47.642857142857146,0
1133,2024,13,11,tsunoda,rb,10,40.0,13.435897435897436,13.333333333333334,13.435897435897436,13.521739130434783,1.9925660186962064,12.5091500096109,-0.4345107571921319,5.0,0.0,47.642857142857146,0
1133,2024,13,11,stroll,aston_martin,8,40.0,12.17948717948718,13.142857142857142,12.17948717948718,11.927835051546392,5.577831604549366,11.159773592086628,0.6882287100377312,5.0,0.0,47.642857142857146,0
1133,2024,13,11,alonso,aston_martin,7,40.0,8.431122448979592,6.85,8.376657824933687,7.712121212121212,5.577831604549366,10.705275725986455,-0.0894488923084075,5.0,0.0,47.642857142857146,0
1133,2024,13,11,ricciardo,rb,9,40.0,10.139442231075698,10.615384615384617,10.139442231075698,10.4,1.9925660186962064,12.610546369616127,0.4026665761700898,5.0,0.0,47.642857142857146,0
1133,2024,13,11,hulkenberg,haas,11,40.0,11.903669724770642,13.3,11.903669724770642,11.952380952380953,3.4059916816135805,10.298486667112623,0.914410554262824,5.0,0.0,47.642857142857146,0
1133,2024,13,11,albon,williams,13,40.0,11.580645161290322,10.75,11.580645161290322,11.52542372881356,0.609384948788179,14.1004124251299,-3.550357662245583,5.0,0.0,47.642857142857146,0
1133,2024,13,11,kevin_magnussen,haas,15,40.0,13.596590909090908,12.875,13.596590909090908,13.336283185840708,3.4059916816135805,13.590944017194078,1.9905635965323003,5.0,0.0,47.642857142857146,0
1133,2024,13,11,bottas,sauber,12,40.0,8.62127659574468,10.636363636363637,8.62127659574468,8.781456953642385,0.3409621729991661,15.476653712086373,-1.8765553002766584,5.0,0.0,47.642857142857146,0
1133,2024,13,11,sargeant,williams,14,40.0,16.303030303030305,18.0,16.303030303030305,16.15,0.609384948788179,16.64248591453701,-0.3611932262211895,5.0,0.0,47.642857142857146,0
1133,2024,13,11,ocon,alpine,19,40.0,11.013793103448275,10.833333333333334,11.013793103448275,11.055555555555555,1.4256530750513516,12.921123007660636,0.5119272775914927,5.0,0.0,47.642857142857146,0
1133,2024,13,11,zhou,sauber,18,40.0,14.428571428571429,14.5,14.428571428571429,14.575757575757576,0.3409621729991661,15.649529940323722,-0.4145745505639248,5.0,0.0,47.642857142857146,0
1133,2024,13,11,gasly,alpine,22,40.0,11.204225352112676,11.5,11.204225352112676,10.988636363636363,1.4256530750513516,12.991946449537949,0.7579205050456035,5.0,0.0,47.642857142857146,0
1134,2024,14,13,hamilton,mercedes,3,34.0,4.944927536231884,7.705882352941177,4.938235294117647,5.038461538461538,21.45631974299349,4.793486492811071,1.1100644658141314,4.0,0.0,38.07692307692308,1
1134,2024,14,13,piastri,mclaren,5,34.0,8.857142857142858,20.0,8.857142857142858,8.363636363636363,27.103677781007395,4.582198805573557,0.6326073464417141,4.0,0.0,38.07692307692308,0
1134,2024,14,13,leclerc,ferrari,1,34.0,7.927536231884058,8.333333333333334,7.927536231884058,8.232558139534884,18.979089422564005,7.53645634193138,-1.552653704479373,4.0,0.0,38.07692307692308,0
1134,2024,14,13,max_verstappen,red_bull,11,34.0,5.752525252525253,7.444444444444445,5.752525252525253,6.144,23.05555669562215,3.1957912061589404,-0.7607262022696702,4.0,0.0,38.07692307692308,0
1134,2024,14,13,norris,mclaren,4,34.0,8.222222222222221,10.2,8.222222222222221,8.273972602739725,27.103677781007395,5.075846145807076,-2.130337769768129,4.0,0.0,38.07692307692308,0
1134,2024,14,13,sainz,ferrari,7,34.0,9.436548223350254,14.333333333333334,9.436548223350254,9.648,18.979089422564005,5.941005574809265,-0.3156101060354714,4.0,0.0,38.07692307692308,0
1134,2024,14,13,perez,red_bull,2,34.0,9.231617647058824,10.076923076923077,9.231617647058824,9.433333333333334,23.05555669562215,9.596243715842812,-0.4603342750649998,4.0,0.0,38.07692307692308,0
1134,2024,14,13,alonso,aston_martin,8,34.0,8.43765903307888,10.88888888888889,8.383597883597883,7.724528301886792,4.745498477039501,10.758861957625284,-0.8004581846159704,4.0,0.0,38.07692307692308,0
1134,2024,14,13,ocon,alpine,9,34.0,11.061643835616438,8.285714285714286,11.061643835616438,11.131868131868131,1.166443391252081,13.844555188086147,0.6006677725748745,4.0,0.0,38.07692307692308,0
1134,2024,14,13,ricciardo,rb,13,34.0,10.146825396825395,10.23076923076923,10.146825396825395,10.409638554216867,1.9940250806388204,12.49953793877683,-0.2160000740426541,4.0,0.0,38.07692307692308,0
1134,2024,14,13,stroll,aston_martin,15,34.0,12.165605095541402,11.857142857142858,12.165605095541402,11.908163265306122,4.745498477039501,10.948905666252692,0.1994598536672243,4.0,0.0,38.07692307692308,0
1134,2024,14,13,albon,williams,10,34.0,11.606382978723405,8.75,11.606382978723405,11.566666666666666,0.4985876853721463,14.082155620443524,-3.0866562661306696,4.0,0.0,38.07692307692308,0
1134,2024,14,13,gasly,alpine,12,34.0,11.265734265734263,8.666666666666666,11.265734265734263,11.089887640449438,1.166443391252081,14.26613800416785,-3.0162468595094456,4.0,0.0,38.07692307692308,0
1134,2024,14,13,kevin_magnussen,haas,17,34.0,13.6045197740113,14.125,13.6045197740113,13.350877192982455,2.786720466774747,13.84713601406788,1.6286429426173363,4.0,0.0,38.07692307692308,0
1134,2024,14,13,bottas,sauber,14,34.0,8.652542372881356,8.363636363636363,8.652542372881356,8.828947368421053,0.2789690506356813,15.571807582616122,-2.2626361547718115,4.0,0.0,38.07692307692308,0
1134,2024,14,13,tsunoda,rb,20,34.0,13.379746835443038,12.666666666666666,13.379746835443038,13.425531914893616,1.9940250806388204,11.871122651964525,-0.1736905855209621,4.0,0.0,38.07692307692308,0
1134,2024,14,13,sargeant,williams,18,34.0,16.323529411764707,17.0,16.323529411764707,16.19047619047619,0.4985876853721463,16.70755931862937,-0.8414991679840015,4.0,0.0,38.07692307692308,0
1134,2024,14,13,hulkenberg,haas,16,34.0,11.908675799086758,11.7,11.908675799086758,11.95945945945946,2.786720466774747,10.789670909455785,0.3845177262150374,4.0,0.0,38.07692307692308,0
1134,2024,14,13,zhou,sauber,19,34.0,14.508771929824562,13.5,14.508771929824562,14.705882352941176,0.2789690506356813,16.25871287909966,-0.5210166883444816,4.0,0.0,38.07692307692308,0
1134,2024,14,13,russell,mercedes,6,34.0,10.957264957264956,9.2,10.957264957264956,11.424657534246576,21.45631974299349,7.719772941281964,-1.3412469187479683,4.0,0.0,38.07692307692308,0
1135,2024,15,39,norris,mclaren,1,26.0,8.194915254237289,8.0,8.194915254237289,8.22972972972973,27.26664545718787,5.062055937477799,-1.924821811617776,5.0,0.0,57.0,1
1135,2024,15,39,max_verstappen,red_bull,2,26.0,5.743718592964824,1.0,5.743718592964824,6.126984126984127,22.31818275096358,3.3420109868573147,0.6503149254157252,5.0,0.0,57.0,0
1135,2024,15,39,leclerc,ferrari,6,26.0,7.892086330935252,9.0,7.892086330935252,8.172413793103448,19.710164073006915,6.7116460979432215,-1.6339893945740946,5.0,0.0,57.0,0
1135,2024,15,39,piastri,mclaren,3,26.0,8.666666666666666,9.0,8.666666666666666,8.08695652173913,27.26664545718787,4.112365710873514,1.0633562935756964,5.0,0.0,57.0,0
1135,2024,15,39,sainz,ferrari,10,26.0,9.41919191919192,6.666666666666667,9.41919191919192,9.61904761904762,19.710164073006915,5.951731833934852,-0.0764082685744764,5.0,0.0,57.0,0
1135,2024,15,39,perez,red_bull,5,26.0,9.223443223443224,5.666666666666667,9.223443223443224,9.41988950276243,22.31818275096358,9.124199403871392,-1.2857280432350005,5.0,0.0,57.0,0
1135,2024,15,39,russell,mercedes,4,26.0,11.033898305084746,12.0,11.033898305084746,11.54054054054054,22.1006252442674,9.952541497528694,-3.64283838818628,5.0,0.0,57.0,0
1135,2024,15,39,hamilton,mercedes,14,26.0,4.933526011560693,4.0,4.926686217008798,5.0212765957446805,22.1006252442674,4.10376167593633,1.2718709265751984,5.0,0.0,57.0,0
1135,2024,15,39,gasly,alpine,9,26.0,11.27777777777778,6.0,11.27777777777778,11.11111111111111,1.317999154461513,14.035931094319084,-2.649656521416716,5.0,0.0,57.0,0
1135,2024,15,39,alonso,aston_martin,7,26.0,8.436548223350254,4.666666666666667,8.382585751978892,7.725563909774436,4.609953284939225,10.257250692602504,-0.6549203328676121,5.0,0.0,57.0,0
1135,2024,15,39,hulkenberg,haas,12,26.0,11.936363636363636,12.0,11.936363636363636,12.0,2.2800440182702477,12.100639835009275,-0.049030951278606,5.0,0.0,57.0,0
1135,2024,15,39,ricciardo,rb,13,26.0,10.146245059288535,14.0,10.146245059288535,10.407185628742514,1.801707714136448,12.04507649536286,0.3687272121469197,5.0,0.0,57.0,0
1135,2024,15,39,stroll,aston_martin,8,26.0,12.158227848101266,11.0,12.158227848101266,11.8989898989899,4.609953284939225,10.95819554511584,0.8904671530004683,5.0,0.0,57.0,0
1135,2024,15,39,albon,williams,19,26.0,11.610526315789471,10.0,11.610526315789471,11.57377049180328,0.4079353789408469,13.703581869281832,-2.8890823985228224,5.0,0.0,57.0,0
1135,2024,15,39,ocon,alpine,15,26.0,11.047619047619047,9.333333333333334,11.047619047619047,11.108695652173912,1.317999154461513,12.963726972070347,0.4914554502885168,5.0,0.0,57.0,0
1135,2024,15,39,sargeant,williams,18,26.0,16.34285714285714,20.0,16.34285714285714,16.227272727272727,0.4079353789408469,16.760777754619948,-0.506382640629668,5.0,0.0,57.0,0
1135,2024,15,39,tsunoda,rb,11,26.0,13.4125,18.0,13.4125,13.479166666666666,1.801707714136448,12.621827704401928,0.5851623291464598,5.0,0.0,57.0,0
1135,2024,15,39,kevin_magnussen,haas,22,26.0,13.606741573033707,15.5,13.606741573033707,13.356521739130434,2.2800440182702477,13.87492946605554,1.8779805894141848,5.0,0.0,57.0,0
1135,2024,15,39,bottas,sauber,16,26.0,8.679324894514767,12.0,8.679324894514767,8.869281045751634,0.2282474050655574,15.46784256759501,-2.0330659448133,5.0,0.0,57.0,0
1135,2024,15,39,zhou,sauber,17,26.0,14.586206896551724,17.0,14.586206896551724,14.82857142857143,0.2282474050655574,16.757133113520563,-0.4262855461879574,5.0,0.0,57.0,0
1136,2024,16,14,leclerc,ferrari,4,30.0,7.857142857142857,6.666666666666667,7.857142857142857,7.423076923076923,20.67195242336929,6.03680135286221,-0.791445868287365,2.0,0.0,27.714285714285715,1
1136,2024,16,14,piastri,mclaren,2,30.0,8.54054054054054,12.0,8.54054054054054,9.692307692307692,29.218164464971892,4.091923392467459,0.6879767760118972,2.0,0.0,27.714285714285715,0
1136,2024,16,14,norris,mclaren,1,30.0,8.134453781512605,6.2,8.134453781512605,8.136363636363637,29.218164464971892,4.323500312450394,-1.574854209490554,2.0,0.0,27.714285714285715,0
1136,2024,16,14,sainz,ferrari,5,30.0,9.396984924623116,9.22222222222222,9.396984924623116,9.069444444444445,20.67195242336929,5.7786896823103335,0.8465750529845198,2.0,0.0,27.714285714285715,0
1136,2024,16,14,hamilton,mercedes,6,30.0,4.942363112391931,6.0,4.935672514619883,4.747747747747748,19.90051156349151,4.812168643947906,2.1315307581069813,2.0,0.0,27.714285714285715,0
1136,2024,16,14,max_verstappen,red_bull,7,30.0,5.725,8.777777777777779,5.725,5.082191780821918,22.987604068970203,3.0980089892468934,0.5320758480674115,2.0,0.0,27.714285714285715,0
1136,2024,16,14,russell,mercedes,3,30.0,11.0,9.0,11.0,10.181818181818182,19.90051156349151,9.41571577068244,-3.525958681238343,2.0,0.0,27.714285714285715,0
1136,2024,16,14,perez,red_bull,8,30.0,9.211678832116789,7.538461538461538,9.211678832116789,8.83695652173913,22.987604068970203,8.556163148622048,-1.2337774899195455,2.0,0.0,27.714285714285715,0
1136,2024,16,14,albon,williams,9,30.0,11.635416666666666,9.333333333333334,11.635416666666666,11.676470588235292,0.3337653100425111,13.75747607509876,-1.4547037744401246,2.0,0.0,27.714285714285715,0
1136,2024,16,14,kevin_magnussen,haas,13,30.0,13.631284916201118,15.625,13.631284916201118,14.063492063492063,1.8654905604029293,14.62494229040908,-1.7361976995702149,2.0,0.0,27.714285714285715,0
1136,2024,16,14,alonso,aston_martin,11,30.0,8.440506329113925,10.05,8.386842105263158,9.9140625,3.953598084946736,10.21047783940205,-1.0812984541644102,2.0,0.0,27.714285714285715,0
1136,2024,16,14,colapinto,williams,18,30.0,10.5,10.5,10.5,10.5,0.3337653100425111,10.5,0.0,2.0,0.0,27.714285714285715,0
1136,2024,16,14,ricciardo,rb,12,30.0,10.153543307086617,8.5,10.153543307086617,9.63953488372093,1.4571412608162475,12.036880768933251,0.4835040826656617,2.0,0.0,27.714285714285715,0
1136,2024,16,14,ocon,alpine,15,30.0,11.074324324324325,11.142857142857142,11.074324324324325,10.945454545454544,1.44199931901655,13.333958431693969,0.4020999138724115,2.0,0.0,27.714285714285715,0
1136,2024,16,14,gasly,alpine,14,30.0,11.26206896551724,11.333333333333334,11.26206896551724,11.555555555555555,1.44199931901655,13.120307258988127,-2.167900790249929,2.0,0.0,27.714285714285715,0
1136,2024,16,14,bottas,sauber,19,30.0,8.722689075630251,6.090909090909091,8.722689075630251,8.333333333333334,0.1867478768718196,16.110053009850464,-2.208872136665428,2.0,0.0,27.714285714285715,0
1136,2024,16,14,hulkenberg,haas,10,30.0,11.93212669683258,11.0,11.93212669683258,11.80281690140845,1.8654905604029293,11.900523501371223,0.1417019489538679,2.0,0.0,27.714285714285715,0
1136,2024,16,14,zhou,sauber,20,30.0,14.677966101694915,12.0,14.677966101694915,14.217391304347826,0.1867478768718196,17.346749527833936,-0.8942370042173091,2.0,0.0,27.714285714285715,0
1136,2024,16,14,stroll,aston_martin,17,30.0,12.163522012578616,10.285714285714286,12.163522012578616,12.59322033898305,3.953598084946736,11.329432718731146,-0.1805268748178139,2.0,0.0,27.714285714285715,0
1136,2024,16,14,tsunoda,rb,16,30.0,13.45679012345679,18.0,13.45679012345679,13.3125,1.4571412608162475,13.417859100339292,-0.6121400169980818,2.0,0.0,27.714285714285715,0
1137,2024,17,73,piastri,mclaren,2,22.0,8.368421052631579,11.0,8.368421052631579,7.916666666666667,30.08758910770428,3.711388037575255,0.5628290351529526,4.0,0.0,36.125,1
1137,2024,17,73,leclerc,ferrari,1,22.0,7.808510638297872,7.4,7.808510638297872,8.113636363636363,23.640688346393052,5.121019288704973,-0.1020920740529433,4.0,0.0,36.125,0
1137,2024,17,73,russell,mercedes,5,22.0,10.966666666666669,10.75,10.966666666666669,11.48,19.191327642856688,8.976494721452152,-3.6121480119252833,4.0,0.0,36.125,0
1137,2024,17,73,norris,mclaren,15,22.0,8.091666666666667,7.75,8.091666666666667,8.133333333333333,30.08758910770428,4.082863891996486,-1.6521534441313277,4.0,0.0,36.125,0
1137,2024,17,73,max_verstappen,red_bull,6,22.0,5.72636815920398,9.571428571428571,5.72636815920398,6.094488188976378,20.98985787461198,3.625643718474731,0.6171529666006094,4.0,0.0,36.125,0
1137,2024,17,73,alonso,aston_martin,7,22.0,8.446969696969697,8.666666666666666,8.393700787401574,7.734082397003745,3.234762018178471,10.35402732314713,-0.8846987352254264,4.0,0.0,36.125,0
1137,2024,17,73,albon,williams,9,22.0,11.608247422680412,11.666666666666666,11.608247422680412,11.612903225806452,0.6367170718529638,12.892480422036789,-1.1902121781565993,4.0,0.0,36.125,0
1137,2024,17,73,colapinto,williams,8,22.0,12.0,12.0,12.0,10.5,0.6367170718529638,12.0,6.0,4.0,0.0,36.125,0
1137,2024,17,73,hamilton,mercedes,22,22.0,4.942528735632184,5.428571428571429,4.9358600583090375,5.033898305084746,19.191327642856688,4.846319799593742,1.9257978929966209,4.0,0.0,36.125,0
1137,2024,17,73,bearman,haas,10,22.0,7.0,7.0,7.0,10.5,1.7081286403296696,7.0,4.0,4.0,0.0,36.125,0
1137,2024,17,73,hulkenberg,haas,12,22.0,11.954954954954957,15.0,11.954954954954957,11.993333333333334,1.7081286403296696,12.827701046576458,-1.1567893144922907,4.0,0.0,36.125,0
1137,2024,17,73,gasly,alpine,18,22.0,11.287671232876711,10.2,11.287671232876711,11.087912087912088,1.1798176059306742,13.462069575535809,-1.955555192022629,4.0,0.0,36.125,0
1137,2024,17,73,ricciardo,rb,14,22.0,10.16470588235294,10.333333333333334,10.16470588235294,10.416666666666666,1.1810734675852197,12.211993356399931,0.2137760676355412,4.0,0.0,36.125,0
1137,2024,17,73,zhou,sauber,17,22.0,14.733333333333333,18.5,14.733333333333333,14.97222222222222,0.1527937174405797,17.465523041940585,-0.3680089886315812,4.0,0.0,36.125,0
1137,2024,17,73,ocon,alpine,22,22.0,11.093959731543624,14.0,11.093959731543624,11.150537634408602,1.1798176059306742,13.455056898658716,0.5108090204410752,4.0,0.0,36.125,0
1137,2024,17,73,bottas,sauber,16,22.0,8.753138075313808,9.142857142857142,8.753138075313808,8.935064935064934,0.1527937174405797,16.090043371695835,-1.261804475453531,4.0,0.0,36.125,0
1137,2024,17,73,perez,red_bull,4,22.0,9.207272727272729,4.428571428571429,9.207272727272729,9.4010989010989,20.98985787461198,8.455042576145312,-1.0094543099341735,4.0,0.0,36.125,0
1137,2024,17,73,sainz,ferrari,3,22.0,9.37,10.571428571428571,9.37,9.582677165354331,23.640688346393052,5.455291558253909,0.8744704978964253,4.0,0.0,36.125,0
1137,2024,17,73,stroll,aston_martin,13,22.0,12.20625,10.333333333333334,12.20625,11.91,3.234762018178471,12.724081315325495,-0.511340170305488,4.0,0.0,36.125,0
1137,2024,17,73,tsunoda,rb,11,22.0,13.53658536585366,10.0,13.53658536585366,13.551020408163266,1.1810734675852197,14.614612076632373,-1.2281146033413746,4.0,0.0,36.125,0
1138,2024,18,15,norris,mclaren,1,23.0,8.057851239669422,4.333333333333333,8.057851239669422,8.078947368421053,31.526209269939866,4.0677977298148775,0.6482380912308372,4.0,0.0,45.583333333333336,1
1138,2024,18,15,max_verstappen,red_bull,2,23.0,5.7227722772277225,7.142857142857143,5.7227722772277225,6.0859375,18.9917018974098,3.875526678752053,0.6867615181277713,4.0,0.0,45.583333333333336,0
1138,2024,18,15,piastri,mclaren,5,23.0,8.179487179487179,7.0,8.179487179487179,7.64,31.526209269939866,3.218211539801718,0.642346404995874,4.0,0.0,45.583333333333336,0
1138,2024,18,15,russell,mercedes,4,23.0,10.900826446280991,16.666666666666668,10.900826446280991,11.36842105263158,18.792904435064564,7.889859317520792,-2.591757464273424,4.0,0.0,45.583333333333336,0
1138,2024,18,15,leclerc,ferrari,9,23.0,7.767605633802817,4.25,7.767605633802817,8.044943820224718,22.615108647048864,4.553561236212921,-0.2653480605888407,4.0,0.0,45.583333333333336,0
1138,2024,18,15,hamilton,mercedes,3,23.0,4.954154727793696,6.928571428571429,4.947674418604652,5.050632911392405,18.792904435064564,5.60153438148579,-0.0607108148209479,4.0,0.0,45.583333333333336,0
1138,2024,18,15,sainz,ferrari,10,23.0,9.412935323383085,7.285714285714286,9.412935323383085,9.6484375,22.615108647048864,7.736147638571381,-2.011796865357472,4.0,0.0,45.583333333333336,0
1138,2024,18,15,alonso,aston_martin,7,23.0,8.44080604534005,7.615384615384615,8.387434554973822,7.727611940298507,4.101168974576653,9.562385991665831,-0.5420262379117123,4.0,0.0,45.583333333333336,0
1138,2024,18,15,hulkenberg,haas,6,23.0,11.95067264573991,12.9,11.95067264573991,11.986754966887418,1.5793779784515478,12.495391765380736,-0.7646458027664195,4.0,0.0,45.583333333333336,0
1138,2024,18,15,perez,red_bull,13,23.0,9.235507246376812,9.0,9.235507246376812,9.442622950819672,18.9917018974098,10.008671198664349,-3.18955352630978,4.0,0.0,45.583333333333336,0
1138,2024,18,15,colapinto,williams,12,23.0,10.0,10.0,10.0,8.0,2.3391321496978805,9.8,2.7,4.0,0.0,45.583333333333336,0
1138,2024,18,15,tsunoda,rb,8,23.0,13.614457831325302,17.0,13.614457831325302,13.68,0.9590057310424558,15.59377357444384,-2.641184758007716,4.0,0.0,45.583333333333336,0
1138,2024,18,15,ocon,alpine,15,23.0,11.12,16.4,11.12,11.191489361702128,0.965305301412224,13.735955644357157,-2.309338074184814,4.0,0.0,45.583333333333336,0
1138,2024,18,15,stroll,aston_martin,17,23.0,12.248447204968944,12.2,12.248447204968944,11.98019801980198,4.101168974576653,13.865157439811782,-1.5092783211590453,4.0,0.0,45.583333333333336,0
1138,2024,18,15,zhou,sauber,20,23.0,14.721311475409836,16.0,14.721311475409836,14.945945945945946,0.1250130415422924,16.835424900787586,0.2443592390328335,4.0,0.0,45.583333333333336,0
1138,2024,18,15,bottas,sauber,19,23.0,8.783333333333333,9.88888888888889,8.783333333333333,8.980645161290322,0.1250130415422924,16.07367184956932,-1.032385479916525,4.0,0.0,45.583333333333336,0
1138,2024,18,15,gasly,alpine,18,23.0,11.29251700680272,9.25,11.29251700680272,11.097826086956522,0.965305301412224,13.196238743620164,-0.5090906116546546,4.0,0.0,45.583333333333336,0
1138,2024,18,15,ricciardo,rb,16,23.0,10.17578125,8.4,10.17578125,10.431952662721894,0.9590057310424558,12.355267291599944,0.3567258735199883,4.0,0.0,45.583333333333336,0
1138,2024,18,15,kevin_magnussen,haas,14,23.0,13.61111111111111,12.857142857142858,13.61111111111111,13.39655172413793,1.5793779784515478,13.784043692152885,-0.8750708451029026,4.0,0.0,45.583333333333336,0
1138,2024,18,15,albon,williams,11,23.0,11.56122448979592,11.333333333333334,11.56122448979592,11.53968253968254,2.3391321496978805,11.821120342218087,-0.6101735986398555,4.0,0.0,45.583333333333336,0
1139,2024,19,69,leclerc,ferrari,4,23.0,7.748251748251748,9.2,7.748251748251748,7.30188679245283,21.41236162031271,4.634731920537873,0.510169768609398,3.0,0.0,32.916666666666664,1
1139,2024,19,69,sainz,ferrari,3,23.0,9.4009900990099,8.125,9.4009900990099,9.0,21.41236162031271,7.602302613376585,-1.1005610716561127,3.0,0.0,32.916666666666664,0
1139,2024,19,69,max_verstappen,red_bull,2,23.0,5.704433497536946,4.5,5.704433497536946,5.094594594594595,18.99321064333529,3.5345218280698614,0.5618957875590855,3.0,0.0,32.916666666666664,0
1139,2024,19,69,norris,mclaren,1,23.0,8.0,5.75,8.0,8.022222222222222,33.06689849358716,3.5100163243809845,0.5303766200952095,3.0,0.0,32.916666666666664,0
1139,2024,19,69,piastri,mclaren,5,23.0,8.05,17.0,8.05,9.142857142857142,33.06689849358716,3.178523753044755,0.8892731551453342,3.0,0.0,32.916666666666664,0
1139,2024,19,69,russell,mercedes,20,23.0,10.844262295081966,10.25,10.844262295081966,10.11111111111111,19.01237635596192,7.182612168864157,-2.1205288343945408,3.0,0.0,32.916666666666664,0
1139,2024,19,69,perez,red_bull,9,23.0,9.23826714801444,7.727272727272727,9.23826714801444,8.827956989247312,18.99321064333529,10.007094617089011,-2.06418015788982,3.0,0.0,32.916666666666664,0
1139,2024,19,69,hulkenberg,haas,11,23.0,11.9375,12.444444444444445,11.9375,11.875,1.6558547096421754,11.859865989856967,-1.1710738386270707,3.0,0.0,32.916666666666664,0
1139,2024,19,69,lawson,rb,19,23.0,12.2,12.2,12.2,11.0,0.779803333513629,12.595380482735637,1.1212721319189818,3.0,0.0,32.916666666666664,0
1139,2024,19,69,colapinto,williams,15,23.0,10.333333333333334,10.333333333333334,10.333333333333334,12.0,1.9138353952073568,10.282392026578073,2.016611295681063,3.0,0.0,32.916666666666664,0
1139,2024,19,69,kevin_magnussen,haas,8,23.0,13.640883977900552,13.857142857142858,13.640883977900552,14.0,1.6558547096421754,14.73239938448872,-1.6250579641751024,3.0,0.0,32.916666666666664,0
1139,2024,19,69,gasly,alpine,6,23.0,11.33108108108108,13.6,11.33108108108108,11.61818181818182,0.7897952382214445,13.887831699325677,-0.2347105004446827,3.0,0.0,32.916666666666664,0
1139,2024,19,69,alonso,aston_martin,7,23.0,8.43969849246231,10.6,8.386422976501306,9.92248062015504,4.082774614683552,9.278315811362956,-0.6252941946550374,3.0,0.0,32.916666666666664,0
1139,2024,19,69,tsunoda,rb,10,23.0,13.595238095238097,9.0,13.595238095238097,13.515151515151516,0.779803333513629,14.940360166042138,-2.888242086541766,3.0,0.0,32.916666666666664,0
1139,2024,19,69,stroll,aston_martin,13,23.0,12.25925925925926,12.5,12.25925925925926,12.7,4.082774614683552,13.889674268936911,-0.6894095354937578,3.0,0.0,32.916666666666664,0
1139,2024,19,69,albon,williams,14,23.0,11.646464646464649,9.0,11.646464646464649,11.6,1.9138353952073568,13.3081893744089,-2.1355965842988804,3.0,0.0,32.916666666666664,0
1139,2024,19,69,bottas,sauber,16,23.0,8.813278008298756,9.6,8.813278008298756,8.423529411764706,0.102283397625512,16.06027696782944,-0.2992244835680654,3.0,0.0,32.916666666666664,0
1139,2024,19,69,ocon,alpine,12,23.0,11.132450331125828,15.166666666666666,11.132450331125828,11.0,0.7897952382214445,13.6021455272013,-1.5258220606966115,3.0,0.0,32.916666666666664,0
1139,2024,19,69,zhou,sauber,18,23.0,14.725806451612904,12.5,14.725806451612904,14.375,0.102283397625512,16.501709964009272,1.1090246117242115,3.0,0.0,32.916666666666664,0
1139,2024,19,69,hamilton,mercedes,17,23.0,4.957142857142857,3.363636363636364,4.95072463768116,4.75,19.01237635596192,5.673982675761101,-0.5951270303080487,3.0,0.0,32.916666666666664,0
1140,2024,20,32,sainz,ferrari,1,21.0,9.364532019704434,11.5,9.364532019704434,8.905405405405405,25.33738678025586,6.583702138217205,-0.7186408768095465,2.0,0.0,27.88888888888889,1
1140,2024,20,32,norris,mclaren,3,21.0,7.967479674796748,11.0,7.967479674796748,7.934782608695652,31.054735131116765,3.5991042654043235,-0.1115100381161655,2.0,0.0,27.88888888888889,0
1140,2024,20,32,leclerc,ferrari,4,21.0,7.701388888888889,5.0,7.701388888888889,7.185185185185185,25.33738678025586,3.973871571348982,0.962866174316908,2.0,0.0,27.88888888888889,0
1140,2024,20,32,hamilton,mercedes,6,21.0,5.0,2.875,4.994219653179191,4.884955752212389,17.010126109423386,8.278713098349993,-1.0323766611611311,2.0,0.0,27.88888888888889,0
1140,2024,20,32,russell,mercedes,5,21.0,10.804878048780488,10.5,10.804878048780488,10.021739130434783,17.010126109423386,6.967591774521117,0.8104764082785669,2.0,0.0,27.88888888888889,0
1140,2024,20,32,max_verstappen,red_bull,2,21.0,5.691176470588236,3.0,5.691176470588236,5.066666666666666,19.358081435456143,3.437336041148068,0.2779147352756153,2.0,0.0,27.88888888888889,0
1140,2024,20,32,kevin_magnussen,haas,7,21.0,13.626373626373626,15.166666666666666,13.626373626373626,13.953846153846154,2.082062944252689,14.053781314581682,-1.875047425234175,2.0,0.0,27.88888888888889,0
1140,2024,20,32,piastri,mclaren,17,21.0,7.975609756097561,8.0,7.975609756097561,8.866666666666667,31.054735131116765,3.509789768062903,0.727543912252359,2.0,0.0,27.88888888888889,0
1140,2024,20,32,hulkenberg,haas,10,21.0,11.92,10.333333333333334,11.92,11.821917808219178,2.082062944252689,11.158072173519336,-0.4126967770585119,2.0,0.0,27.88888888888889,0
1140,2024,20,32,gasly,alpine,8,21.0,11.335570469798656,9.666666666666666,11.335570469798656,11.625,0.6461960983838835,13.544589572175518,-1.2829449549093943,2.0,0.0,27.88888888888889,0
1140,2024,20,32,stroll,aston_martin,14,21.0,12.276073619631902,12.666666666666666,12.276073619631902,12.737704918032788,3.3404519284396463,14.091551674584746,-0.9276987108585306,2.0,0.0,27.88888888888889,0
1140,2024,20,32,colapinto,williams,16,21.0,10.25,10.25,10.25,11.0,1.747683505169655,10.189356435643564,2.9995049504950493,2.0,0.0,27.88888888888889,0
1140,2024,20,32,ocon,alpine,22,21.0,11.177631578947368,11.333333333333334,11.177631578947368,11.12280701754386,0.6461960983838835,14.401755431346563,-2.33930895875182,2.0,0.0,27.88888888888889,0
1140,2024,20,32,bottas,sauber,15,21.0,8.847107438016529,7.625,8.847107438016529,8.523255813953488,0.0836864162390552,16.231135700951363,-0.4266382138284172,2.0,0.0,27.88888888888889,0
1140,2024,20,32,zhou,sauber,19,21.0,14.793650793650794,13.5,14.793650793650794,14.56,0.0836864162390552,16.95594598432686,0.7255643518742978,2.0,0.0,27.88888888888889,0
1140,2024,20,32,lawson,rb,12,21.0,11.666666666666666,11.666666666666666,11.666666666666666,10.0,1.0066681506638453,11.661535980388996,3.427384446666452,2.0,0.0,27.88888888888889,0
1140,2024,20,32,perez,red_bull,18,21.0,9.23021582733813,9.5,9.23021582733813,8.808510638297872,19.358081435456143,9.460350141254644,-1.3252383110007608,2.0,0.0,27.88888888888889,0
1140,2024,20,32,alonso,aston_martin,13,21.0,8.451127819548873,15.571428571428571,8.3984375,9.946153846153846,3.3404519284396463,9.954985663842418,-1.6025134319904857,2.0,0.0,27.88888888888889,0
1140,2024,20,32,albon,williams,9,21.0,11.69,8.666666666666666,11.69,11.72222222222222,1.747683505169655,13.797609489096068,-2.110942659833383,2.0,0.0,27.88888888888889,0
1140,2024,20,32,tsunoda,rb,11,21.0,13.6,17.333333333333332,13.6,13.529411764705882,1.0066681506638453,14.76938558371211,-3.090379896893367,2.0,0.0,27.88888888888889,0
1141,2024,21,18,max_verstappen,red_bull,17,35.0,5.692682926829268,3.625,5.692682926829268,6.054263565891473,17.292975719918662,3.9032749427575104,-0.4998879438654061,5.0,0.0,53.92307692307692,1
1141,2024,21,18,ocon,alpine,4,35.0,11.18954248366013,11.833333333333334,11.18954248366013,11.210526315789474,0.7105240825540917,14.146890807465358,-4.277616420797034,5.0,0.0,53.92307692307692,0
1141,2024,21,18,gasly,alpine,13,35.0,11.326666666666666,9.166666666666666,11.326666666666666,11.161290322580646,0.7105240825540917,12.900118740870823,-1.4133185994713338,5.0,0.0,53.92307692307692,0
1141,2024,21,18,russell,mercedes,2,35.0,10.758064516129032,10.25,10.758064516129032,11.272727272727272,17.917375907710042,6.609847815511693,0.6631170613165273,5.0,0.0,53.92307692307692,0
1141,2024,21,18,leclerc,ferrari,6,35.0,7.6689655172413795,10.8,7.6689655172413795,8.011111111111111,28.18513463839116,3.796804012921853,0.9696177789865628,5.0,0.0,53.92307692307692,0
1141,2024,21,18,norris,mclaren,1,35.0,7.919354838709677,9.5,7.919354838709677,7.987012987012987,29.408419652731897,3.308358035326272,0.0905826960899282,5.0,0.0,53.92307692307692,0
1141,2024,21,18,tsunoda,rb,3,35.0,13.674418604651162,13.666666666666666,13.674418604651162,13.647058823529411,0.8202690487334381,15.720406417101652,-4.164856313654484,5.0,0.0,53.92307692307692,0
1141,2024,21,18,piastri,mclaren,8,35.0,7.976190476190476,14.0,7.976190476190476,7.461538461538462,29.408419652731897,4.326370150340407,2.231955733877164,5.0,0.0,53.92307692307692,0
1141,2024,21,18,lawson,rb,5,35.0,12.285714285714286,12.285714285714286,12.285714285714286,12.5,0.8202690487334381,12.706931528824212,1.6376831602286204,5.0,0.0,53.92307692307692,0
1141,2024,21,18,hamilton,mercedes,14,35.0,4.997159090909091,6.125,4.991354466858789,5.054621848739496,17.917375907710042,7.500765262286357,-0.481035450040925,5.0,0.0,53.92307692307692,0
1141,2024,21,18,perez,red_bull,12,35.0,9.258064516129032,9.75,9.258064516129032,9.445652173913045,17.292975719918662,10.83119557011744,-0.9024677090006222,5.0,0.0,53.92307692307692,0
1141,2024,21,18,bearman,haas,15,35.0,8.5,8.5,8.5,10.0,3.158051499843109,8.65,1.7999999999999998,5.0,0.0,53.92307692307692,0
1141,2024,21,18,bottas,sauber,11,35.0,8.868312757201647,10.2,8.868312757201647,9.025641025641026,0.0684707041955906,15.825474664414752,-0.1672494476777957,5.0,0.0,53.92307692307692,0
1141,2024,21,18,alonso,aston_martin,9,35.0,8.475,7.05,8.423376623376623,7.728624535315985,2.733097012927266,11.417715543143798,-2.2202382625376704,5.0,0.0,53.92307692307692,0
1141,2024,21,18,zhou,sauber,19,35.0,14.796875,14.5,14.796875,14.947368421052632,0.0684707041955906,16.600318501167248,1.320917862473317,5.0,0.0,53.92307692307692,0
1141,2024,21,18,sainz,ferrari,22,35.0,9.323529411764708,8.25,9.323529411764708,9.627906976744184,28.18513463839116,5.568483567632258,-0.5879788992078107,5.0,0.0,53.92307692307692,0
1141,2024,21,18,colapinto,williams,16,35.0,10.6,10.6,10.6,9.5,1.4299228678660814,10.709142957981216,3.2867198682378773,5.0,0.0,53.92307692307692,0
1141,2024,21,18,albon,williams,7,35.0,11.762376237623762,16.0,11.762376237623762,11.671875,1.4299228678660814,14.743498674388452,-3.5453167239438703,5.0,0.0,53.92307692307692,0
1141,2024,21,18,stroll,aston_martin,10,35.0,12.268292682926829,14.666666666666666,12.268292682926829,12.0,2.733097012927266,13.52945137011479,-0.2135716725206121,5.0,0.0,53.92307692307692,0
1141,2024,21,18,hulkenberg,haas,17,35.0,11.9070796460177,9.8,11.9070796460177,11.967105263157896,3.158051499843109,10.76569541469764,-0.1558428175933277,5.0,0.0,53.92307692307692,0
1142,2024,22,80,russell,mercedes,1,39.0,10.704,8.0,10.704,11.17948717948718,17.02330756085367,6.135330030867143,0.1789139592527928,4.0,0.0,35.0,1
1142,2024,22,80,hamilton,mercedes,10,39.0,5.011331444759207,7.0,5.005747126436781,5.075313807531381,17.02330756085367,7.955171578234293,0.3336982681483346,4.0,0.0,35.0,0
1142,2024,22,80,sainz,ferrari,2,39.0,9.35609756097561,6.0,9.35609756097561,9.676923076923076,24.87874652232004,7.465122918971848,-3.3901645538973013,4.0,0.0,35.0,0
1142,2024,22,80,leclerc,ferrari,4,39.0,7.6506849315068495,2.0,7.6506849315068495,7.978021978021978,24.87874652232004,4.015566919663375,0.9751418191708252,4.0,0.0,35.0,0
1142,2024,22,80,max_verstappen,red_bull,5,39.0,5.669902912621359,1.0,5.669902912621359,6.015384615384615,18.876071043569816,3.375406771347053,2.5000916822919423,4.0,0.0,35.0,0
1142,2024,22,80,norris,mclaren,6,39.0,7.904,20.0,7.904,7.961538461538462,26.243252443144275,3.797747483455018,-0.8349777941200613,4.0,0.0,35.0,0
1142,2024,22,80,piastri,mclaren,8,39.0,7.976744186046512,10.0,7.976744186046512,7.481481481481482,26.243252443144275,4.994422346133208,1.826072999374901,4.0,0.0,35.0,0
1142,2024,22,80,hulkenberg,haas,9,39.0,11.94273127753304,19.0,11.94273127753304,12.019607843137257,2.583860318053453,12.444659884752616,-0.6729623053036322,4.0,0.0,35.0,0
1142,2024,22,80,tsunoda,rb,7,39.0,13.597701149425289,18.0,13.597701149425289,13.51923076923077,2.145265881278384,14.134877936122823,-4.1348824376599245,4.0,0.0,35.0,0
1142,2024,22,80,perez,red_bull,15,39.0,9.264285714285714,3.0,9.264285714285714,9.454054054054057,18.876071043569816,10.86188728464154,-0.556564489182327,4.0,0.0,35.0,0
1142,2024,22,80,alonso,aston_martin,16,39.0,8.488778054862843,9.0,8.437823834196891,7.7518518518518515,2.2361702702956303,11.887221808026744,-2.7256494875308217,4.0,0.0,35.0,0
1142,2024,22,80,kevin_magnussen,haas,12,39.0,13.59016393442623,13.0,13.59016393442623,13.444444444444445,2.583860318053453,12.771275621021374,-1.5341297115552337,4.0,0.0,35.0,0
1142,2024,22,80,zhou,sauber,13,39.0,14.8,15.0,14.8,14.948717948717947,0.0560214852509378,16.30935087132815,1.8080247597139791,4.0,0.0,35.0,0
1142,2024,22,80,colapinto,williams,22,39.0,11.666666666666666,11.666666666666666,11.666666666666666,12.0,1.16993689189043,12.34309582943586,2.173310647356707,4.0,0.0,35.0,0
1142,2024,22,80,stroll,aston_martin,18,39.0,12.309090909090909,5.0,12.309090909090909,12.067961165048544,2.2361702702956303,14.524096575548471,-1.8111040956986892,4.0,0.0,35.0,0
1142,2024,22,80,lawson,rb,14,39.0,11.875,11.875,11.875,11.8,2.145265881278384,11.86358674130313,0.3550830717445857,4.0,0.0,35.0,0
1142,2024,22,80,ocon,alpine,11,39.0,11.12987012987013,4.0,11.12987012987013,11.114583333333334,6.581338039411624,11.938365206107935,-3.1362316170157114,4.0,0.0,35.0,0
1142,2024,22,80,bottas,sauber,19,39.0,8.885245901639344,17.0,8.885245901639344,9.05095541401274,0.0560214852509378,15.311751998157524,-0.5004768208272877,4.0,0.0,35.0,0
1142,2024,22,80,albon,williams,17,39.0,11.823529411764708,12.0,11.823529411764708,11.76923076923077,1.16993689189043,15.335589825263602,-4.900713684975638,4.0,0.0,35.0,0
1142,2024,22,80,gasly,alpine,3,39.0,11.271523178807946,11.0,11.271523178807946,11.074468085106384,6.581338039411624,11.100097151621457,0.6618302367963259,4.0,0.0,35.0,0
1143,2024,23,78,max_verstappen,red_bull,2,60.0,5.666666666666667,1.5,5.666666666666667,6.00763358778626,17.44405812655712,3.6707873583748634,2.045529558238861,5.0,0.0,48.0,1
1143,2024,23,78,leclerc,ferrari,5,60.0,7.625850340136054,6.5,7.625850340136054,7.934782608695652,25.264428972807305,4.01273657063367,0.797843306594284,5.0,0.0,48.0,0
1143,2024,23,78,piastri,mclaren,4,60.0,7.954545454545454,2.0,7.954545454545454,7.464285714285714,24.19902472620895,5.359126203007559,1.6758559243337368,5.0,0.0,48.0,0
1143,2024,23,78,russell,mercedes,1,60.0,10.626984126984128,10.5,10.626984126984128,11.050632911392404,21.746342549789368,5.201633661608815,0.1463841484792178,5.0,0.0,48.0,0
1143,2024,23,78,gasly,alpine,11,60.0,11.328947368421051,11.5,11.328947368421051,11.16842105263158,5.384731097525705,12.718261305872192,-2.549411624439553,5.0,0.0,48.0,0
1143,2024,23,78,sainz,ferrari,7,60.0,9.3252427184466,13.5,9.3252427184466,9.625954198473282,25.264428972807305,6.653282388249693,-2.9555891804614287,5.0,0.0,48.0,0
1143,2024,23,78,alonso,aston_martin,8,60.0,8.49502487562189,4.5,8.444444444444445,7.763837638376383,1.82959384880644,11.725908752021882,-1.3209859443433989,5.0,0.0,48.0,0
1143,2024,23,78,zhou,sauber,12,60.0,14.772727272727272,9.0,14.772727272727272,14.9,0.0458357606598582,15.7076496476113,1.4792924032099803,5.0,0.0,48.0,0
1143,2024,23,78,kevin_magnussen,haas,10,60.0,13.581521739130435,14.0,13.581521739130435,13.432203389830509,2.841340260225553,12.63104368992658,-1.255197036727009,5.0,0.0,48.0,0
1143,2024,23,78,norris,mclaren,3,60.0,7.888888888888889,6.0,7.888888888888889,7.936708860759493,24.19902472620895,4.198157031921926,-0.6831636497330092,5.0,0.0,48.0,0
1143,2024,23,78,bottas,sauber,13,60.0,8.922448979591836,14.0,8.922448979591836,9.10759493670886,0.0458357606598582,15.800524362128884,-0.2276628534041443,5.0,0.0,48.0,0
1143,2024,23,78,hamilton,mercedes,6,60.0,5.002824858757062,10.0,4.997134670487106,5.0625,21.746342549789368,6.872413109464421,1.7275713103031838,5.0,0.0,48.0,0
1143,2024,23,78,tsunoda,rb,14,60.0,13.545454545454543,14.0,13.545454545454543,13.433962264150944,2.1185304708617174,13.201263745922269,-3.746721986135301,5.0,0.0,48.0,0
1143,2024,23,78,lawson,rb,17,60.0,12.333333333333334,17.0,12.333333333333334,12.5,2.1185304708617174,12.763525515645233,-0.1573005902610222,5.0,0.0,48.0,0
1143,2024,23,78,albon,williams,16,60.0,11.893203883495143,13.0,11.893203883495143,11.87878787878788,0.9572210933648972,16.001846221373572,-4.373311196241481,5.0,0.0,48.0,0
1143,2024,23,78,hulkenberg,haas,18,60.0,11.925438596491228,16.0,11.925438596491228,11.993506493506494,2.841340260225553,11.636539905706686,-0.3687873407029716,5.0,0.0,48.0,0
1143,2024,23,78,perez,red_bull,9,60.0,9.266903914590747,7.0,9.266903914590747,9.456989247311828,17.44405812655712,10.705180505615806,0.4537199633962785,5.0,0.0,48.0,0
1143,2024,23,78,stroll,aston_martin,15,60.0,12.325301204819278,8.5,12.325301204819278,12.096153846153848,1.82959384880644,14.610624470903296,-0.9363578964807427,5.0,0.0,48.0,0
1143,2024,23,78,colapinto,williams,19,60.0,12.0,12.0,12.0,12.5,0.9572210933648972,12.742343175100562,-1.7238075211425967,5.0,0.0,48.0,0
1143,2024,23,78,ocon,alpine,20,60.0,11.167741935483871,6.0,11.167741935483871,11.175257731958762,5.384731097525705,12.85866244136107,-3.656916777558326,5.0,0.0,48.0,0
1144,2024,24,24,norris,mclaren,1,28.0,7.905511811023622,6.2,7.905511811023622,7.808510638297872,22.890111139625507,5.253037571581504,-1.8316793497913728,3.0,0.0,31.857142857142858,1
1144,2024,24,24,sainz,ferrari,3,28.0,9.309178743961352,10.555555555555555,9.309178743961352,8.8,25.39816915956961,6.534503772204293,-2.23639114765026,3.0,0.0,31.857142857142858,0
1144,2024,24,24,leclerc,ferrari,19,28.0,7.587837837837838,6.166666666666667,7.587837837837838,7.109090909090909,25.39816915956961,3.646784466882048,1.1982354326681013,3.0,0.0,31.857142857142858,0
1144,2024,24,24,hamilton,mercedes,16,28.0,5.022535211267606,6.0,5.017142857142857,4.87719298245614,19.97428026800948,7.804701635016346,0.322558344793513,3.0,0.0,31.857142857142858,0
1144,2024,24,24,russell,mercedes,6,28.0,10.5748031496063,11.6,10.5748031496063,9.914893617021276,19.97428026800948,4.983154814041708,-0.4256856967037127,3.0,0.0,31.857142857142858,0
1144,2024,24,24,max_verstappen,red_bull,4,28.0,5.644230769230769,3.7777777777777777,5.644230769230769,5.078947368421052,18.81786573991037,3.18518965685216,1.8554332749227047,3.0,0.0,31.857142857142858,0
1144,2024,24,24,gasly,alpine,5,28.0,11.287581699346406,12.857142857142858,11.287581699346406,11.596491228070176,6.2238709126807015,11.31494106844082,-0.9949731472686524,3.0,0.0,31.857142857142858,0
1144,2024,24,24,hulkenberg,haas,7,28.0,11.943231441048034,12.7,11.943231441048034,11.783783783783784,2.688369303820907,12.42989628648729,0.0619012666975689,3.0,0.0,31.857142857142858,0
1144,2024,24,24,alonso,aston_martin,8,28.0,8.491315136476427,9.307692307692308,8.440721649484535,10.00763358778626,2.5878495259475214,10.86665261529063,-0.898988499917326,3.0,0.0,31.857142857142858,0
1144,2024,24,24,piastri,mclaren,2,28.0,7.844444444444444,6.0,7.844444444444444,8.8125,22.890111139625507,4.930142799288565,1.5529583131441738,3.0,0.0,31.857142857142858,0
1144,2024,24,24,albon,williams,18,28.0,11.923076923076923,9.25,11.923076923076923,11.91891891891892,0.7831808945712794,15.81969236278468,-3.3963455233537334,3.0,0.0,31.857142857142858,0
1144,2024,24,24,tsunoda,rb,11,28.0,13.539325842696629,7.666666666666667,13.539325842696629,13.714285714285714,1.7294924271870384,13.1646703369315,-2.8836816098958327,3.0,0.0,31.857142857142858,0
1144,2024,24,24,zhou,sauber,15,28.0,14.671641791044776,14.5,14.671641791044776,14.576923076923077,0.7647747132671572,14.306256772581277,1.9376035392474569,3.0,0.0,31.857142857142858,0
1144,2024,24,24,stroll,aston_martin,13,28.0,12.359281437125748,13.142857142857142,12.359281437125748,12.709677419354838,2.5878495259475214,15.226874567102698,-1.3115655516660634,3.0,0.0,31.857142857142858,0
1144,2024,24,24,doohan,alpine,17,28.0,10.5,10.5,10.5,10.5,6.2238709126807015,10.5,0.0,3.0,0.0,31.857142857142858,0
1144,2024,24,24,kevin_magnussen,haas,14,28.0,13.556756756756757,15.625,13.556756756756757,13.848484848484848,2.688369303820907,11.970853928121748,-0.8451612118675527,3.0,0.0,31.857142857142858,0
1144,2024,24,24,lawson,rb,12,28.0,12.5,12.5,12.5,12.0,1.7294924271870384,13.023254603937753,0.505909863452357,3.0,0.0,31.857142857142858,0
1144,2024,24,24,bottas,sauber,9,28.0,8.93089430894309,9.454545454545457,8.93089430894309,8.586206896551724,0.7647747132671572,14.927701750832725,0.1773667563057003,3.0,0.0,31.857142857142858,0
1144,2024,24,24,colapinto,williams,20,28.0,12.875,12.875,12.875,11.333333333333334,0.7831808945712794,14.165990260119306,-1.3316330025842888,3.0,0.0,31.857142857142858,0
1144,2024,24,24,perez,red_bull,10,28.0,9.294326241134751,9.153846153846152,9.294326241134751,8.894736842105264,18.81786573991037,11.849693140958388,-1.0833200299485004,3.0,0.0,31.857142857142858,0
202501,2025,1,albert_park,norris,mclaren,1,30.0,7.8515625,7.8515625,10.5,7.666666666666667,23.45554547787541,4.47975801310673,-1.4986467407360662,2.0,1.0,30.0,1
202501,2025,1,albert_park,max_verstappen,red_bull,3,30.0,5.645933014354067,5.645933014354067,10.5,5.090909090909091,16.850981059926667,3.6969733556063127,1.15444540675494,2.0,1.0,30.0,0
202501,2025,1,albert_park,russell,mercedes,4,30.0,10.53125,10.53125,10.5,9.8125,20.34259294655321,4.986217575125055,-0.1664701154830426,2.0,1.0,30.0,0
202501,2025,1,albert_park,antonelli,mercedes,16,30.0,10.5,10.5,10.5,10.5,20.34259294655321,10.5,0.0,2.0,1.0,30.0,0
202501,2025,1,albert_park,albon,williams,6,30.0,11.914285714285716,11.914285714285716,10.5,11.894736842105264,0.6407843682855922,14.943384659840913,-1.5061008814081382,2.0,1.0,30.0,0
202501,2025,1,albert_park,stroll,aston_martin,13,30.0,12.36904761904762,12.36904761904762,10.5,12.73015873015873,2.4809677924246083,15.003806463993117,-1.2549172695449609,2.0,1.0,30.0,0
202501,2025,1,albert_park,hulkenberg,sauber,17,30.0,11.92608695652174,11.92608695652174,10.5,11.733333333333333,0.6257247654004012,11.624460598035055,-0.1311716908838073,2.0,1.0,30.0,0
202501,2025,1,albert_park,leclerc,ferrari,7,30.0,7.557046979865772,7.557046979865772,10.5,7.035714285714286,26.780320221466045,3.5291872910853,3.889465354001453,2.0,1.0,30.0,0
202501,2025,1,albert_park,piastri,mclaren,2,30.0,7.891304347826087,7.891304347826087,10.5,8.882352941176471,23.45554547787541,5.8520253341839705,-0.1841133787834975,2.0,1.0,30.0,0
202501,2025,1,albert_park,hamilton,ferrari,8,30.0,5.019662921348314,5.019662921348314,10.5,4.869565217391305,26.780320221466045,7.11293770137701,2.4457295548310576,2.0,1.0,30.0,0
202501,2025,1,albert_park,gasly,alpine,9,30.0,11.25974025974026,11.25974025974026,10.5,11.517241379310343,6.183167109791514,10.530406328724276,-1.177705302310723,2.0,1.0,30.0,0
202501,2025,1,albert_park,tsunoda,rb,5,30.0,13.522222222222222,13.522222222222222,10.5,13.666666666666666,1.4124719200749416,12.952912090816888,-2.5411940395496893,2.0,1.0,30.0,0
202501,2025,1,albert_park,ocon,haas,19,30.0,11.224358974358974,11.224358974358974,10.5,11.155172413793103,2.926847612217105,14.157087452022726,-2.992022818002249,2.0,1.0,30.0,0
202501,2025,1,albert_park,bearman,haas,20,30.0,9.666666666666666,9.666666666666666,10.5,7.0,2.926847612217105,9.996677740863788,2.282392026578073,2.0,1.0,30.0,0
202501,2025,1,albert_park,lawson,red_bull,18,30.0,12.909090909090908,12.909090909090908,10.5,13.25,16.850981059926667,13.835653971313954,-0.6188786870865377,2.0,1.0,30.0,0
202501,2025,1,albert_park,bortoleto,sauber,15,30.0,10.5,10.5,10.5,10.5,0.6257247654004012,10.5,0.0,2.0,1.0,30.0,0
202501,2025,1,albert_park,alonso,aston_martin,12,30.0,8.492574257425742,8.492574257425742,10.5,10.0,2.4809677924246083,10.527261230692332,-0.917354227205085,2.0,1.0,30.0,0
202501,2025,1,albert_park,sainz,williams,10,30.0,9.274038461538462,9.274038461538462,10.5,8.710526315789474,0.6407843682855922,5.710048540894421,-1.6479563935320305,2.0,1.0,30.0,0
202501,2025,1,albert_park,doohan,alpine,14,30.0,15.0,15.0,10.5,15.0,6.183167109791514,15.0,2.0,2.0,1.0,30.0,0
202501,2025,1,albert_park,hadjar,rb,11,30.0,10.5,10.5,10.5,10.5,1.4124719200749416,10.5,0.0,2.0,1.0,30.0,0
202502,2025,2,shanghai,piastri,mclaren,1,25.0,7.914893617021277,7.891304347826087,7.891304347826087,8.88888888888889,24.09999175462533,6.424430246623177,-1.4234648344921303,1.0,0.0,22.0,1
202502,2025,2,shanghai,norris,mclaren,3,25.0,7.7984496124031,7.8515625,7.8515625,7.530612244897959,24.09999175462533,3.8470747379927945,-1.2261655151461308,1.0,0.0,22.0,0
202502,2025,2,shanghai,russell,mercedes,2,25.0,10.472868217054264,10.53125,10.53125,9.673469387755102,21.55303059263445,4.625087106918433,0.0456153600605426,1.0,0.0,22.0,0
202502,2025,2,shanghai,max_verstappen,red_bull,4,25.0,5.628571428571429,5.645933014354067,5.645933014354067,5.051282051282051,17.059893594485455,3.3884327454960737,1.126364423708587,1.0,0.0,22.0,0
202502,2025,2,shanghai,ocon,haas,11,25.0,11.235668789808916,11.224358974358974,11.224358974358974,11.186440677966102,2.394693500904904,13.946707915291316,-1.3571095783654423,1.0,0.0,22.0,0
202502,2025,2,shanghai,antonelli,mercedes,8,25.0,4.0,4.0,10.5,4.0,21.55303059263445,4.0,12.0,1.0,0.0,22.0,0
202502,2025,2,shanghai,albon,williams,10,25.0,11.849056603773583,11.914285714285716,11.914285714285716,11.717948717948715,2.3424599376882127,13.135496538824508,-1.050446175434106,1.0,0.0,22.0,0
202502,2025,2,shanghai,bearman,haas,17,25.0,10.75,9.666666666666666,9.666666666666666,10.5,2.394693500904904,11.315594059405942,3.5071782178217816,1.0,0.0,22.0,0
202502,2025,2,shanghai,stroll,aston_martin,14,25.0,12.331360946745562,12.36904761904762,12.36904761904762,12.625,3.484428205573519,13.366750743267092,0.245976779463217,1.0,0.0,22.0,0
202502,2025,2,shanghai,sainz,williams,15,25.0,9.31578947368421,9.274038461538462,9.274038461538462,8.831168831168831,2.3424599376882127,7.944585169822711,-2.802873412889844,1.0,0.0,22.0,0
202502,2025,2,shanghai,hadjar,rb,7,25.0,20.0,20.0,10.5,20.0,1.1539458730838894,20.0,-9.0,1.0,0.0,22.0,0
202502,2025,2,shanghai,lawson,red_bull,20,25.0,13.083333333333334,12.909090909090908,12.909090909090908,13.6,17.059893594485455,14.068288176855708,0.1041666513103345,1.0,0.0,22.0,0
202502,2025,2,shanghai,doohan,alpine,18,25.0,17.0,15.0,15.0,17.0,5.058954894823136,17.2,-1.85,1.0,0.0,22.0,0
202502,2025,2,shanghai,bortoleto,sauber,19,25.0,16.0,16.0,10.5,16.0,1.6028657171457834,16.0,-1.0,1.0,0.0,22.0,0
202502,2025,2,shanghai,hulkenberg,sauber,12,25.0,11.904761904761903,11.92608695652174,11.92608695652174,11.671052631578949,1.6028657171457834,10.7836495802105,1.7108595256405226,1.0,0.0,22.0,0
202502,2025,2,shanghai,tsunoda,rb,9,25.0,13.505494505494504,13.522222222222222,13.522222222222222,13.62162162162162,1.1539458730838894,12.779655344999528,-3.3518860418690424,1.0,0.0,22.0,0
202502,2025,2,shanghai,alonso,aston_martin,13,25.0,8.51358024691358,8.442159383033419,8.442159383033419,10.052631578947368,3.484428205573519,11.70412282511191,-1.6596534586223426,1.0,0.0,22.0,0
202502,2025,2,shanghai,leclerc,ferrari,6,25.0,7.56,7.557046979865772,7.557046979865772,7.052631578947368,22.820261999381305,4.34206232906986,3.0004716532738405,1.0,0.0,22.0,0
202502,2025,2,shanghai,hamilton,ferrari,5,25.0,5.033613445378151,5.014245014245014,5.014245014245014,4.913793103448276,22.820261999381305,7.637858119308464,1.6374150903163194,1.0,0.0,22.0,0
202502,2025,2,shanghai,gasly,alpine,16,25.0,11.258064516129032,11.25974025974026,11.25974025974026,11.508474576271189,5.058954894823136,10.615786996228955,-1.3272134291633233,1.0,0.0,22.0,0
202503,2025,3,suzuka,max_verstappen,red_bull,1,21.0,5.62085308056872,5.638095238095239,5.638095238095239,5.037974683544304,16.139912940942647,3.4996267917695145,0.9215708921252074,1.0,0.0,25.0,1
202503,2025,3,suzuka,norris,mclaren,2,21.0,7.753846153846154,7.8062015503875966,7.8062015503875966,7.42,27.536356890148003,3.5112429674470778,-0.8214081487540298,1.0,0.0,25.0,0
202503,2025,3,suzuka,piastri,mclaren,3,21.0,7.770833333333333,7.74468085106383,7.74468085106383,8.473684210526315,27.536356890148003,5.438105515605088,-1.1646360716246975,1.0,0.0,25.0,0
202503,2025,3,suzuka,leclerc,ferrari,4,21.0,7.629139072847682,7.626666666666667,7.626666666666667,7.241379310344827,18.671123454039247,6.825323723784604,0.2731131708602251,1.0,0.0,25.0,0
202503,2025,3,suzuka,russell,mercedes,5,21.0,10.415384615384616,10.472868217054264,10.472868217054264,9.54,21.816115939428183,4.329616723840971,-0.144496523587719,1.0,0.0,25.0,0
202503,2025,3,suzuka,antonelli,mercedes,6,21.0,5.0,6.0,6.0,5.0,21.816115939428183,5.1000000000000005,6.499999999999999,1.0,0.0,25.0,0
202503,2025,3,suzuka,hamilton,ferrari,8,21.0,5.072625698324022,5.0539772727272725,5.0539772727272725,5.034188034188034,18.671123454039247,9.703702097616018,-1.205751289741195,1.0,0.0,25.0,0
202503,2025,3,suzuka,hadjar,rb,7,21.0,15.5,11.0,11.0,15.5,0.94299391978963,15.05,-6.25,1.0,0.0,25.0,0
202503,2025,3,suzuka,albon,williams,9,21.0,11.80373831775701,11.867924528301886,11.867924528301886,11.6,3.1892854035630838,12.019951713055953,-0.3140014159158738,1.0,0.0,25.0,0
202503,2025,3,suzuka,bearman,haas,10,21.0,10.2,9.25,9.25,9.666666666666666,4.504749228013105,10.363777180839593,5.084017960432148,1.0,0.0,25.0,0
202503,2025,3,suzuka,alonso,aston_martin,12,21.0,8.53448275862069,8.464102564102564,8.464102564102564,10.1044776119403,3.214532165606035,12.667009584182471,-2.0851710116000985,1.0,0.0,25.0,0
202503,2025,3,suzuka,tsunoda,red_bull,14,21.0,13.532608695652174,13.54945054945055,13.54945054945055,13.68421052631579,16.139912940942647,13.365172560619447,-4.01517949516828,1.0,0.0,25.0,0
202503,2025,3,suzuka,gasly,alpine,11,21.0,11.314102564102564,11.316129032258065,11.316129032258065,11.65,4.139144905117803,12.32200754236919,-1.8131746238609137,1.0,0.0,25.0,0
202503,2025,3,suzuka,sainz,williams,15,21.0,9.31904761904762,9.277511961722489,9.277511961722489,8.846153846153847,3.1892854035630838,8.318296957127673,-1.3841691560007805,1.0,0.0,25.0,0
202503,2025,3,suzuka,doohan,alpine,19,21.0,15.666666666666666,14.0,14.0,15.666666666666666,4.139144905117803,15.511627906976743,0.903654485049834,1.0,0.0,25.0,0
202503,2025,3,suzuka,hulkenberg,sauber,16,21.0,11.91810344827586,11.93939393939394,11.93939393939394,11.714285714285714,1.3114355867556406,11.550258747444952,0.8543396118876997,1.0,0.0,25.0,0
202503,2025,3,suzuka,lawson,rb,13,21.0,13.0,12.833333333333334,12.833333333333334,13.333333333333334,0.94299391978963,13.662346805484695,1.6538759488593715,1.0,0.0,25.0,0
202503,2025,3,suzuka,ocon,haas,18,21.0,11.19620253164557,11.18471337579618,11.18471337579618,11.083333333333334,4.504749228013105,12.320033748874684,-0.0194532913898844,1.0,0.0,25.0,0
202503,2025,3,suzuka,bortoleto,sauber,17,21.0,15.0,14.0,14.0,15.0,1.3114355867556406,14.9,2.3,1.0,0.0,25.0,0
202503,2025,3,suzuka,stroll,aston_martin,20,21.0,12.311764705882354,12.349112426035504,12.349112426035504,12.569230769230767,3.214532165606035,12.572796062673072,1.1103446377426338,1.0,0.0,25.0,0
202504,2025,4,bahrain,piastri,mclaren,1,30.0,7.673469387755102,7.645833333333333,7.645833333333333,8.2,28.52974654648473,4.994789815864666,-0.952872695622038,2.0,0.0,30.0,1
202504,2025,4,bahrain,russell,mercedes,3,30.0,10.374045801526718,10.430769230769233,10.430769230769233,9.450980392156865,21.12227667771397,4.451504592233989,-0.1182244283898512,2.0,0.0,30.0,0
202504,2025,4,bahrain,norris,mclaren,6,30.0,7.709923664122138,7.761538461538461,7.761538461538461,7.313725490196078,28.52974654648473,3.2364715188192834,-0.6720612126163612,2.0,0.0,30.0,0
202504,2025,4,bahrain,leclerc,ferrari,2,30.0,7.605263157894737,7.602649006622516,7.602649006622516,7.186440677966102,18.549101007850293,6.311628501278283,0.2234562307038176,2.0,0.0,30.0,0
202504,2025,4,bahrain,hamilton,ferrari,9,30.0,5.077994428969359,5.059490084985836,5.059490084985836,5.050847457627119,18.549101007850293,9.212119898049467,-0.8047056006973412,2.0,0.0,30.0,0
202504,2025,4,bahrain,max_verstappen,red_bull,7,30.0,5.599056603773585,5.61611374407583,5.61611374407583,4.9875,17.75083786077126,3.0451491932659662,0.7540125481024422,2.0,0.0,30.0,0
202504,2025,4,bahrain,gasly,alpine,4,30.0,11.32484076433121,11.326923076923077,11.326923076923077,11.672131147540984,3.3865730982773727,12.44527889830207,-1.847142874068021,2.0,0.0,30.0,0
202504,2025,4,bahrain,ocon,haas,14,30.0,11.238993710691824,11.227848101265822,11.227848101265822,11.19672131147541,3.8675220956470855,13.35275488544294,-0.0159163293189962,2.0,0.0,30.0,0
202504,2025,4,bahrain,tsunoda,red_bull,10,30.0,13.516129032258064,13.532608695652174,13.532608695652174,13.64102564102564,17.75083786077126,13.116959365830336,-2.9215104874582294,2.0,0.0,30.0,0
202504,2025,4,bahrain,bearman,haas,20,30.0,10.166666666666666,9.4,9.4,9.75,3.8675220956470855,10.269291681450182,3.763522884882108,2.0,0.0,30.0,0
202504,2025,4,bahrain,antonelli,mercedes,5,30.0,5.333333333333333,6.0,6.0,5.333333333333333,21.12227667771397,5.461794019933555,3.88704318936877,2.0,0.0,30.0,0
202504,2025,4,bahrain,albon,williams,15,30.0,11.77777777777778,11.841121495327103,11.841121495327103,11.53658536585366,2.973051693824341,11.470869583196883,-0.256910249363617,2.0,0.0,30.0,0
202504,2025,4,bahrain,hadjar,rb,12,30.0,13.0,9.5,9.5,13.0,1.5012895425711243,12.21594684385382,-4.1395348837209305,2.0,0.0,30.0,0
202504,2025,4,bahrain,doohan,alpine,11,30.0,15.5,14.333333333333334,14.333333333333334,15.5,3.3865730982773727,15.343069306930694,1.923762376237624,2.0,0.0,30.0,0
202504,2025,4,bahrain,alonso,aston_martin,13,30.0,8.54054054054054,8.470588235294118,8.470588235294118,10.11111111111111,2.630071767269736,12.363916932512932,-1.5242308276728076,2.0,0.0,30.0,0
202504,2025,4,bahrain,lawson,rb,17,30.0,13.285714285714286,13.153846153846152,13.153846153846152,13.857142857142858,1.5012895425711243,14.308093764157912,0.5600016048468982,2.0,0.0,30.0,0
202504,2025,4,bahrain,stroll,aston_martin,19,30.0,12.35672514619883,12.394117647058824,12.394117647058824,12.681818181818182,2.630071767269736,13.923196778550697,0.9084637945167,2.0,0.0,30.0,0
202504,2025,4,bahrain,bortoleto,sauber,18,30.0,16.333333333333332,16.5,16.5,16.333333333333332,1.0729927528000696,16.548172757475083,0.5714285714285713,2.0,0.0,30.0,0
202504,2025,4,bahrain,sainz,williams,8,30.0,9.341232227488153,9.3,9.3,8.91139240506329,2.973051693824341,9.351333874013552,-0.950683854909729,2.0,0.0,30.0,0
202504,2025,4,bahrain,hulkenberg,sauber,16,30.0,11.935622317596566,11.95689655172414,11.95689655172414,11.76923076923077,1.0729927528000696,12.359302611545871,0.6990051369990269,2.0,0.0,30.0,0
202505,2025,5,jeddah,piastri,mclaren,2,19.0,7.54,9.0,9.0,7.857142857142857,30.6152471743966,4.268432505752457,-0.779615508141804,1.0,1.0,19.0,1
202505,2025,5,jeddah,max_verstappen,red_bull,1,19.0,5.60093896713615,2.0,2.0,5.0,16.341594613358303,3.582394794490337,0.7987375393565436,1.0,1.0,19.0,0
202505,2025,5,jeddah,leclerc,ferrari,4,19.0,7.5816993464052285,8.0,8.0,7.133333333333334,19.17653718824115,5.891332410136758,-0.1808085385150771,1.0,1.0,19.0,0
202505,2025,5,jeddah,norris,mclaren,10,19.0,7.674242424242424,1.0,1.0,7.230769230769231,30.6152471743966,3.1934766972156425,-0.0044137194112934,1.0,1.0,19.0,0
202505,2025,5,jeddah,russell,mercedes,3,19.0,10.31060606060606,3.0,3.0,9.307692307692308,20.554590009038694,4.005776484553684,0.0850891040453045,1.0,1.0,19.0,0
202505,2025,5,jeddah,antonelli,mercedes,5,19.0,6.75,4.0,4.0,6.75,20.554590009038694,7.286386138613862,0.6297029702970287,1.0,1.0,19.0,0
202505,2025,5,jeddah,hamilton,ferrari,7,19.0,5.0777777777777775,10.0,10.0,5.050420168067227,19.17653718824115,8.44627991658593,0.068877235793085,1.0,1.0,19.0,0
202505,2025,5,jeddah,sainz,williams,6,19.0,9.38679245283019,18.0,18.0,9.0375,2.432496840401733,11.10563680601109,-2.777832244926143,1.0,1.0,19.0,0
202505,2025,5,jeddah,albon,williams,11,19.0,11.779816513761467,5.0,5.0,11.547619047619047,2.432496840401733,11.567075113555193,0.3352552507082085,1.0,1.0,19.0,0
202505,2025,5,jeddah,hadjar,rb,14,19.0,13.0,20.0,20.0,13.0,1.2273336028836732,12.474257425742572,-3.10519801980198,1.0,1.0,19.0,0
202505,2025,5,jeddah,alonso,aston_martin,13,19.0,8.556372549019608,17.0,17.0,10.147058823529411,2.151876897420945,12.84320476296513,-1.610734313550479,1.0,1.0,19.0,0
202505,2025,5,jeddah,lawson,rb,12,19.0,13.466666666666669,15.0,15.0,14.125,1.2273336028836732,14.631661303143476,0.6441488199001177,1.0,1.0,19.0,0
202505,2025,5,jeddah,bearman,haas,15,19.0,10.142857142857142,14.0,14.0,9.8,4.0734271691657975,10.204403203927695,5.266263344314775,1.0,1.0,19.0,0
202505,2025,5,jeddah,ocon,haas,19,19.0,11.21875,13.0,13.0,11.14516129032258,4.0734271691657975,12.379526724453305,1.0778866396481066,1.0,1.0,19.0,0
202505,2025,5,jeddah,hulkenberg,sauber,18,19.0,11.97008547008547,7.0,7.0,11.873417721518988,0.877903161381875,13.748520318537532,-0.1553594333644331,1.0,1.0,19.0,0
202505,2025,5,jeddah,stroll,aston_martin,16,19.0,12.383720930232558,6.0,6.0,12.74626865671642,2.151876897420945,14.482615546086931,1.106924922786391,1.0,1.0,19.0,0
202505,2025,5,jeddah,doohan,alpine,17,19.0,15.2,19.0,19.0,15.2,3.8617416289163353,14.957510637046331,0.5102841120762338,1.0,1.0,19.0,0
202505,2025,5,jeddah,bortoleto,sauber,20,19.0,16.75,16.0,16.0,16.75,0.877903161381875,17.02648514851485,0.383168316831683,1.0,1.0,19.0,0
202505,2025,5,jeddah,tsunoda,red_bull,8,19.0,13.46808510638298,12.0,12.0,13.525,16.341594613358303,12.36842129450626,-2.2085085760664955,1.0,1.0,19.0,0
202505,2025,5,jeddah,gasly,alpine,9,19.0,11.29746835443038,11.0,11.0,11.596774193548388,3.8617416289163353,11.455228189519858,-2.056753260601112,1.0,1.0,19.0,0
202506,2025,6,miami,piastri,mclaren,4,18.0,7.411764705882353,5.0,5.0,7.545454545454546,31.776111324506303,3.674150703327232,-0.4560374290653585,1.0,1.0,20.0,1
202506,2025,6,miami,norris,mclaren,2,18.0,7.646616541353383,2.5,2.5,7.169811320754717,31.776111324506303,3.3401172977222653,1.087297865939015,1.0,1.0,20.0,0
202506,2025,6,miami,russell,mercedes,5,18.0,10.270676691729324,4.0,4.0,9.226415094339623,20.09011909830439,4.186544396453479,-0.2940180057820869,1.0,1.0,20.0,0
202506,2025,6,miami,max_verstappen,red_bull,1,18.0,5.58411214953271,2.0,2.0,4.963414634146342,16.643122865474975,3.294686650037548,0.4716943503826263,1.0,1.0,20.0,0
202506,2025,6,miami,albon,williams,7,18.0,11.754545454545454,7.0,7.0,11.488372093023257,3.0811337785105093,11.100334183696948,0.6379361142942341,1.0,1.0,20.0,0
202506,2025,6,miami,antonelli,mercedes,3,18.0,6.6,5.0,5.0,6.6,20.09011909830439,6.917099664712457,0.1618595713809525,1.0,1.0,20.0,0
202506,2025,6,miami,leclerc,ferrari,8,18.0,7.5519480519480515,5.5,5.5,7.065573770491803,19.50807588128821,5.36563560829369,0.0338839230331269,1.0,1.0,20.0,0
202506,2025,6,miami,hamilton,ferrari,12,18.0,5.083102493074792,8.5,8.5,5.066666666666666,19.50807588128821,8.183319931752123,0.0563541020125241,1.0,1.0,20.0,0
202506,2025,6,miami,sainz,williams,6,18.0,9.380281690140846,13.0,13.0,9.024691358024691,3.0811337785105093,10.540975568554527,-2.636408200394117,1.0,1.0,20.0,0
202506,2025,6,miami,tsunoda,red_bull,10,18.0,13.526315789473683,15.5,15.5,13.658536585365852,16.643122865474975,13.574162883661815,-3.8069615706392015,1.0,1.0,20.0,0
202506,2025,6,miami,hadjar,rb,11,18.0,12.4,15.0,15.0,12.4,1.1858771264259358,11.763965412442891,-1.0654889119821178,1.0,1.0,20.0,0
202506,2025,6,miami,ocon,haas,9,18.0,11.236024844720497,13.5,13.5,11.19047619047619,3.3328040474992884,12.67415822909816,1.790998159712094,1.0,1.0,20.0,0
202506,2025,6,miami,gasly,alpine,20,18.0,11.352201257861635,15.5,15.5,11.73015873015873,3.1596067836041004,13.008823064152631,-3.682798122310024,1.0,1.0,20.0,0
202506,2025,6,miami,hulkenberg,sauber,16,18.0,11.982978723404257,11.0,11.0,11.9125,0.7182844047669885,13.976062078803434,0.4183422817927368,1.0,1.0,20.0,0
202506,2025,6,miami,alonso,aston_martin,17,18.0,8.56234718826406,14.0,14.0,10.153284671532846,1.7606265503785374,12.5080766242442,-0.9542371656322096,1.0,1.0,20.0,0
202506,2025,6,miami,stroll,aston_martin,18,18.0,12.404624277456648,11.0,11.0,12.794117647058824,1.7606265503785374,14.758503628616582,0.905665845916138,1.0,1.0,20.0,0
202506,2025,6,miami,lawson,rb,15,18.0,13.375,13.5,13.5,13.88888888888889,1.1858771264259358,14.133070707964434,0.5221093526197923,1.0,1.0,20.0,0
202506,2025,6,miami,bortoleto,sauber,13,18.0,17.0,17.0,17.0,17.0,0.7182844047669885,17.30595478520029,0.8473167192800141,1.0,1.0,20.0,0
202506,2025,6,miami,bearman,haas,19,18.0,10.5,13.5,13.5,10.333333333333334,3.3328040474992884,10.840414947777203,4.5231726924697,1.0,1.0,20.0,0
202506,2025,6,miami,doohan,alpine,14,18.0,15.5,18.0,18.0,15.5,3.1596067836041004,15.488015675902334,0.3777457020288359,1.0,1.0,20.0,0
202507,2025,7,imola,max_verstappen,red_bull,2,30.0,5.576744186046511,5.617924528301887,5.617924528301887,4.951807228915663,15.98073688993407,3.4229254409398115,-0.159522804232397,2.0,0.0,30.0,1
202507,2025,7,imola,norris,mclaren,4,30.0,7.604477611940299,7.725190839694656,7.725190839694656,7.074074074074074,33.81681835641425,3.0964596072267963,0.8896073448587791,2.0,0.0,30.0,0
202507,2025,7,imola,piastri,mclaren,1,30.0,7.288461538461538,7.510204081632653,7.510204081632653,7.260869565217392,33.81681835641425,3.18792719471858,0.1723514805619819,2.0,0.0,30.0,0
202507,2025,7,imola,hamilton,ferrari,12,30.0,5.091160220994476,5.059322033898305,5.059322033898305,5.090909090909091,17.779334811963082,8.14998903506992,0.7733806289193385,2.0,0.0,30.0,0
202507,2025,7,imola,albon,williams,7,30.0,11.693693693693694,11.842592592592592,11.842592592592592,11.340909090909092,4.702745818781327,9.991182513698728,0.8855840935659651,2.0,0.0,30.0,0
202507,2025,7,imola,leclerc,ferrari,11,30.0,7.548387096774194,7.578947368421052,7.578947368421052,7.064516129032258,17.779334811963082,5.66279277042212,0.2095413915725639,2.0,0.0,30.0,0
202507,2025,7,imola,russell,mercedes,3,30.0,10.21641791044776,10.36641221374046,10.36641221374046,9.11111111111111,20.619188353158137,3.970809051643303,0.1230761770882587,2.0,0.0,30.0,0
202507,2025,7,imola,sainz,williams,6,30.0,9.378504672897195,9.345971563981042,9.345971563981042,9.024390243902438,4.702745818781327,10.260798192453704,-2.7025158003224594,2.0,0.0,30.0,0
202507,2025,7,imola,hadjar,rb,9,30.0,12.166666666666666,10.666666666666666,10.666666666666666,12.166666666666666,0.9697380202923472,11.565537206076833,-0.7887446376157143,2.0,0.0,30.0,0
202507,2025,7,imola,tsunoda,red_bull,20,30.0,13.489583333333334,13.483870967741936,13.483870967741936,13.571428571428571,15.98073688993407,12.924315083837312,-3.114786736636754,2.0,0.0,30.0,0
202507,2025,7,imola,alonso,aston_martin,5,30.0,8.578048780487805,8.487244897959183,8.487244897959183,10.18840579710145,1.4405126307510407,12.961153601654344,-0.4171031355172621,2.0,0.0,30.0,0
202507,2025,7,imola,hulkenberg,sauber,17,30.0,11.991525423728811,11.991416309012877,11.991416309012877,11.938271604938272,0.5876872402638996,13.9804144281119,0.7059164123758759,2.0,0.0,30.0,0
202507,2025,7,imola,gasly,alpine,10,30.0,11.3625,11.29936305732484,11.29936305732484,11.75,2.585132820477919,13.007218870670336,-1.740471190980906,2.0,0.0,30.0,0
202507,2025,7,imola,lawson,rb,15,30.0,13.588235294117649,13.357142857142858,13.357142857142858,14.2,0.9697380202923472,14.672116344145024,0.0478974338686835,2.0,0.0,30.0,0
202507,2025,7,imola,stroll,aston_martin,8,30.0,12.42528735632184,12.421052631578949,12.421052631578949,12.840579710144928,1.4405126307510407,14.984230241595386,1.104635692113204,2.0,0.0,30.0,0
202507,2025,7,imola,colapinto,alpine,16,30.0,13.555555555555555,13.555555555555555,13.555555555555555,13.25,2.585132820477919,15.21770161688943,-0.8243512550099782,2.0,0.0,30.0,0
202507,2025,7,imola,bearman,haas,19,30.0,11.444444444444445,9.5,9.5,11.571428571428571,2.72683967522669,12.615655116442284,3.5390885997015533,2.0,0.0,30.0,0
202507,2025,7,imola,bortoleto,sauber,14,30.0,17.166666666666668,17.0,17.0,17.166666666666668,0.5876872402638996,17.486222301067638,-0.6714334096700322,2.0,0.0,30.0,0
202507,2025,7,imola,antonelli,mercedes,13,30.0,6.5,7.666666666666667,7.666666666666667,6.5,20.619188353158137,6.678897203496436,-0.6593845756862245,2.0,0.0,30.0,0
202507,2025,7,imola,ocon,haas,18,30.0,11.24074074074074,11.20754716981132,11.20754716981132,11.203125,2.72683967522669,12.551584005625765,0.9199075852189792,2.0,0.0,30.0,0
202508,2025,8,monaco,norris,mclaren,1,30.0,7.562962962962963,2.333333333333333,2.333333333333333,6.9818181818181815,33.6683059279753,2.8971033150034,1.091496918521166,2.0,1.0,30.0,1
202508,2025,8,monaco,leclerc,ferrari,2,30.0,7.538461538461538,6.0,6.0,7.047619047619048,18.18309211887889,5.724103175799918,1.0805338658321202,2.0,1.0,30.0,0
202508,2025,8,monaco,piastri,mclaren,3,30.0,7.20754716981132,3.6666666666666665,3.6666666666666665,7.083333333333333,33.6683059279753,3.1537577922272835,-0.2226310136057403,2.0,1.0,30.0,0
202508,2025,8,monaco,max_verstappen,red_bull,4,30.0,5.555555555555555,2.6666666666666665,2.6666666666666665,4.904761904761905,17.80242109176424,2.9823935425871184,0.0512995238098571,2.0,1.0,30.0,0
202508,2025,8,monaco,hamilton,ferrari,7,30.0,5.088154269972452,8.333333333333334,8.333333333333334,5.081967213114754,18.18309211887889,7.395445574148116,2.0873114236612778,2.0,1.0,30.0,0
202508,2025,8,monaco,hadjar,rb,5,30.0,11.714285714285714,13.666666666666666,13.666666666666666,11.714285714285714,1.1574314530764789,10.947345799520438,-0.5986888645844227,2.0,1.0,30.0,0
202508,2025,8,monaco,ocon,haas,8,30.0,11.294478527607362,13.0,13.0,11.33846153846154,2.231050643367292,13.90584145914836,0.3890152969973432,2.0,1.0,30.0,0
202508,2025,8,monaco,lawson,rb,9,30.0,13.61111111111111,14.666666666666666,14.666666666666666,14.181818181818182,1.1574314530764789,14.546522871248705,0.2258098873830274,2.0,1.0,30.0,0
202508,2025,8,monaco,albon,williams,10,30.0,11.633928571428571,6.333333333333333,6.333333333333333,11.2,6.393155669911996,9.083694783777917,1.0882051674982074,2.0,1.0,30.0,0
202508,2025,8,monaco,sainz,williams,11,30.0,9.372093023255816,11.666666666666666,11.666666666666666,9.012048192771084,6.393155669911996,9.84974397564394,-2.574785654809285,2.0,1.0,30.0,0
202508,2025,8,monaco,russell,mercedes,14,30.0,10.192592592592591,3.6666666666666665,3.6666666666666665,9.072727272727272,17.961154107129385,4.521571042254557,-0.6265740369290755,2.0,1.0,30.0,0
202508,2025,8,monaco,bearman,haas,20,30.0,12.0,15.333333333333334,15.333333333333334,12.25,2.231050643367292,13.536613788679398,3.215793550867204,2.0,1.0,30.0,0
202508,2025,8,monaco,colapinto,alpine,18,30.0,13.8,13.8,10.5,13.8,2.115108669646048,15.382028215124128,-0.6511911917772396,2.0,1.0,30.0,0
202508,2025,8,monaco,bortoleto,sauber,16,30.0,17.285714285714285,17.333333333333332,17.333333333333332,17.285714285714285,0.4808350147613723,17.610022087563813,-1.4734842462039088,2.0,1.0,30.0,0
202508,2025,8,monaco,stroll,aston_martin,19,30.0,12.44,12.666666666666666,12.666666666666666,12.871428571428572,1.1786012424200651,14.987097470396224,-0.3689344337255615,2.0,1.0,30.0,0
202508,2025,8,monaco,hulkenberg,sauber,13,30.0,11.9915611814346,12.0,12.0,11.939024390243905,0.4808350147613723,13.6203390775461,1.48665888285299,2.0,1.0,30.0,0
202508,2025,8,monaco,tsunoda,red_bull,12,30.0,13.45360824742268,13.666666666666666,13.666666666666666,13.488372093023257,17.80242109176424,12.39262143035944,-0.7302800488569086,2.0,1.0,30.0,0
202508,2025,8,monaco,antonelli,mercedes,15,30.0,8.285714285714286,5.333333333333333,5.333333333333333,8.285714285714286,17.961154107129385,9.6477880268511,-1.9462583552647068,2.0,1.0,30.0,0
202508,2025,8,monaco,alonso,aston_martin,6,30.0,8.583941605839415,14.333333333333334,14.333333333333334,10.194244604316546,1.1786012424200651,12.604580219535372,-1.4321752926959423,2.0,1.0,30.0,0
202508,2025,8,monaco,gasly,alpine,17,30.0,11.372670807453416,14.666666666666666,14.666666666666666,11.76923076923077,2.115108669646048,13.005906348730274,-1.96947642898438,2.0,1.0,30.0,0
202509,2025,9,catalunya,piastri,mclaren,1,30.0,7.12962962962963,7.42,7.42,6.92,34.819523031979784,3.125801279990449,-0.1821518511125161,2.0,0.0,30.0,1
202509,2025,9,catalunya,norris,mclaren,2,30.0,7.514705882352941,7.681818181818182,7.681818181818182,6.875,34.819523031979784,2.552175439547752,0.8930429333352207,2.0,0.0,30.0,0
202509,2025,9,catalunya,leclerc,ferrari,7,30.0,7.503184713375796,7.568627450980392,7.568627450980392,6.96875,19.967984460900908,5.046993507472646,0.8840731629535488,2.0,0.0,30.0,0
202509,2025,9,catalunya,russell,mercedes,4,30.0,10.198529411764708,10.340909090909092,10.340909090909092,9.107142857142858,14.69548972401495,5.699467216391748,0.032803060695319,2.0,0.0,30.0,0
202509,2025,9,catalunya,hulkenberg,sauber,15,30.0,12.008403361344538,11.991452991452991,11.991452991452991,11.987951807228916,0.3934104666229409,14.053004699810446,0.6709027223342638,2.0,0.0,30.0,0
202509,2025,9,catalunya,hamilton,ferrari,5,30.0,5.087912087912088,5.056338028169014,5.056338028169014,5.08130081300813,19.967984460900908,6.959910015212095,2.0714366193592277,2.0,0.0,30.0,0
202509,2025,9,catalunya,hadjar,rb,9,30.0,11.0,10.25,10.25,11.0,3.132018777410275,9.821800787521449,-0.6899890819192285,2.0,0.0,30.0,0
202509,2025,9,catalunya,gasly,alpine,8,30.0,11.425925925925926,11.310126582278482,11.310126582278482,11.893939393939394,1.730543455875862,14.277559739870236,-2.156844350987221,2.0,0.0,30.0,0
202509,2025,9,catalunya,alonso,aston_martin,10,30.0,8.609223300970873,8.493638676844784,8.493638676844784,10.257142857142858,0.964310106817596,13.76738381598349,-3.535416148569409,2.0,0.0,30.0,0
202509,2025,9,catalunya,max_verstappen,red_bull,3,30.0,5.548387096774194,5.596244131455399,5.596244131455399,4.894117647058824,16.747435438716195,3.1674128984803698,0.0419723376626103,2.0,0.0,30.0,0
202509,2025,9,catalunya,lawson,rb,13,30.0,13.31578947368421,13.4,13.4,13.666666666666666,3.132018777410275,13.32936193732139,0.3697510266783105,2.0,0.0,30.0,0
202509,2025,9,catalunya,bortoleto,sauber,12,30.0,16.875,17.25,17.25,16.875,0.3934104666229409,16.788724664962487,-0.6832498405250396,2.0,0.0,30.0,0
202509,2025,9,catalunya,tsunoda,red_bull,19,30.0,13.489795918367347,13.4468085106383,13.4468085106383,13.568181818181818,16.747435438716195,13.230326627251523,-1.506592769481778,2.0,0.0,30.0,0
202509,2025,9,catalunya,sainz,williams,17,30.0,9.375,9.339622641509434,9.339622641509434,9.023809523809524,5.776218275382542,9.877063252799587,-1.9248246266621416,2.0,0.0,30.0,0
202509,2025,9,catalunya,colapinto,alpine,18,30.0,13.727272727272728,13.8,13.8,13.666666666666666,1.730543455875862,14.895409630752273,0.5032765178397238,2.0,0.0,30.0,0
202509,2025,9,catalunya,ocon,haas,16,30.0,11.268292682926829,11.2625,11.2625,11.272727272727272,2.9163141627550573,12.650233921121382,0.5001034248160087,2.0,0.0,30.0,0
202509,2025,9,catalunya,bearman,haas,14,30.0,12.0,10.571428571428571,10.571428571428571,12.22222222222222,2.9163141627550573,13.222702802308286,4.193147116554663,2.0,0.0,30.0,0
202509,2025,9,catalunya,antonelli,mercedes,6,30.0,9.5,10.5,10.5,9.5,14.69548972401495,11.54795650232885,-2.1859896577102296,2.0,0.0,30.0,0
202509,2025,9,catalunya,albon,williams,11,30.0,11.610619469026547,11.779816513761467,11.779816513761467,11.152173913043478,5.776218275382542,9.06847755036159,1.0721678643144392,2.0,0.0,30.0,0
202510,2025,10,villeneuve,russell,mercedes,1,30.0,10.153284671532846,10.293233082706768,10.293233082706768,9.017543859649123,14.205400683284958,5.390473177047438,0.0268388678416178,2.0,0.0,30.0,1
202510,2025,10,villeneuve,max_verstappen,red_bull,2,30.0,5.568807339449541,5.616822429906542,5.616822429906542,4.953488372093023,13.884265358949612,4.409701462393031,-1.2383862691851375,2.0,0.0,30.0,0
202510,2025,10,villeneuve,antonelli,mercedes,4,30.0,10.444444444444445,12.0,12.0,10.444444444444445,14.205400683284958,12.951695382888706,-4.321174874093416,2.0,0.0,30.0,0
202510,2025,10,villeneuve,piastri,mclaren,3,30.0,7.0181818181818185,7.294117647058823,7.294117647058823,6.6923076923076925,36.30688248071073,2.739285734681112,-0.1490327996167076,2.0,0.0,30.0,0
202510,2025,10,villeneuve,leclerc,ferrari,8,30.0,7.474683544303797,7.538961038961039,7.538961038961039,6.907692307692308,20.51926001346438,4.67481286975034,1.4506053151438223,2.0,0.0,30.0,0
202510,2025,10,villeneuve,hamilton,ferrari,5,30.0,5.090410958904109,5.058988764044944,5.058988764044944,5.088709677419355,20.51926001346438,6.785380921537169,1.512993597657549,2.0,0.0,30.0,0
202510,2025,10,villeneuve,alonso,aston_martin,6,30.0,8.610169491525424,8.49492385786802,8.49492385786802,10.24822695035461,1.1526173605670962,12.900586758531944,-2.7107950306476973,2.0,0.0,30.0,0
202510,2025,10,villeneuve,hulkenberg,sauber,11,30.0,11.97907949790795,11.961702127659574,11.961702127659574,11.904761904761903,2.1400631090551347,12.407003845299451,2.367102227364399,2.0,0.0,30.0,0
202510,2025,10,villeneuve,ocon,haas,14,30.0,11.296969696969697,11.29192546583851,11.29192546583851,11.343283582089551,2.3860752240723198,13.259282299099317,0.4091755293949157,2.0,0.0,30.0,0
202510,2025,10,villeneuve,sainz,williams,16,30.0,9.3963133640553,9.36150234741784,9.36150234741784,9.08235294117647,4.725996770767533,10.626688115926935,-1.0294019672690244,2.0,0.0,30.0,0
202510,2025,10,villeneuve,bearman,haas,13,30.0,12.416666666666666,11.375,11.375,12.7,2.3860752240723198,13.97739986918602,2.755969487587245,2.0,0.0,30.0,0
202510,2025,10,villeneuve,tsunoda,red_bull,18,30.0,13.484848484848484,13.442105263157895,13.442105263157895,13.555555555555555,13.884265358949612,13.188449058561684,-0.1417577172698553,2.0,0.0,30.0,0
202510,2025,10,villeneuve,colapinto,alpine,10,30.0,13.833333333333334,13.909090909090908,13.909090909090908,13.857142857142858,2.1431719194159444,14.916306595106349,1.002117300064272,2.0,0.0,30.0,0
202510,2025,10,villeneuve,bortoleto,sauber,15,30.0,16.333333333333332,16.2,16.2,16.333333333333332,2.1400631090551347,15.74686575577656,-0.5345985850541942,2.0,0.0,30.0,0
202510,2025,10,villeneuve,gasly,alpine,20,30.0,11.404907975460125,11.28930817610063,11.28930817610063,11.835820895522389,2.1431719194159444,13.136185241712004,-1.764690832625906,2.0,0.0,30.0,0
202510,2025,10,villeneuve,hadjar,rb,12,30.0,10.555555555555555,9.6,9.6,10.555555555555555,3.65416467080826,9.207875683007192,-0.1047415918899858,2.0,0.0,30.0,0
202510,2025,10,villeneuve,stroll,aston_martin,17,30.0,12.454545454545457,12.436046511627907,12.436046511627907,12.901408450704226,1.1526173605670962,14.98944338486964,0.4254172814972683,2.0,0.0,30.0,0
202510,2025,10,villeneuve,norris,mclaren,7,30.0,7.474452554744525,7.639097744360902,7.639097744360902,6.789473684210527,36.30688248071073,2.451779905084409,0.7306714909104484,2.0,0.0,30.0,0
202510,2025,10,villeneuve,lawson,rb,19,30.0,13.2,13.25,13.25,13.461538461538462,3.65416467080826,12.898047036873558,0.6716150961333145,2.0,0.0,30.0,0
202510,2025,10,villeneuve,albon,williams,9,30.0,11.675438596491228,11.845454545454546,11.845454545454546,11.319148936170214,4.725996770767533,10.87420890505097,-0.5773172021160764,2.0,0.0,30.0,0
202511,2025,11,red_bull_ring,norris,mclaren,1,30.0,7.550724637681159,7.7164179104477615,7.7164179104477615,6.982758620689655,31.88744930239969,5.27872901325354,-1.4021778710752757,2.0,0.0,30.0,1
202511,2025,11,red_bull_ring,piastri,mclaren,3,30.0,6.964285714285714,7.230769230769231,7.230769230769231,6.592592592592593,31.88744930239969,2.968509529101489,-0.3037561465043582,2.0,0.0,30.0,0
202511,2025,11,red_bull_ring,leclerc,ferrari,2,30.0,7.459119496855346,7.52258064516129,7.52258064516129,6.878787878787879,20.06121273828904,4.733937802523005,1.7323134396631317,2.0,0.0,30.0,0
202511,2025,11,red_bull_ring,hamilton,ferrari,4,30.0,5.092896174863388,5.061624649859944,5.061624649859944,5.096,20.06121273828904,6.642584390348593,1.0560856708107216,2.0,0.0,30.0,0
202511,2025,11,red_bull_ring,russell,mercedes,5,30.0,10.08695652173913,10.223880597014926,10.223880597014926,8.879310344827585,18.89532783177861,4.592205326674426,0.0219590736885918,2.0,0.0,30.0,0
202511,2025,11,red_bull_ring,lawson,rb,6,30.0,13.476190476190476,13.588235294117649,13.588235294117649,13.857142857142858,2.989047004365558,14.024143321450142,0.5476706362216199,2.0,0.0,30.0,0
202511,2025,11,red_bull_ring,alonso,aston_martin,11,30.0,8.606280193236715,8.49113924050633,8.49113924050633,10.225352112676056,2.033959660344547,11.827752802435226,-2.399741388711752,2.0,0.0,30.0,0
202511,2025,11,red_bull_ring,bortoleto,sauber,8,30.0,16.1,15.833333333333334,15.833333333333334,16.1,2.478233452863293,15.3799258343644,-0.2122466914774216,2.0,0.0,30.0,0
202511,2025,11,red_bull_ring,hulkenberg,sauber,20,30.0,11.9625,11.944915254237287,11.944915254237287,11.858823529411763,2.478233452863293,11.60573041888137,2.482174549661781,2.0,0.0,30.0,0
202511,2025,11,red_bull_ring,ocon,haas,17,30.0,11.283132530120485,11.27777777777778,11.27777777777778,11.308823529411764,2.315879728786443,12.48486733562671,1.2438708876867524,2.0,0.0,30.0,0
202511,2025,11,red_bull_ring,bearman,haas,15,30.0,12.307692307692308,11.333333333333334,11.333333333333334,12.545454545454543,2.315879728786443,13.39302782686517,2.6075959224623237,2.0,0.0,30.0,0
202511,2025,11,red_bull_ring,hadjar,rb,13,30.0,11.1,10.666666666666666,10.666666666666666,11.1,2.989047004365558,10.63460326917537,-0.9229646347456942,2.0,0.0,30.0,0
202511,2025,11,red_bull_ring,gasly,alpine,10,30.0,11.426829268292684,11.3125,11.3125,11.882352941176473,1.753504296952891,13.475060652309825,-0.5347470448757347,2.0,0.0,30.0,0
202511,2025,11,red_bull_ring,stroll,aston_martin,16,30.0,12.480225988700566,12.46242774566474,12.46242774566474,12.958333333333334,2.033959660344547,15.35499913307516,0.3480686848614013,2.0,0.0,30.0,0
202511,2025,11,red_bull_ring,colapinto,alpine,14,30.0,13.76923076923077,13.833333333333334,13.833333333333334,13.75,1.753504296952891,14.540194534954562,0.2166247350748259,2.0,0.0,30.0,0
202511,2025,11,red_bull_ring,tsunoda,red_bull,18,30.0,13.47,13.427083333333334,13.427083333333334,13.521739130434783,14.6325807482315,12.972367411133984,0.9749255062042846,2.0,0.0,30.0,0
202511,2025,11,red_bull_ring,albon,williams,12,30.0,11.747826086956522,11.91891891891892,11.91891891891892,11.5,4.048542812446163,12.53344364974479,-2.472350438275003,2.0,0.0,30.0,0
202511,2025,11,red_bull_ring,max_verstappen,red_bull,7,30.0,5.552511415525114,5.6,5.6,4.919540229885057,14.6325807482315,3.971573923776116,-1.0132251293332943,2.0,0.0,30.0,0
202511,2025,11,red_bull_ring,antonelli,mercedes,9,30.0,9.7,10.5,10.5,9.7,18.89532783177861,10.86128041560258,-3.203429286796018,2.0,0.0,30.0,0
202511,2025,11,red_bull_ring,sainz,williams,19,30.0,9.39908256880734,9.36448598130841,9.36448598130841,9.093023255813954,4.048542812446163,10.512744822122038,0.2486711176889808,2.0,0.0,30.0,0
202512,2025,12,silverstone,norris,mclaren,3,30.0,7.503597122302159,7.666666666666667,7.666666666666667,6.88135593220339,33.90791306559975,4.50077828357048,-1.147236439970484,2.0,0.0,30.0,1
202512,2025,12,silverstone,piastri,mclaren,2,30.0,6.87719298245614,7.132075471698113,7.132075471698113,6.428571428571429,33.90791306559975,2.792414989928812,-0.0667070200747804,2.0,0.0,30.0,0
202512,2025,12,silverstone,hulkenberg,sauber,19,30.0,11.950207468879668,11.932489451476794,11.932489451476794,11.825581395348838,3.118554643251785,11.13196125181203,4.030870086086913,2.0,0.0,30.0,0
202512,2025,12,silverstone,hamilton,ferrari,5,30.0,5.08991825613079,5.058659217877095,5.058659217877095,5.087301587301587,21.322810422236486,6.162114501194304,0.8640700942996813,2.0,0.0,30.0,0
202512,2025,12,silverstone,max_verstappen,red_bull,1,30.0,5.609090909090909,5.657407407407407,5.657407407407407,5.068181818181818,11.972111521280317,6.522196846725914,-2.829002378545424,2.0,0.0,30.0,0
202512,2025,12,silverstone,gasly,alpine,8,30.0,11.436363636363636,11.322981366459627,11.322981366459627,11.898550724637682,1.4346853333677687,13.388685988253492,-0.9829748548983304,2.0,0.0,30.0,0
202512,2025,12,silverstone,stroll,aston_martin,17,30.0,12.48876404494382,12.471264367816092,12.471264367816092,12.972602739726028,2.75505790505544,15.108635654334222,0.6484198330684194,2.0,0.0,30.0,0
202512,2025,12,silverstone,albon,williams,13,30.0,11.79310344827586,11.964285714285714,11.964285714285714,11.612244897959185,3.312444119274133,13.345544804399772,-2.931923085897088,2.0,0.0,30.0,0
202512,2025,12,silverstone,alonso,aston_martin,7,30.0,8.602409638554217,8.487373737373737,8.487373737373737,10.202797202797203,2.75505790505544,10.94997956562882,-1.2361520453096146,2.0,0.0,30.0,0
202512,2025,12,silverstone,russell,mercedes,4,30.0,10.050359712230216,10.185185185185183,10.185185185185183,8.813559322033898,17.27799549872795,4.666349812733679,0.0179665148361175,2.0,0.0,30.0,0
202512,2025,12,silverstone,bearman,haas,18,30.0,12.214285714285714,11.3,11.3,12.416666666666666,2.0766288690070898,12.930040706526276,2.8769890097344444,2.0,0.0,30.0,0
202512,2025,12,silverstone,sainz,williams,9,30.0,9.447488584474886,9.413953488372092,9.413953488372092,9.218390804597702,3.312444119274133,12.23770030900894,0.0216400053818932,2.0,0.0,30.0,0
202512,2025,12,silverstone,ocon,haas,14,30.0,11.275449101796408,11.269938650306749,11.269938650306749,11.289855072463768,2.0766288690070898,12.03307327460367,2.290439817198255,2.0,0.0,30.0,0
202512,2025,12,silverstone,leclerc,ferrari,6,30.0,7.43125,7.493589743589744,7.493589743589744,6.82089552238806,21.322810422236486,4.418676383882455,1.2355291779061928,2.0,0.0,30.0,0
202512,2025,12,silverstone,tsunoda,red_bull,11,30.0,13.495049504950495,13.45360824742268,13.45360824742268,13.574468085106384,11.972111521280317,13.522846064523184,1.161302687188332,2.0,0.0,30.0,0
202512,2025,12,silverstone,antonelli,mercedes,10,30.0,10.545454545454543,11.714285714285714,11.714285714285714,10.545454545454543,17.27799549872795,12.523919076896767,-4.5918837131724,2.0,0.0,30.0,0
202512,2025,12,silverstone,hadjar,rb,12,30.0,11.181818181818182,10.857142857142858,10.857142857142858,11.181818181818182,3.9009416149241862,10.91353675117244,-0.5301270006590096,2.0,0.0,30.0,0
202512,2025,12,silverstone,bortoleto,sauber,16,30.0,15.363636363636363,14.714285714285714,14.714285714285714,15.363636363636363,3.118554643251785,13.872299249806693,-0.1688873459043589,2.0,0.0,30.0,0
202512,2025,12,silverstone,lawson,rb,15,30.0,13.136363636363637,13.166666666666666,13.166666666666666,13.333333333333334,3.9009416149241862,12.547342554104048,0.4468747775954503,2.0,0.0,30.0,0
202512,2025,12,silverstone,colapinto,alpine,20,30.0,13.857142857142858,13.923076923076923,13.923076923076923,13.88888888888889,1.4346853333677687,14.62915464055281,-0.0187597332133067,2.0,0.0,30.0,0
202513,2025,13,spa,piastri,mclaren,2,26.0,6.793103448275862,7.037037037037037,7.037037037037037,6.275862068965517,35.56101978094525,2.648338266980784,-0.0545783640395556,2.0,0.0,27.0,1
202513,2025,13,spa,norris,mclaren,1,26.0,7.457142857142857,7.617647058823529,7.617647058823529,6.783333333333333,35.56101978094525,3.864273141102719,-0.5750116327027629,2.0,0.0,27.0,0
202513,2025,13,spa,leclerc,ferrari,3,26.0,7.472049689440993,7.535031847133758,7.535031847133758,6.926470588235294,19.62775398182985,6.160735223176571,-0.4436579453494947,2.0,0.0,27.0,0
202513,2025,13,spa,max_verstappen,red_bull,4,26.0,5.606334841628959,5.654377880184332,5.654377880184332,5.067415730337078,11.61354579013844,6.245433783684839,-3.041911036991711,2.0,0.0,27.0,0
202513,2025,13,spa,russell,mercedes,6,26.0,10.05,10.183823529411764,10.183823529411764,8.833333333333334,14.318359953504684,5.6361043922372565,-1.0762092151347749,2.0,0.0,27.0,0
202513,2025,13,spa,albon,williams,5,26.0,11.760683760683762,11.929203539823009,11.929203539823009,11.54,3.4374542794061083,12.373627567174369,-1.489755252005901,2.0,0.0,27.0,0
202513,2025,13,spa,hamilton,ferrari,18,26.0,5.086956521739131,5.055710306406685,5.055710306406685,5.078740157480315,19.62775398182985,5.76900277370443,0.8887846226088302,2.0,0.0,27.0,0
202513,2025,13,spa,lawson,rb,9,26.0,13.391304347826088,13.473684210526317,13.473684210526317,13.6875,3.191162233403284,13.732281484075225,-0.3697306419330798,2.0,0.0,27.0,0
202513,2025,13,spa,bortoleto,sauber,10,26.0,15.583333333333334,15.125,15.125,15.583333333333334,5.278817435387825,14.697006305164576,-0.5347403028845987,2.0,0.0,27.0,0
202513,2025,13,spa,gasly,alpine,13,26.0,11.403614457831326,11.290123456790123,11.290123456790123,11.814285714285717,2.628378910659276,12.045288535843762,-0.4406157903713592,2.0,0.0,27.0,0
202513,2025,13,spa,bearman,haas,12,26.0,12.133333333333333,11.272727272727272,11.272727272727272,12.307692307692308,1.699059983733073,12.560931291168018,3.665491641304139,2.0,0.0,27.0,0
202513,2025,13,spa,hulkenberg,sauber,14,26.0,11.913223140495868,11.894957983193278,11.894957983193278,11.724137931034482,5.278817435387825,9.65342284239166,6.207075524980203,2.0,0.0,27.0,0
202513,2025,13,spa,tsunoda,red_bull,7,26.0,13.509803921568627,13.46938775510204,13.46938775510204,13.604166666666666,11.61354579013844,13.791419507683685,0.2228840155796356,2.0,0.0,27.0,0
202513,2025,13,spa,stroll,aston_martin,16,26.0,12.458100558659218,12.44,12.44,12.891891891891891,3.708683741730344,13.634338262637089,2.34870713614689,2.0,0.0,27.0,0
202513,2025,13,spa,ocon,haas,11,26.0,11.285714285714286,11.28048780487805,11.28048780487805,11.314285714285717,1.699059983733073,12.20887813376664,2.055814395889481,2.0,0.0,27.0,0
202513,2025,13,spa,antonelli,mercedes,19,26.0,11.0,12.25,12.25,11.0,14.318359953504684,13.218433683398686,-4.873222770141751,2.0,0.0,27.0,0
202513,2025,13,spa,alonso,aston_martin,20,26.0,8.603365384615385,8.488664987405542,8.488664987405542,10.194444444444445,3.708683741730344,10.59543782642358,-1.3750334916169575,2.0,0.0,27.0,0
202513,2025,13,spa,sainz,williams,17,26.0,9.459090909090907,9.425925925925926,9.425925925925926,9.25,3.4374542794061083,12.194482071007318,-0.527749086505724,2.0,0.0,27.0,0
202513,2025,13,spa,colapinto,alpine,15,26.0,14.266666666666667,14.357142857142858,14.357142857142858,14.5,2.628378910659276,15.65629856757039,-0.0151720398888984,2.0,0.0,27.0,0
202513,2025,13,spa,hadjar,rb,8,26.0,11.666666666666666,11.625,11.625,11.666666666666666,3.191162233403284,12.129600968824237,-1.4231994451518868,2.0,0.0,27.0,0
202514,2025,14,hungaroring,norris,mclaren,3,29.0,7.418439716312057,7.576642335766423,7.576642335766423,6.704918032786885,36.91356163895521,3.525314388174777,-0.652282244938664,2.0,0.0,29.5,1
202514,2025,14,hungaroring,piastri,mclaren,2,29.0,6.694915254237288,6.927272727272728,6.927272727272728,6.1,36.91356163895521,2.348638238402725,0.1371645398119521,2.0,0.0,29.5,0
202514,2025,14,hungaroring,russell,mercedes,4,29.0,10.01418439716312,10.145985401459852,10.145985401459852,8.770491803278688,13.533203598322014,5.52044904819406,-0.6987166305646213,2.0,0.0,29.5,0
202514,2025,14,hungaroring,leclerc,ferrari,1,29.0,7.444444444444445,7.506329113924051,7.506329113924051,6.869565217391305,19.877253257860787,5.586056091689917,-0.3629928643768587,2.0,0.0,29.5,0
202514,2025,14,hungaroring,alonso,aston_martin,5,29.0,8.623501199040767,8.510050251256281,8.510050251256281,10.241379310344827,3.034377606158431,11.759903676164749,-0.5795728567775102,2.0,0.0,29.5,0
202514,2025,14,hungaroring,bortoleto,sauber,7,29.0,15.076923076923077,14.444444444444445,14.444444444444445,15.076923076923077,4.682668810771856,13.578859144577129,-0.2335179731227642,2.0,0.0,29.5,0
202514,2025,14,hungaroring,stroll,aston_martin,6,29.0,12.466666666666669,12.448863636363637,12.448863636363637,12.906666666666666,3.034377606158431,13.70082221488489,2.285305838665637,2.0,0.0,29.5,0
202514,2025,14,hungaroring,lawson,rb,9,29.0,13.166666666666666,13.2,13.2,13.352941176470589,3.3383113862460507,12.681539223268388,-0.1186554155333505,2.0,0.0,29.5,0
202514,2025,14,hungaroring,max_verstappen,red_bull,8,29.0,5.599099099099099,5.646788990825688,5.646788990825688,5.055555555555555,11.683810191931451,5.837173095742141,-2.4888363029932177,2.0,0.0,29.5,0
202514,2025,14,hungaroring,antonelli,mercedes,15,29.0,11.384615384615383,12.666666666666666,12.666666666666666,11.384615384615383,13.533203598322014,13.764369621028582,-3.327951233909508,2.0,0.0,29.5,0
202514,2025,14,hungaroring,hadjar,rb,10,29.0,12.307692307692308,12.555555555555555,12.555555555555555,12.307692307692308,3.3383113862460507,13.674318291924545,-3.499100168270626,2.0,0.0,29.5,0
202514,2025,14,hungaroring,hamilton,ferrari,12,29.0,5.092140921409214,5.061111111111111,5.061111111111111,5.09375,19.877253257860787,5.992820451212714,2.727187418498135,2.0,0.0,29.5,0
202514,2025,14,hungaroring,hulkenberg,sauber,18,29.0,11.91358024691358,11.895397489539748,11.895397489539748,11.727272727272728,4.682668810771856,10.080073234684086,5.4421527022565295,2.0,0.0,29.5,0
202514,2025,14,hungaroring,sainz,williams,13,29.0,9.497737556561086,9.465437788018432,9.465437788018432,9.348314606741573,4.267008046786816,13.250030785369624,-0.6136128889592288,2.0,0.0,29.5,0
202514,2025,14,hungaroring,albon,williams,19,29.0,11.71186440677966,11.87719298245614,11.87719298245614,11.431372549019608,4.267008046786816,11.214786191264183,-1.400708842545649,2.0,0.0,29.5,0
202514,2025,14,hungaroring,ocon,haas,17,29.0,11.307692307692308,11.303030303030305,11.303030303030305,11.366197183098592,1.390139986690696,12.716354836718162,0.9547572330004824,2.0,0.0,29.5,0
202514,2025,14,hungaroring,tsunoda,red_bull,20,29.0,13.50485436893204,13.464646464646464,13.464646464646464,13.591836734693878,11.683810191931451,13.64752505158929,-0.9085494429929108,2.0,0.0,29.5,0
202514,2025,14,hungaroring,colapinto,alpine,14,29.0,14.5625,14.666666666666666,14.666666666666666,14.909090909090908,2.332310017499581,16.28979121546726,-0.7701315561247765,2.0,0.0,29.5,0
202514,2025,14,hungaroring,gasly,alpine,16,29.0,11.395209580838324,11.282208588957054,11.282208588957054,11.788732394366198,2.332310017499581,11.673417892963077,0.1849507169688897,2.0,0.0,29.5,0
202514,2025,14,hungaroring,bearman,haas,11,29.0,12.0625,11.25,11.25,12.214285714285714,1.390139986690696,12.265199594780103,3.160491601103246,2.0,0.0,29.5,0
202515,2025,15,zandvoort,piastri,mclaren,1,30.0,6.616666666666666,6.839285714285714,6.839285714285714,5.967741935483871,38.020186795508806,2.2852490936697127,0.1122253853858298,2.0,0.0,30.0,1
202515,2025,15,zandvoort,max_verstappen,red_bull,3,30.0,5.614349775784754,5.662100456621005,5.662100456621005,5.0989010989010985,9.923117429762096,6.412232532879934,-2.218138793358087,2.0,0.0,30.0,0
202515,2025,15,zandvoort,hadjar,rb,4,30.0,12.214285714285714,12.4,12.4,12.214285714285714,3.458677128304125,13.156908961808323,-3.0155908762529977,2.0,0.0,30.0,0
202515,2025,15,zandvoort,russell,mercedes,5,30.0,9.964788732394366,10.094202898550725,10.094202898550725,8.67741935483871,13.98171203499074,5.062185584885856,-0.3898590613709236,2.0,0.0,30.0,0
202515,2025,15,zandvoort,albon,williams,15,30.0,11.739495798319329,11.904347826086957,11.904347826086957,11.5,3.491188401916485,11.903006883790905,-0.4187617802228178,2.0,0.0,30.0,0
202515,2025,15,zandvoort,bearman,haas,20,30.0,12.529411764705882,11.923076923076923,11.923076923076923,12.733333333333333,1.137387261837842,13.719511850315806,0.8740522565419496,2.0,0.0,30.0,0
202515,2025,15,zandvoort,stroll,aston_martin,19,30.0,12.43646408839779,12.418079096045195,12.418079096045195,12.828947368421051,5.391763497983971,12.482490903087635,1.6879775043627936,2.0,0.0,30.0,0
202515,2025,15,zandvoort,alonso,aston_martin,10,30.0,8.614832535885167,8.50125313283208,8.50125313283208,10.205479452054794,5.391763497983971,10.53083028049843,-0.4741959737270538,2.0,0.0,30.0,0
202515,2025,15,zandvoort,tsunoda,red_bull,12,30.0,13.538461538461538,13.5,13.5,13.66,9.923117429762096,14.257065951826812,-0.1979040891076612,2.0,0.0,30.0,0
202515,2025,15,zandvoort,ocon,haas,18,30.0,11.33529411764706,11.33132530120482,11.33132530120482,11.430555555555555,1.137387261837842,13.313381230042134,0.9629831906367584,2.0,0.0,30.0,0
202515,2025,15,zandvoort,colapinto,alpine,16,30.0,14.764705882352942,14.875,14.875,15.166666666666666,1.9082536503152017,16.611348006149576,-1.3774177193883812,2.0,0.0,30.0,0
202515,2025,15,zandvoort,lawson,rb,8,30.0,12.96,12.952380952380953,12.952380952380953,13.055555555555555,3.458677128304125,11.82467275249216,0.0860931238270821,2.0,0.0,30.0,0
202515,2025,15,zandvoort,sainz,williams,9,30.0,9.51801801801802,9.486238532110091,9.486238532110091,9.4,3.491188401916485,13.386388824393327,-0.6838650909666418,2.0,0.0,30.0,0
202515,2025,15,zandvoort,hulkenberg,sauber,17,30.0,11.918032786885243,11.9,11.9,11.741573033707866,5.285819936086065,10.61096901019607,5.361761301846252,2.0,0.0,30.0,0
202515,2025,15,zandvoort,bortoleto,sauber,13,30.0,14.428571428571429,13.6,13.6,14.428571428571429,5.285819936086065,12.112551844925504,0.0051348865936704,2.0,0.0,30.0,0
202515,2025,15,zandvoort,antonelli,mercedes,11,30.0,11.285714285714286,12.4,12.4,11.285714285714286,13.98171203499074,13.03606440402893,-1.7167145751359003,2.0,0.0,30.0,0
202515,2025,15,zandvoort,gasly,alpine,14,30.0,11.44047619047619,11.329268292682928,11.329268292682928,11.88888888888889,1.9082536503152017,13.005523730606155,-0.3941312315709098,2.0,0.0,30.0,0
202515,2025,15,zandvoort,norris,mclaren,2,30.0,7.373239436619718,7.528985507246377,7.528985507246377,6.612903225806452,38.020186795508806,3.066166317597351,-0.1700491094950672,2.0,0.0,30.0,0
202515,2025,15,zandvoort,leclerc,ferrari,6,30.0,7.423312883435583,7.484276729559748,7.484276729559748,6.828571428571428,18.445025392795188,5.297682256837203,-0.8424487072174328,2.0,0.0,30.0,0
202515,2025,15,zandvoort,hamilton,ferrari,7,30.0,5.110810810810811,5.080332409972299,5.080332409972299,5.147286821705427,18.445025392795188,7.085034914628586,2.2313351605893827,2.0,0.0,30.0,0
202516,2025,16,monza,max_verstappen,red_bull,1,19.0,5.598214285714286,5.6454545454545455,5.6454545454545455,5.065217391304348,11.75527789707808,5.610008435992674,-1.6330226491111617,1.0,0.0,19.0,1
202516,2025,16,monza,norris,mclaren,2,19.0,7.447552447552447,7.60431654676259,7.60431654676259,6.7936507936507935,35.652880105416294,5.78140880530786,-3.048221998678775,1.0,0.0,19.0,0
202516,2025,16,monza,piastri,mclaren,3,19.0,6.524590163934426,6.7368421052631575,6.7368421052631575,5.8125,35.652880105416294,2.051566311867639,0.0918206713308359,1.0,0.0,19.0,0
202516,2025,16,monza,leclerc,ferrari,4,19.0,7.4939024390243905,7.55625,7.55625,7.0,15.09138441228697,7.789012755594089,-3.0529125786324567,1.0,0.0,19.0,0
202516,2025,16,monza,russell,mercedes,5,19.0,9.923076923076923,10.050359712230216,10.050359712230216,8.603174603174603,13.621400755901512,4.8690609330883605,-0.1371574138488502,1.0,0.0,19.0,0
202516,2025,16,monza,hamilton,ferrari,10,19.0,5.150943396226415,5.121546961325967,5.121546961325967,5.2615384615384615,15.09138441228697,9.433210384696116,-0.5379985049723249,1.0,0.0,19.0,0
202516,2025,16,monza,albon,williams,14,19.0,11.683333333333334,11.844827586206897,11.844827586206897,11.37735849056604,4.674608692477125,10.647914723057932,1.4755585435200418,1.0,0.0,19.0,0
202516,2025,16,monza,bortoleto,sauber,7,19.0,14.466666666666669,13.727272727272728,13.727272727272728,14.466666666666669,4.3247617658885975,12.664760042811162,-0.378335867780787,1.0,0.0,19.0,0
202516,2025,16,monza,antonelli,mercedes,6,19.0,11.6,12.727272727272728,12.727272727272728,11.6,13.621400755901512,13.602900394217682,-2.3446244215593324,1.0,0.0,19.0,0
202516,2025,16,monza,hadjar,rb,19,19.0,11.6,11.545454545454543,11.545454545454543,11.6,5.557937401882214,11.214457325393004,-2.24763173651061,1.0,0.0,19.0,0
202516,2025,16,monza,sainz,williams,13,19.0,9.533632286995516,9.502283105022832,9.502283105022832,9.43956043956044,4.674608692477125,13.31613631086727,-1.2867987107908891,1.0,0.0,19.0,0
202516,2025,16,monza,bearman,haas,11,19.0,12.166666666666666,11.5,11.5,12.3125,2.5669532142309626,12.277023044930823,3.3268022551356946,1.0,0.0,19.0,0
202516,2025,16,monza,tsunoda,red_bull,9,19.0,13.495238095238095,13.455445544554456,13.455445544554456,13.568627450980392,11.75527789707808,13.301235778091913,0.383533018413721,1.0,0.0,19.0,0
202516,2025,16,monza,lawson,rb,18,19.0,12.923076923076923,12.909090909090908,12.909090909090908,13.0,5.557937401882214,11.856724191116957,-0.6608824024252667,1.0,0.0,19.0,0
202516,2025,16,monza,ocon,haas,15,19.0,11.32748538011696,11.323353293413174,11.323353293413174,11.41095890410959,2.5669532142309626,12.710948279125384,2.242440792339168,1.0,0.0,19.0,0
202516,2025,16,monza,gasly,alpine,20,19.0,11.47337278106509,11.363636363636363,11.363636363636363,11.95890410958904,1.5612984409217925,13.73179214322322,-0.8679255531034726,1.0,0.0,19.0,0
202516,2025,16,monza,colapinto,alpine,17,19.0,14.555555555555555,14.647058823529411,14.647058823529411,14.846153846153848,1.5612984409217925,15.562796382816172,-0.1857162431991567,1.0,0.0,19.0,0
202516,2025,16,monza,stroll,aston_martin,16,19.0,12.406593406593409,12.387640449438202,12.387640449438202,12.753246753246753,6.229624680760815,11.48567437525352,3.5628906853877416,1.0,0.0,19.0,0
202516,2025,16,monza,alonso,aston_martin,8,19.0,8.613365155131264,8.5,8.5,10.19047619047619,6.229624680760815,10.070679320407804,-0.0243421603221346,1.0,0.0,19.0,0
202516,2025,16,monza,hulkenberg,sauber,12,19.0,11.926530612244898,11.908713692946058,11.908713692946058,11.766666666666667,4.3247617658885975,11.227156462887695,4.932350156056024,1.0,0.0,19.0,0
202517,2025,17,baku,max_verstappen,red_bull,1,21.0,5.5777777777777775,3.0,3.0,5.021505376344086,14.163409188518433,4.771825083994005,-1.3361094401818594,1.0,1.0,21.0,1
202517,2025,17,baku,russell,mercedes,5,21.0,9.88888888888889,5.5,5.5,8.546875,13.326600618464877,4.892868036163211,-0.1122197022399613,1.0,1.0,21.0,0
202517,2025,17,baku,sainz,williams,2,21.0,9.540178571428571,11.25,11.25,9.456521739130435,4.915588930208557,12.895020617982311,-0.6891989451925452,1.0,1.0,21.0,0
202517,2025,17,baku,antonelli,mercedes,4,21.0,11.4375,8.5,8.5,11.4375,13.326600618464877,12.730841803561834,-2.468790893639241,1.0,1.0,21.0,0
202517,2025,17,baku,lawson,rb,3,21.0,12.962962962962964,13.0,13.0,13.05,4.728950778068185,12.248146867787106,0.1903263211747376,1.0,1.0,21.0,0
202517,2025,17,baku,tsunoda,red_bull,6,21.0,13.49056603773585,14.5,14.5,13.557692307692308,14.163409188518433,13.246465636588988,-0.4134729853950608,1.0,1.0,21.0,0
202517,2025,17,baku,norris,mclaren,7,21.0,7.409722222222222,2.0,2.0,6.71875,35.17053826806788,5.093879931615328,-2.49399981710066,1.0,1.0,21.0,0
202517,2025,17,baku,hamilton,ferrari,12,21.0,5.153225806451613,7.5,7.5,5.267175572519084,15.98385997368934,8.808990314751368,0.287092132295371,1.0,1.0,21.0,0
202517,2025,17,baku,leclerc,ferrari,10,21.0,7.472727272727273,5.0,5.0,6.958333333333333,15.98385997368934,7.1001013454860695,-2.497837564335644,1.0,1.0,21.0,0
202517,2025,17,baku,hadjar,rb,8,21.0,11.5,11.75,11.75,11.5,4.728950778068185,10.984368065819986,-0.1166723325923027,1.0,1.0,21.0,0
202517,2025,17,baku,bortoleto,sauber,13,21.0,14.0625,16.5,16.5,14.0625,4.265714172090671,11.78098161610614,-0.496115419926955,1.0,1.0,21.0,0
202517,2025,17,baku,bearman,haas,15,21.0,12.157894736842104,14.5,14.5,12.294117647058824,2.100234448007151,12.22551759162091,2.522342425489482,1.0,1.0,21.0,0
202517,2025,17,baku,albon,williams,19,21.0,11.644628099173554,7.0,7.0,11.296296296296296,4.915588930208557,9.98465750066486,2.480002444726842,1.0,1.0,21.0,0
202517,2025,17,baku,ocon,haas,20,21.0,11.348837209302326,11.5,11.5,11.45945945945946,2.100234448007151,13.127139501102588,1.834724284641137,1.0,1.0,21.0,0
202517,2025,17,baku,alonso,aston_martin,11,21.0,8.638095238095238,15.5,15.5,10.25,5.096965647240304,11.694192171242753,-2.019916312990839,1.0,1.0,21.0,0
202517,2025,17,baku,hulkenberg,sauber,17,21.0,11.959349593495936,13.0,13.0,11.857142857142858,4.265714172090671,12.822218924180843,2.581013764045836,1.0,1.0,21.0,0
202517,2025,17,baku,stroll,aston_martin,14,21.0,12.437158469945356,13.25,13.25,12.82051282051282,5.096965647240304,12.670097216116517,2.551456015317242,1.0,1.0,21.0,0
202517,2025,17,baku,gasly,alpine,18,21.0,11.5,16.0,16.0,12.013513513513514,1.2774259969536936,14.14419357172809,0.0171518201880693,1.0,1.0,21.0,0
202517,2025,17,baku,colapinto,alpine,16,21.0,14.68421052631579,13.0,13.0,15.0,1.2774259969536936,15.83000817315725,-0.1511869884385084,1.0,1.0,21.0,0
202517,2025,17,baku,piastri,mclaren,9,21.0,6.467741935483871,3.5,3.5,5.727272727272728,35.17053826806788,2.224009481913823,0.0751259378579688,1.0,1.0,21.0,0
202518,2025,18,marina_bay,russell,mercedes,1,23.0,9.83448275862069,4.8,4.8,8.446153846153846,16.35812777874399,4.3668920295879605,0.4536384254401624,1.0,1.0,23.0,1
202518,2025,18,marina_bay,max_verstappen,red_bull,2,23.0,5.557522123893805,2.6,2.6,4.97872340425532,17.588243881515083,4.086038705086004,-1.0931804510578849,1.0,1.0,23.0,0
202518,2025,18,marina_bay,norris,mclaren,5,23.0,7.406896551724138,3.0,3.0,6.723076923076923,29.86680403751008,5.440447216776258,-2.040545304900435,1.0,1.0,23.0,0
202518,2025,18,marina_bay,piastri,mclaren,3,23.0,6.682539682539683,6.8,6.8,6.147058823529412,29.86680403751008,5.456018205407221,-1.9385398327512944,1.0,1.0,23.0,0
202518,2025,18,marina_bay,antonelli,mercedes,4,23.0,11.0,7.6,7.6,11.0,16.35812777874399,11.089251901966636,-2.0046040155199973,1.0,1.0,23.0,0
202518,2025,18,marina_bay,leclerc,ferrari,7,23.0,7.481927710843373,5.8,5.8,6.986301369863014,14.168612705745822,7.445537464488603,-1.8618670980927976,1.0,1.0,23.0,0
202518,2025,18,marina_bay,alonso,aston_martin,10,23.0,8.653206650831354,15.4,15.4,10.281879194630871,4.170244620030929,12.295248140107708,-2.3799315288106864,1.0,1.0,23.0,0
202518,2025,18,marina_bay,hamilton,ferrari,6,23.0,5.160857908847185,7.6,7.6,5.287878787878788,14.168612705745822,8.661901166614754,0.9621662900598495,1.0,1.0,23.0,0
202518,2025,18,marina_bay,bearman,haas,9,23.0,12.15,14.0,14.0,12.27777777777778,1.7183736392785778,12.183759762568778,2.610787602641757,1.0,1.0,23.0,0
202518,2025,18,marina_bay,sainz,williams,18,23.0,9.511111111111113,9.6,9.6,9.387096774193548,6.749118215625184,11.095925960167344,-0.7457082278848098,1.0,1.0,23.0,0
202518,2025,18,marina_bay,hadjar,rb,8,23.0,11.411764705882351,11.4,11.4,11.411764705882351,5.869446290543045,10.799285262505,-0.4707792732254546,1.0,1.0,23.0,0
202518,2025,18,marina_bay,tsunoda,red_bull,13,23.0,13.42056074766355,12.8,12.8,13.41509433962264,17.588243881515083,11.928926429313146,-0.3382960789240307,1.0,1.0,23.0,0
202518,2025,18,marina_bay,stroll,aston_martin,15,23.0,12.46195652173913,14.0,14.0,12.873417721518988,4.170244620030929,13.457352267731697,1.542100376168652,1.0,1.0,23.0,0
202518,2025,18,marina_bay,albon,williams,20,23.0,11.655737704918034,8.2,8.2,11.327272727272728,6.749118215625184,10.532901591465851,3.120002000245976,1.0,1.0,23.0,0
202518,2025,18,marina_bay,lawson,rb,12,23.0,12.678571428571429,11.4,11.4,12.666666666666666,5.869446290543045,10.925502014911766,-0.2093653362466057,1.0,1.0,23.0,0
202518,2025,18,marina_bay,colapinto,alpine,16,23.0,14.9,16.0,16.0,15.266666666666667,1.0451667246704184,16.416977800894614,-0.6786857342491744,1.0,1.0,23.0,0
202518,2025,18,marina_bay,bortoleto,sauber,14,23.0,13.882352941176473,15.4,15.4,13.882352941176473,3.4901297771650936,11.634139929682696,-0.0267909310905538,1.0,1.0,23.0,0
202518,2025,18,marina_bay,ocon,haas,17,23.0,11.364161849710984,12.0,12.0,11.493333333333334,1.7183736392785778,13.285841409993026,2.592047141979113,1.0,1.0,23.0,0
202518,2025,18,marina_bay,gasly,alpine,19,23.0,11.538011695906432,16.4,16.4,12.093333333333334,1.0451667246704184,14.84524928595935,0.0140333074266022,1.0,1.0,23.0,0
202518,2025,18,marina_bay,hulkenberg,sauber,11,23.0,11.975708502024291,13.6,13.6,11.902173913043478,3.4901297771650936,13.399997301602507,2.293556716037502,1.0,1.0,23.0,0
202519,2025,19,americas,max_verstappen,red_bull,1,21.0,5.541850220264317,5.624434389140271,5.624434389140271,4.947368421052632,17.663108630330523,3.706758940524912,-0.8944203690473602,1.0,0.0,21.0,1
202519,2025,19,americas,norris,mclaren,2,21.0,7.376712328767123,7.564285714285714,7.564285714285714,6.666666666666667,29.345566939780976,4.996729540998673,-1.305900704009308,1.0,0.0,21.0,0
202519,2025,19,americas,leclerc,ferrari,3,21.0,7.473053892215569,7.53416149068323,7.53416149068323,6.972972972972973,13.774319486519309,7.182712470945219,-1.3415276257122877,1.0,0.0,21.0,0
202519,2025,19,americas,hamilton,ferrari,5,21.0,5.168449197860962,5.12396694214876,5.12396694214876,5.30827067669173,13.774319486519309,8.541555499957527,0.4235906009580584,1.0,0.0,21.0,0
202519,2025,19,americas,piastri,mclaren,6,21.0,6.640625,6.672413793103448,6.672413793103448,6.085714285714285,29.345566939780976,5.191286922451193,-1.7678957754813531,1.0,0.0,21.0,0
202519,2025,19,americas,russell,mercedes,4,21.0,9.773972602739724,10.014285714285714,10.014285714285714,8.333333333333334,19.74755909169963,3.754729842390034,0.3711587117237536,1.0,0.0,21.0,0
202519,2025,19,americas,tsunoda,red_bull,13,21.0,13.407407407407408,13.450980392156865,13.450980392156865,13.38888888888889,17.663108630330523,11.941848896715758,-0.0949695190254789,1.0,0.0,21.0,0
202519,2025,19,americas,hulkenberg,sauber,11,21.0,12.008064516129032,11.942148760330578,11.942148760330578,11.989247311827956,2.85556072677144,14.599997792220234,0.2401827676670457,1.0,0.0,21.0,0
202519,2025,19,americas,bearman,haas,8,21.0,12.0,11.533333333333331,11.533333333333331,12.105263157894736,1.769578432137018,11.596206882158471,2.128974937595068,1.0,0.0,21.0,0
202519,2025,19,americas,alonso,aston_martin,10,21.0,8.649289099526067,8.526184538653366,8.526184538653366,10.26,4.502927416517712,11.332475750997215,-1.4017621599360155,1.0,0.0,21.0,0
202519,2025,19,americas,lawson,rb,12,21.0,12.758620689655173,12.956521739130435,12.956521739130435,12.772727272727272,4.802040880079392,11.668526045029928,-0.7182644992939495,1.0,0.0,21.0,0
202519,2025,19,americas,stroll,aston_martin,19,21.0,12.464864864864865,12.41899441340782,12.41899441340782,12.875,4.502927416517712,13.374197309962298,1.6253548532288973,1.0,0.0,21.0,0
202519,2025,19,americas,antonelli,mercedes,7,21.0,10.666666666666666,12.416666666666666,12.416666666666666,10.666666666666666,19.74755909169963,9.951397867660472,-1.8168809995661956,1.0,0.0,21.0,0
202519,2025,19,americas,albon,williams,18,21.0,11.67479674796748,11.803418803418804,11.803418803418804,11.375,5.703823994602423,11.16328312030227,3.643638000211243,1.0,0.0,21.0,0
202519,2025,19,americas,ocon,haas,17,21.0,11.402298850574711,11.345238095238097,11.345238095238097,11.578947368421051,1.769578432137018,14.142961153630658,1.9389476616192731,1.0,0.0,21.0,0
202519,2025,19,americas,hadjar,rb,20,21.0,11.38888888888889,11.416666666666666,11.416666666666666,11.38888888888889,4.802040880079392,10.836791359720264,-0.9433962800340772,1.0,0.0,21.0,0
202519,2025,19,americas,colapinto,alpine,15,21.0,14.952380952380953,14.77777777777778,14.77777777777778,15.3125,0.855136411020425,16.34002585531656,-0.5534364102456112,1.0,0.0,21.0,0
202519,2025,19,americas,bortoleto,sauber,16,21.0,14.055555555555555,13.25,13.25,14.055555555555555,2.85556072677144,12.636819015197451,-0.5823727970339972,1.0,0.0,21.0,0
202519,2025,19,americas,gasly,alpine,14,21.0,11.581395348837209,11.39156626506024,11.39156626506024,12.18421052631579,0.855136411020425,15.600658506694014,0.0114817969854018,1.0,0.0,21.0,0
202519,2025,19,americas,sainz,williams,9,21.0,9.513274336283184,9.50909090909091,9.50909090909091,9.393617021276595,5.703823994602423,10.896666694682372,0.8444205408215203,1.0,0.0,21.0,0
202520,2025,20,rodriguez,norris,mclaren,1,27.0,7.340136054421769,7.524822695035461,7.524822695035461,6.597014925373134,29.100918405275344,4.451869624453375,-1.0684642123712151,2.0,0.0,27.0,1
202520,2025,20,rodriguez,leclerc,ferrari,2,27.0,7.446428571428571,7.506172839506172,7.506172839506172,6.92,16.178988670788524,6.422219294409723,-1.0976135119464163,2.0,0.0,27.0,0
202520,2025,20,rodriguez,max_verstappen,red_bull,5,27.0,5.521929824561403,5.603603603603603,5.603603603603603,4.90625,20.08799797027043,3.2146209513385644,-0.731798483766022,2.0,0.0,27.0,0
202520,2025,20,rodriguez,bearman,haas,9,27.0,11.863636363636363,11.375,11.375,11.95,1.8114732626575605,11.118388856960497,1.5531037942551216,2.0,0.0,27.0,0
202520,2025,20,rodriguez,piastri,mclaren,7,27.0,6.615384615384615,6.6440677966101696,6.6440677966101696,6.055555555555555,29.100918405275344,5.156507406745886,-1.2646409091244128,2.0,0.0,27.0,0
202520,2025,20,rodriguez,antonelli,mercedes,6,27.0,10.789473684210526,12.461538461538462,12.461538461538462,10.789473684210526,17.61163925684515,10.518208599334187,-2.594626549292798,2.0,0.0,27.0,0
202520,2025,20,rodriguez,russell,mercedes,4,27.0,9.748299319727892,9.98581560283688,9.98581560283688,8.298507462686567,17.61163925684515,4.162960780137364,-0.0599610540442682,2.0,0.0,27.0,0
202520,2025,20,rodriguez,hamilton,ferrari,3,27.0,5.165333333333334,5.12087912087912,5.12087912087912,5.298507462686567,16.178988670788524,7.715818136328886,0.5283923098747751,2.0,0.0,27.0,0
202520,2025,20,rodriguez,ocon,haas,11,27.0,11.422857142857143,11.366863905325443,11.366863905325443,11.623376623376624,1.8114732626575605,14.298786398425086,1.9500480867794052,2.0,0.0,27.0,0
202520,2025,20,rodriguez,bortoleto,sauber,16,27.0,14.263157894736842,13.615384615384617,13.615384615384617,14.263157894736842,3.063640594631178,13.633967349460944,-0.8459448465415158,2.0,0.0,27.0,0
202520,2025,20,rodriguez,tsunoda,red_bull,10,27.0,13.34862385321101,13.388349514563108,13.388349514563108,13.272727272727272,20.08799797027043,11.04333091521016,1.0132067575119177,2.0,0.0,27.0,0
202520,2025,20,rodriguez,albon,williams,17,27.0,11.693548387096774,11.822033898305085,11.822033898305085,11.421052631578949,4.66676508649289,11.679049825709908,3.708431091082938,2.0,0.0,27.0,0
202520,2025,20,rodriguez,hadjar,rb,8,27.0,11.63157894736842,11.76923076923077,11.76923076923077,11.63157894736842,3.928786337431037,11.796759876482772,-0.0242963316623393,2.0,0.0,27.0,0
202520,2025,20,rodriguez,stroll,aston_martin,19,27.0,12.46236559139785,12.416666666666666,12.416666666666666,12.864197530864198,3.866031522403703,13.124343253605517,2.602563061732735,2.0,0.0,27.0,0
202520,2025,20,rodriguez,gasly,alpine,18,27.0,11.624277456647398,11.437125748502996,11.437125748502996,12.272727272727272,0.6996570635129276,16.218720596386014,-0.8996967115573996,2.0,0.0,27.0,0
202520,2025,20,rodriguez,colapinto,alpine,20,27.0,15.045454545454543,14.894736842105264,14.894736842105264,15.411764705882351,0.6996570635129276,16.46149057550565,-0.8196687211333641,2.0,0.0,27.0,0
202520,2025,20,rodriguez,sainz,williams,12,27.0,9.559471365638766,9.55656108597285,9.55656108597285,9.505263157894737,4.66676508649289,12.551818204740124,-1.3091104666005755,2.0,0.0,27.0,0
202520,2025,20,rodriguez,alonso,aston_martin,14,27.0,8.652482269503546,8.529850746268657,8.529850746268657,10.258278145695364,3.866031522403703,11.090207432634084,-1.1468963126749216,2.0,0.0,27.0,0
202520,2025,20,rodriguez,hulkenberg,sauber,13,27.0,11.991967871485944,11.925925925925926,11.925925925925926,11.9468085106383,3.063640594631178,13.399998193634737,0.7419677190003104,2.0,0.0,27.0,0
202520,2025,20,rodriguez,lawson,rb,15,27.0,12.7,12.875,12.875,12.695652173913045,3.928786337431037,11.54667984479561,-0.4050919583092259,2.0,0.0,27.0,0
202521,2025,21,interlagos,norris,mclaren,1,30.0,7.297297297297297,7.47887323943662,7.47887323943662,6.514705882352941,30.17347869522528,3.824256965461773,-0.8741979919400605,2.0,0.0,30.0,1
202521,2025,21,interlagos,antonelli,mercedes,2,30.0,10.55,12.0,12.0,10.55,16.954977573782397,9.681597224776688,-2.114194086704172,2.0,0.0,30.0,0
202521,2025,21,interlagos,max_verstappen,red_bull,19,30.0,5.510917030567685,5.591928251121076,5.591928251121076,4.88659793814433,19.16290743022126,3.1755989601860977,-0.2351078503540176,2.0,0.0,30.0,0
202521,2025,21,interlagos,russell,mercedes,6,30.0,9.72972972972973,9.964788732394366,9.964788732394366,8.279411764705882,16.954977573782397,4.678786092839726,-0.5945135896726508,2.0,0.0,30.0,0
202521,2025,21,interlagos,piastri,mclaren,4,30.0,6.590909090909091,6.616666666666666,6.616666666666666,6.027027027027027,30.17347869522528,5.128051464229897,-0.6710687838369256,2.0,0.0,30.0,0
202521,2025,21,interlagos,bearman,haas,8,30.0,11.521739130434783,10.941176470588236,10.941176470588236,11.571428571428571,4.02756903308346,9.81119780490019,2.1860773460054617,2.0,0.0,30.0,0
202521,2025,21,interlagos,lawson,rb,7,30.0,12.935483870967742,13.16,13.16,13.0,3.214356992182895,13.086708215835593,-1.2421936670581777,2.0,0.0,30.0,0
202521,2025,21,interlagos,hadjar,rb,5,30.0,11.7,11.857142857142858,11.857142857142858,11.7,3.214356992182895,12.01955710939646,-0.9456195051811964,2.0,0.0,30.0,0
202521,2025,21,interlagos,hulkenberg,sauber,10,30.0,12.02,11.954918032786884,11.954918032786884,12.021052631578948,2.6884332137891453,14.418180340246604,-0.4838445935452013,2.0,0.0,30.0,0
202521,2025,21,interlagos,gasly,alpine,9,30.0,11.64367816091954,11.458333333333334,11.458333333333334,12.307692307692308,0.5724466882957976,15.99713503340674,-0.1906609458196899,2.0,0.0,30.0,0
202521,2025,21,interlagos,albon,williams,12,30.0,11.696,11.823529411764708,11.823529411764708,11.43103448275862,3.8182623434941823,11.737404402854304,3.9432618017981302,2.0,0.0,30.0,0
202521,2025,21,interlagos,ocon,haas,20,30.0,11.409090909090908,11.352941176470589,11.352941176470589,11.58974358974359,4.02756903308346,13.335370689620524,1.9591302528195136,2.0,0.0,30.0,0
202521,2025,21,interlagos,sainz,williams,15,30.0,9.592105263157896,9.59009009009009,9.59009009009009,9.583333333333334,3.8182623434941823,13.360578531151008,-1.980181290855017,2.0,0.0,30.0,0
202521,2025,21,interlagos,alonso,aston_martin,11,30.0,8.674528301886792,8.553349875930522,8.553349875930522,10.30921052631579,3.1631166999663534,12.346533353973342,-1.665642437643118,2.0,0.0,30.0,0
202521,2025,21,interlagos,colapinto,alpine,16,30.0,15.08695652173913,14.95,14.95,15.444444444444445,0.5724466882957976,16.376744383209445,0.0653950134784356,2.0,0.0,30.0,0
202521,2025,21,interlagos,stroll,aston_martin,14,30.0,12.470588235294118,12.425414364640885,12.425414364640885,12.878048780487806,3.1631166999663534,13.283553571131788,3.0384606868722384,2.0,0.0,30.0,0
202521,2025,21,interlagos,tsunoda,red_bull,17,30.0,13.327272727272728,13.365384615384617,13.365384615384617,13.232142857142858,19.16290743022126,11.03545256698809,0.6471691651421801,2.0,0.0,30.0,0
202521,2025,21,interlagos,hamilton,ferrari,13,30.0,5.172872340425532,5.128767123287672,5.128767123287672,5.318518518518519,17.237354367008795,7.767487566087269,-0.4767699282842755,2.0,0.0,30.0,0
202521,2025,21,interlagos,leclerc,ferrari,3,30.0,7.414201183431953,7.47239263803681,7.47239263803681,6.855263157894737,17.237354367008795,5.618179422698863,-0.8980474188652492,2.0,0.0,30.0,0
202521,2025,21,interlagos,bortoleto,sauber,18,30.0,14.05,13.357142857142858,13.357142857142858,14.05,2.6884332137891453,12.961085973471,0.4216804085327916,2.0,0.0,30.0,0
202522,2025,22,vegas,max_verstappen,red_bull,2,23.0,5.5,2.5,2.5,4.86734693877551,18.40601517018103,3.143671876515898,2.716729940619442,1.0,1.0,23.0,1
202522,2025,22,vegas,russell,mercedes,4,23.0,9.691275167785236,4.166666666666667,4.166666666666667,8.217391304347826,19.32679983309469,4.555370439596127,-0.1227838460957562,1.0,1.0,23.0,0
202522,2025,22,vegas,antonelli,mercedes,17,23.0,10.142857142857142,7.166666666666667,7.166666666666667,10.142857142857142,19.32679983309469,8.263982545229446,-1.7240261977843077,1.0,1.0,23.0,0
202522,2025,22,vegas,leclerc,ferrari,9,23.0,7.482352941176471,5.833333333333333,5.833333333333333,7.012987012987013,14.103289936643556,8.051237709480892,-3.643856979071572,1.0,1.0,23.0,0
202522,2025,22,vegas,sainz,williams,3,23.0,9.60698689956332,9.666666666666666,9.666666666666666,9.618556701030927,3.1240328264952395,13.29501879821446,-1.2565119652450134,1.0,1.0,23.0,0
202522,2025,22,vegas,hadjar,rb,8,23.0,11.523809523809524,11.333333333333334,11.333333333333334,11.523809523809524,4.448258014605663,11.27776044955863,-1.324748983284668,1.0,1.0,23.0,0
202522,2025,22,vegas,hulkenberg,sauber,11,23.0,12.00796812749004,14.666666666666666,14.666666666666666,11.989583333333334,2.563263538554755,13.433056642019949,-0.2140546674460736,1.0,1.0,23.0,0
202522,2025,22,vegas,hamilton,ferrari,19,23.0,5.206896551724138,7.666666666666667,7.666666666666667,5.411764705882353,14.103289936643556,9.62794437225322,-1.2991753958689534,1.0,1.0,23.0,0
202522,2025,22,vegas,ocon,haas,13,23.0,11.412429378531073,13.0,13.0,11.59493670886076,4.749829208886468,13.09257601878043,3.0574702068523303,1.0,1.0,23.0,0
202522,2025,22,vegas,bearman,haas,14,23.0,11.291666666666666,13.166666666666666,13.166666666666666,11.318181818181818,4.749829208886468,9.112595231208028,2.151968879460355,1.0,1.0,23.0,0
202522,2025,22,vegas,alonso,aston_martin,7,23.0,8.687058823529412,14.0,14.0,10.333333333333334,2.588004572577821,12.647163653250916,-1.908252903526188,1.0,1.0,23.0,0
202522,2025,22,vegas,tsunoda,red_bull,20,23.0,13.36036036036036,12.666666666666666,12.666666666666666,13.298245614035087,18.40601517018103,12.11991573685652,0.5295020441822931,1.0,1.0,23.0,0
202522,2025,22,vegas,gasly,alpine,10,23.0,11.634285714285712,16.833333333333332,16.833333333333332,12.278481012658228,0.6501836540766781,14.906746845514604,-0.3378135011252009,1.0,1.0,23.0,0
202522,2025,22,vegas,lawson,rb,6,23.0,12.75,12.0,12.0,12.76,4.448258014605663,11.978231304862543,-1.0159723746839868,1.0,1.0,23.0,0
202522,2025,22,vegas,colapinto,alpine,15,23.0,15.083333333333334,16.0,16.0,15.421052631578949,0.6501836540766781,16.12438351960123,0.2367105637051948,1.0,1.0,23.0,0
202522,2025,22,vegas,albon,williams,16,23.0,11.69047619047619,9.166666666666666,9.166666666666666,11.423728813559322,3.1240328264952395,11.603330875061213,3.4081232923746967,1.0,1.0,23.0,0
202522,2025,22,vegas,bortoleto,sauber,18,23.0,14.333333333333334,15.666666666666666,15.666666666666666,14.333333333333334,2.563263538554755,14.26009548413544,-0.0252331168516178,1.0,1.0,23.0,0
202522,2025,22,vegas,stroll,aston_martin,12,23.0,12.48936170212766,13.833333333333334,13.833333333333334,12.91566265060241,2.588004572577821,13.7774529218351,2.12237692562274,1.0,1.0,23.0,0
202522,2025,22,vegas,norris,mclaren,1,23.0,7.25503355704698,3.0,3.0,6.434782608695652,31.051028023366136,3.3107556990141243,-0.7152529024963967,1.0,1.0,23.0,0
202522,2025,22,vegas,piastri,mclaren,5,23.0,6.567164179104478,6.333333333333333,6.333333333333333,6.0,31.051028023366136,5.104769346098781,-0.7308745461355209,1.0,1.0,23.0,0
202523,2025,23,losail,max_verstappen,red_bull,3,30.0,5.48051948051948,5.580357142857143,5.580357142857143,4.828282828282828,19.60492150287539,2.753913353513007,2.4045972241431794,2.0,0.0,30.0,1
202523,2025,23,losail,piastri,mclaren,1,30.0,6.764705882352941,6.590163934426229,6.590163934426229,6.358974358974359,25.40538656457229,7.812996311117603,-3.3252640671377307,2.0,0.0,30.0,0
202523,2025,23,losail,sainz,williams,7,30.0,9.58695652173913,9.605381165919283,9.605381165919283,9.571428571428571,4.374208676223378,11.786833562175463,-1.3916916079277382,2.0,0.0,30.0,0
202523,2025,23,losail,norris,mclaren,2,30.0,7.333333333333333,7.433566433566433,7.433566433566433,6.614285714285714,25.40538656457229,6.16334557192089,-3.857934192951865,2.0,0.0,30.0,0
202523,2025,23,losail,antonelli,mercedes,5,30.0,9.818181818181818,11.333333333333334,11.333333333333334,9.818181818181818,21.81283622707748,7.295174642545278,1.169896932001134,2.0,0.0,30.0,0
202523,2025,23,losail,russell,mercedes,4,30.0,9.64,9.923076923076923,9.923076923076923,8.128571428571428,21.81283622707748,4.090757632396791,0.263176853194414,2.0,0.0,30.0,0
202523,2025,23,losail,alonso,aston_martin,8,30.0,8.692488262910798,8.566831683168317,8.566831683168317,10.337662337662335,2.117458286572963,12.347679352659842,-2.2885705574305177,2.0,0.0,30.0,0
202523,2025,23,losail,leclerc,ferrari,10,30.0,7.461988304093567,7.542682926829267,7.542682926829267,6.974358974358975,14.448146311799272,7.314649035029819,-2.072246619240375,2.0,0.0,30.0,0
202523,2025,23,losail,lawson,rb,12,30.0,12.787878787878787,12.923076923076923,12.923076923076923,12.807692307692308,5.094092556913937,12.346315382000745,-2.287487444313335,2.0,0.0,30.0,0
202523,2025,23,losail,tsunoda,red_bull,15,30.0,13.348214285714286,13.4,13.4,13.275862068965518,19.60492150287539,12.0981128756061,1.8877744000211083,2.0,0.0,30.0,0
202523,2025,23,losail,albon,williams,14,30.0,11.724409448818898,11.816666666666666,11.816666666666666,11.5,4.374208676223378,12.402725261420551,2.788464511937636,2.0,0.0,30.0,0
202523,2025,23,losail,hamilton,ferrari,17,30.0,5.214285714285714,5.163934426229508,5.163934426229508,5.430656934306569,14.448146311799272,9.331954486389,0.9370383124708578,2.0,0.0,30.0,0
202523,2025,23,losail,bortoleto,sauber,19,30.0,14.454545454545457,13.8,13.8,14.454545454545457,3.188124713362982,14.764360292151428,0.1634555684099847,2.0,0.0,30.0,0
202523,2025,23,losail,colapinto,alpine,20,30.0,15.08,14.952380952380953,14.952380952380953,15.4,0.5319684442240501,15.918586560034791,0.1933852094479004,2.0,0.0,30.0,0
202523,2025,23,losail,ocon,haas,16,30.0,11.398876404494382,11.35672514619883,11.35672514619883,11.5625,4.431678443634382,12.348471288093078,3.2288392601519065,2.0,0.0,30.0,0
202523,2025,23,losail,gasly,alpine,9,30.0,11.642045454545457,11.449704142011834,11.449704142011834,12.2875,0.5319684442240501,14.560065600875586,-0.8218474100115283,2.0,0.0,30.0,0
202523,2025,23,losail,stroll,aston_martin,18,30.0,12.51851851851852,12.445054945054943,12.445054945054943,12.976190476190476,2.117458286572963,14.545188754228716,0.6455811209640588,2.0,0.0,30.0,0
202523,2025,23,losail,hadjar,rb,6,30.0,11.272727272727272,11.6,11.6,11.272727272727272,5.094092556913937,10.306416797091506,-0.7128466713428374,2.0,0.0,30.0,0
202523,2025,23,losail,bearman,haas,13,30.0,11.24,10.666666666666666,10.666666666666666,11.26086956521739,4.431678443634382,9.275017749982506,2.490215731322876,2.0,0.0,30.0,0
202523,2025,23,losail,hulkenberg,sauber,11,30.0,11.988095238095235,11.942857142857145,11.942857142857145,11.938144329896907,3.188124713362982,12.2634099798345,0.5521370902713948,2.0,0.0,30.0,0
202524,2025,24,yas_marina,max_verstappen,red_bull,1,27.0,5.461206896551724,5.56,5.56,4.79,20.767663047807137,2.435020016510642,2.3310340924807837,2.0,0.0,27.0,1
202524,2025,24,yas_marina,piastri,mclaren,3,27.0,6.695652173913044,6.516129032258065,6.516129032258065,6.25,26.240770825559142,6.7560868660281805,-2.9024883722375536,2.0,0.0,27.0,0
202524,2025,24,yas_marina,norris,mclaren,2,27.0,7.311258278145695,7.409722222222222,7.409722222222222,6.577464788732394,26.240770825559142,5.770010013389792,-3.520127976051502,2.0,0.0,27.0,0
202524,2025,24,yas_marina,leclerc,ferrari,5,27.0,7.465116279069767,7.545454545454546,7.545454545454546,6.987341772151899,12.548483346017584,7.439258301388033,-1.3318381430148512,2.0,0.0,27.0,0
202524,2025,24,yas_marina,russell,mercedes,4,27.0,9.6158940397351,9.895833333333334,9.895833333333334,8.098591549295774,21.119593276699757,4.437892608324671,-0.1483098473864171,2.0,0.0,27.0,0
202524,2025,24,yas_marina,alonso,aston_martin,6,27.0,8.688524590163935,8.562962962962963,8.562962962962963,10.316129032258065,2.8233749618416963,11.375374015812598,-1.6906486378976957,2.0,0.0,27.0,0
202524,2025,24,yas_marina,ocon,haas,8,27.0,11.41899441340782,11.377906976744184,11.377906976744184,11.604938271604938,3.625918726609949,12.830567417530702,2.823595758306105,2.0,0.0,27.0,0
202524,2025,24,yas_marina,hamilton,ferrari,16,27.0,5.232189973614776,5.182561307901907,5.182561307901907,5.478260869565218,12.548483346017584,9.81705367068191,1.6757586192943388,2.0,0.0,27.0,0
202524,2025,24,yas_marina,hulkenberg,sauber,18,27.0,12.019762845849804,11.975609756097562,11.975609756097562,12.020408163265309,2.6084656745697123,13.670062710773683,-1.1846151079597689,2.0,0.0,27.0,0
202524,2025,24,yas_marina,stroll,aston_martin,15,27.0,12.542105263157897,12.469945355191255,12.469945355191255,13.023529411764706,2.8233749618416963,14.991518071641678,0.7100209171524118,2.0,0.0,27.0,0
202524,2025,24,yas_marina,bortoleto,sauber,7,27.0,14.391304347826088,13.75,13.75,14.391304347826088,2.6084656745697123,14.4403605735556,1.235254090412141,2.0,0.0,27.0,0
202524,2025,24,yas_marina,bearman,haas,11,27.0,11.538461538461538,11.105263157894736,11.105263157894736,11.583333333333334,3.625918726609949,11.052834239685442,0.9381259546804628,2.0,0.0,27.0,0
202524,2025,24,yas_marina,sainz,williams,12,27.0,9.558441558441558,9.575892857142858,9.575892857142858,9.505050505050503,6.306170735091856,10.18922745996174,-0.4113840428499669,2.0,0.0,27.0,0
202524,2025,24,yas_marina,tsunoda,red_bull,10,27.0,13.31858407079646,13.367924528301886,13.367924528301886,13.220338983050848,20.767663047807137,11.716637807259945,2.4536336000975747,2.0,0.0,27.0,0
202524,2025,24,yas_marina,antonelli,mercedes,14,27.0,9.608695652173912,10.9375,10.9375,9.608695652173912,21.119593276699757,6.873698404601741,0.955061969754118,2.0,0.0,27.0,0
202524,2025,24,yas_marina,albon,williams,17,27.0,11.71875,11.8099173553719,11.8099173553719,11.491803278688524,6.306170735091856,12.14768430479685,2.8269255097674257,2.0,0.0,27.0,0
202524,2025,24,yas_marina,hadjar,rb,9,27.0,11.565217391304348,12.0,12.0,11.565217391304348,4.531485176889162,11.719234124609311,-2.7855721336538988,2.0,0.0,27.0,0
202524,2025,24,yas_marina,lawson,rb,13,27.0,12.676470588235292,12.77777777777778,12.77777777777778,12.666666666666666,4.531485176889162,11.737231315308874,-1.325078350273002,2.0,0.0,27.0,0
202524,2025,24,yas_marina,gasly,alpine,19,27.0,11.666666666666666,11.476470588235294,11.476470588235294,12.333333333333334,0.4352469088968601,14.821871855261842,-1.945147880918524,2.0,0.0,27.0,0
202524,2025,24,yas_marina,colapinto,alpine,20,27.0,15.038461538461538,14.909090909090908,14.909090909090908,15.333333333333334,0.4352469088968601,15.56785123366994,1.2548879719828054,2.0,0.0,27.0,0
202601,2026,1,albert_park,russell,mercedes,1,30.0,9.585526315789474,3.0,3.857142857142857,8.055555555555555,19.097849044572524,4.540093952265646,-0.3031626024070774,2.0,1.0,30.0,1
202601,2026,1,albert_park,antonelli,mercedes,2,30.0,9.833333333333334,4.0,6.571428571428571,9.833333333333334,19.097849044572524,8.363270843440985,0.596693972679334,2.0,1.0,30.0,0
202601,2026,1,albert_park,leclerc,ferrari,4,30.0,7.445086705202312,8.0,5.571428571428571,6.95,13.176031828559845,6.813938610226572,-0.907867571557605,2.0,1.0,30.0,0
202601,2026,1,albert_park,hamilton,ferrari,7,30.0,5.239473684210527,10.0,7.714285714285714,5.496402877697841,13.176031828559845,9.486680276012471,2.8256206885135504,2.0,1.0,30.0,0
202601,2026,1,albert_park,norris,mclaren,6,30.0,7.282894736842105,1.0,5.285714285714286,6.527777777777778,27.469721584548395,5.266371829137074,-3.061922889496657,2.0,1.0,30.0,0
202601,2026,1,albert_park,max_verstappen,red_bull,20,30.0,5.44206008583691,2.0,2.2857142857142856,4.752475247524752,21.537178857296748,2.17410728623598,1.907209712029732,2.0,1.0,30.0,0
202601,2026,1,albert_park,bearman,haas,12,30.0,11.555555555555555,14.0,12.714285714285714,11.6,4.057569867226322,11.225813450114664,0.5841694336574998,2.0,1.0,30.0,0
202601,2026,1,albert_park,arvid_lindblad,rb,9,30.0,10.5,10.5,10.5,10.5,3.707524743258362,10.5,0.0,2.0,1.0,30.0,0
202601,2026,1,albert_park,bortoleto,audi,10,30.0,14.25,16.0,15.857142857142858,14.25,0.0,13.80973343895115,0.275618257081228,2.0,1.0,30.0,0
202601,2026,1,albert_park,gasly,alpine,14,30.0,11.707865168539326,11.0,16.285714285714285,12.414634146341465,0.3561111072700604,15.581531517941508,-1.5914846298424283,2.0,1.0,30.0,0
202601,2026,1,albert_park,ocon,haas,13,30.0,11.394444444444444,13.0,12.428571428571429,11.548780487804878,4.057569867226322,11.770464250706938,2.49203289315954,2.0,1.0,30.0,0
202601,2026,1,albert_park,albon,williams,15,30.0,11.751937984496124,5.0,10.142857142857142,11.564516129032258,5.159594237802427,12.84810534029234,2.4947572352623566,2.0,1.0,30.0,0
202601,2026,1,albert_park,lawson,rb,8,30.0,12.82857142857143,15.0,12.285714285714286,12.857142857142858,3.707524743258362,12.876931690810425,-1.9938416073881249,2.0,1.0,30.0,0
202601,2026,1,albert_park,colapinto,alpine,16,30.0,15.22222222222222,15.75,15.75,15.545454545454543,0.3561111072700604,16.377286737176753,1.0257099973708168,2.0,1.0,30.0,0
202601,2026,1,albert_park,sainz,williams,21,30.0,9.573275862068966,18.0,9.0,9.54,5.159594237802427,10.70027701269597,-0.5184051259681548,2.0,1.0,30.0,0
202601,2026,1,albert_park,perez,cadillac,18,30.0,9.332155477031804,9.332155477031804,10.5,9.010416666666666,0.0,13.331567115329593,-2.704534569957865,2.0,1.0,30.0,0
202601,2026,1,albert_park,stroll,aston_martin,22,30.0,12.528795811518323,6.0,14.428571428571429,12.988372093023257,3.946397696182695,14.08396933134319,1.490017114033792,2.0,1.0,30.0,0
202601,2026,1,albert_park,alonso,aston_martin,17,30.0,8.682242990654206,17.0,13.571428571428571,10.288461538461538,3.946397696182695,10.398033285664852,-1.383257976461751,2.0,1.0,30.0,0
202601,2026,1,albert_park,bottas,cadillac,19,30.0,8.96761133603239,8.96761133603239,10.5,8.693181818181818,0.0,15.4863014324995,-1.4912453812044282,2.0,1.0,30.0,0
202601,2026,1,albert_park,hadjar,red_bull,3,30.0,11.791666666666666,20.0,10.571428571428571,11.791666666666666,21.537178857296748,12.687212387734464,-3.741390465380954,2.0,1.0,30.0,0
202601,2026,1,albert_park,piastri,mclaren,5,30.0,6.628571428571429,9.0,8.285714285714286,6.146341463414634,27.469721584548395,5.891343113397013,-2.1929444688844213,2.0,1.0,30.0,0
202601,2026,1,albert_park,hulkenberg,audi,11,30.0,12.007874015748031,7.0,13.571428571428571,11.98989898989899,0.0,12.820960399723925,0.667133093487463,2.0,1.0,30.0,0
202602,2026,2,shanghai,antonelli,mercedes,1,19.0,9.52,6.0,11.176470588235292,9.52,23.44369467283207,7.198595472761096,0.4874805208381176,1.0,0.0,22.0,1
202602,2026,2,shanghai,russell,mercedes,2,19.0,9.529411764705882,3.0,9.862068965517242,7.958904109589041,23.44369467283207,3.8964405063991343,-0.2480421292421516,1.0,0.0,22.0,0
202602,2026,2,shanghai,hamilton,ferrari,3,19.0,5.2362204724409445,19.0,5.190217391304348,5.485714285714286,15.68948058700351,8.489102044010204,2.857326017874723,1.0,0.0,22.0,0
202602,2026,2,shanghai,leclerc,ferrari,4,19.0,7.419540229885057,18.0,7.524096385542169,6.901234567901234,15.68948058700351,6.1204952265490125,-0.5609825585471311,1.0,0.0,22.0,0
202602,2026,2,shanghai,bearman,haas,10,19.0,11.392857142857142,8.0,11.15,11.423076923076923,4.410738982276081,10.45468525542454,1.3899720306909211,1.0,0.0,22.0,0
202602,2026,2,shanghai,gasly,alpine,7,19.0,11.69832402234637,20.0,11.52046783625731,12.385542168674698,0.4731818150502623,14.566707605588505,-0.574851060780168,1.0,0.0,22.0,0
202602,2026,2,shanghai,lawson,rb,14,19.0,12.833333333333334,12.0,12.964285714285714,12.862068965517242,3.760704916253049,12.89932406603778,-2.540814480937117,1.0,0.0,22.0,0
202602,2026,2,shanghai,hadjar,red_bull,9,19.0,12.12,11.0,12.294117647058824,12.12,19.07587361051552,14.02567869422489,-6.168126078929346,1.0,0.0,22.0,0
202602,2026,2,shanghai,sainz,williams,17,19.0,9.59656652360515,10.0,9.591111111111111,9.594059405940596,4.221486194565621,11.48204482856943,0.6667594423896923,1.0,0.0,22.0,0
202602,2026,2,shanghai,colapinto,alpine,12,19.0,15.178571428571429,15.130434782608695,15.130434782608695,15.478260869565217,0.4731818150502623,15.943478465339732,1.2034988419805317,1.0,0.0,22.0,0
202602,2026,2,shanghai,hulkenberg,audi,11,19.0,12.047058823529412,15.0,11.963562753036438,12.09,2.0,14.489876690683213,-1.454163832601168,1.0,0.0,22.0,0
202602,2026,2,shanghai,arvid_lindblad,rb,15,19.0,8.0,8.0,10.5,8.0,3.760704916253049,8.0,1.0,1.0,0.0,22.0,0
202602,2026,2,shanghai,bottas,cadillac,19,19.0,9.008064516129032,8.96761133603239,8.96761133603239,8.808988764044944,0.0,16.12515571749959,-1.2201098573490774,1.0,0.0,22.0,0
202602,2026,2,shanghai,ocon,haas,13,19.0,11.392265193370166,5.0,11.352601156069364,11.542168674698797,4.410738982276081,11.630379841487494,2.402572367130533,1.0,0.0,22.0,0
202602,2026,2,shanghai,perez,cadillac,21,19.0,9.355633802816902,9.332155477031804,9.332155477031804,9.082474226804123,0.0,13.816736730724212,-1.849164648147344,1.0,0.0,22.0,0
202602,2026,2,shanghai,max_verstappen,red_bull,8,19.0,5.444444444444445,4.0,5.539823008849558,4.764705882352941,19.07587361051552,2.869724143283984,4.105898855297055,1.0,0.0,22.0,0
202602,2026,2,shanghai,alonso,aston_martin,18,19.0,8.703962703962704,17.0,8.556650246305418,10.337579617834397,3.2288708422631296,11.780209051907606,-1.3135747080141598,1.0,0.0,22.0,0
202602,2026,2,shanghai,stroll,aston_martin,20,19.0,12.552083333333334,9.0,12.456521739130435,13.03448275862069,3.2288708422631296,14.61415672564443,2.128195820573103,1.0,0.0,22.0,0
202602,2026,2,shanghai,piastri,mclaren,5,19.0,6.830985915492958,1.0,6.444444444444445,6.5,24.29340856917596,8.638373421437695,-4.703319831396412,1.0,0.0,22.0,0
202602,2026,2,shanghai,norris,mclaren,6,19.0,7.26797385620915,2.0,7.379310344827586,6.506849315068493,24.29340856917596,5.217940587475786,-2.323391455042685,1.0,0.0,22.0,0
202602,2026,2,shanghai,bortoleto,audi,16,19.0,14.04,14.0,13.588235294117649,14.04,2.0,12.929403461852036,0.4082025200656155,1.0,0.0,22.0,0
202602,2026,2,shanghai,albon,williams,22,19.0,11.753846153846156,7.0,11.844262295081966,11.571428571428571,4.221486194565621,12.693904369329374,2.5866195561241767,1.0,0.0,22.0,0
202603,2026,3,suzuka,antonelli,mercedes,1,29.0,9.192307692307692,6.0,10.61111111111111,9.192307692307692,26.99938655049897,6.065435024632482,0.3983645835464662,1.0,0.0,25.0,1
202603,2026,3,suzuka,piastri,mclaren,3,29.0,7.0,3.0,6.640625,6.790697674418604,19.876425192962145,10.522306527213164,-6.393626214341619,1.0,0.0,25.0,0
202603,2026,3,suzuka,leclerc,ferrari,4,29.0,7.4,4.0,7.502994011976048,6.865853658536586,17.74593866209378,5.7349506399037375,-0.4589857297203799,1.0,0.0,25.0,0
202603,2026,3,suzuka,russell,mercedes,2,29.0,9.48051948051948,5.0,9.808219178082192,7.878378378378378,26.99938655049897,3.551633141599279,-0.2029435602890314,1.0,0.0,25.0,0
202603,2026,3,suzuka,norris,mclaren,5,29.0,7.35064935064935,2.0,7.465753424657534,6.6891891891891895,19.876425192962145,7.905587753389383,-4.446411190489551,1.0,0.0,25.0,0
202603,2026,3,suzuka,hamilton,ferrari,6,29.0,5.230366492146596,7.0,5.184281842818428,5.468085106382978,17.74593866209378,7.491083490553803,2.337812196442955,1.0,0.0,25.0,0
202603,2026,3,suzuka,gasly,alpine,7,29.0,11.666666666666666,13.0,11.488372093023257,12.30952380952381,2.023512394252538,13.009124404572413,-0.2885145042746827,1.0,0.0,25.0,0
202603,2026,3,suzuka,max_verstappen,red_bull,11,29.0,5.48936170212766,1.0,5.58590308370044,4.87378640776699,16.334805681330877,5.257047026323261,1.904826336152135,1.0,0.0,25.0,0
202603,2026,3,suzuka,lawson,rb,14,29.0,12.675675675675675,17.0,12.758620689655173,12.666666666666666,4.1678673524639445,11.826079746209636,-0.8050859748275655,1.0,0.0,25.0,0
202603,2026,3,suzuka,ocon,haas,12,29.0,11.406593406593409,18.0,11.367816091954024,11.571428571428571,5.426968258225886,12.061219870307951,1.783922845834072,1.0,0.0,25.0,0
202603,2026,3,suzuka,hulkenberg,audi,13,29.0,12.04296875,16.0,11.959677419354838,12.07920792079208,0.8999999999999999,13.855353656013538,-1.1897704084918646,1.0,0.0,25.0,0
202603,2026,3,suzuka,hadjar,red_bull,8,29.0,11.961538461538462,8.0,12.055555555555555,11.961538461538462,16.334805681330877,12.924129028751167,-4.857726489936027,1.0,0.0,25.0,0
202603,2026,3,suzuka,bortoleto,audi,9,29.0,14.307692307692308,19.0,14.0,14.307692307692308,0.8999999999999999,14.404782978069976,-0.5804668031928749,1.0,0.0,25.0,0
202603,2026,3,suzuka,arvid_lindblad,rb,10,29.0,10.0,12.0,12.0,10.0,4.1678673524639445,10.2,2.1,1.0,0.0,25.0,0
202603,2026,3,suzuka,sainz,williams,16,29.0,9.594017094017094,14.0,9.58849557522124,9.588235294117649,3.817579613735508,11.030763950647716,2.000075907409749,1.0,0.0,25.0,0
202603,2026,3,suzuka,colapinto,alpine,15,29.0,15.0,14.916666666666666,14.916666666666666,15.25,2.023512394252538,14.859627807320177,1.3487485150915106,1.0,0.0,25.0,0
202603,2026,3,suzuka,perez,cadillac,19,29.0,9.375438596491229,9.352112676056338,9.352112676056338,9.142857142857142,0.0,14.031875506956172,-0.4220438030296439,1.0,0.0,25.0,0
202603,2026,3,suzuka,alonso,aston_martin,21,29.0,8.723255813953488,11.0,8.577395577395578,10.379746835443038,2.641803416351474,12.72926195156077,-0.892924761102494,1.0,0.0,25.0,0
202603,2026,3,suzuka,bottas,cadillac,20,29.0,9.024096385542167,8.983870967741936,8.983870967741936,8.855555555555556,0.0,15.55694558704512,0.0926373894416647,1.0,0.0,25.0,0
202603,2026,3,suzuka,albon,williams,17,29.0,11.83206106870229,9.0,11.926829268292684,11.734375,3.817579613735508,14.385921756730518,2.1163250913725244,1.0,0.0,25.0,0
202603,2026,3,suzuka,stroll,aston_martin,22,29.0,12.580310880829016,20.0,12.486486486486486,13.090909090909092,2.641803416351474,15.229764593709078,2.1048874895598115,1.0,0.0,25.0,0
202603,2026,3,suzuka,bearman,haas,18,29.0,11.172413793103448,10.0,10.857142857142858,11.185185185185183,5.426968258225886,9.459970756523177,2.0482954708821017,1.0,0.0,25.0,0
202604,2026,4,miami,antonelli,mercedes,1,22.0,8.88888888888889,6.0,6.0,8.88888888888889,28.817679904953703,5.140343569943005,0.3256119630316061,1.0,1.0,20.0,1
202604,2026,4,miami,norris,mclaren,4,22.0,7.335483870967742,2.0,5.25,6.666666666666667,21.35343879424176,7.377299070954933,-3.637972792218698,1.0,1.0,20.0,0
202604,2026,4,miami,piastri,mclaren,7,22.0,6.931506849315069,1.0,9.875,6.681818181818182,21.35343879424176,8.972795576202062,-5.049329954846312,1.0,1.0,20.0,0
202604,2026,4,miami,russell,mercedes,5,22.0,9.44516129032258,3.0,3.5,7.826666666666667,28.817679904953703,3.6331543885812314,-0.529681094781945,1.0,1.0,20.0,0
202604,2026,4,miami,max_verstappen,red_bull,2,22.0,5.5,4.0,2.75,4.903846153846154,14.092113739270715,5.7557657488099405,2.1039488204881107,1.0,1.0,20.0,0
202604,2026,4,miami,hamilton,ferrari,6,22.0,5.232375979112272,8.0,7.25,5.471830985915493,18.701222541713094,7.219977401362202,1.9127554334533263,1.0,1.0,20.0,0
202604,2026,4,miami,colapinto,alpine,8,22.0,15.033333333333331,15.4,15.4,15.28,2.746510140798057,15.067473140443576,0.9206633507250498,1.0,1.0,20.0,0
202604,2026,4,miami,leclerc,ferrari,3,22.0,7.375,7.0,5.25,6.819277108433735,18.701222541713094,5.237686887193966,-0.193715597043947,1.0,1.0,20.0,0
202604,2026,4,miami,sainz,williams,13,22.0,9.617021276595745,9.0,9.75,9.640776699029129,3.1234742294199607,11.75244323234813,1.81824392424434,1.0,1.0,20.0,0
202604,2026,4,miami,albon,williams,15,22.0,11.893939393939394,5.0,10.375,11.861538461538462,3.1234742294199607,15.406663255509988,1.1860841656655128,1.0,1.0,20.0,0
202604,2026,4,miami,bearman,haas,12,22.0,11.533333333333331,19.0,12.0,11.571428571428571,4.622064938548451,11.745528552669288,0.9459273185860668,1.0,1.0,20.0,0
202604,2026,4,miami,bortoleto,audi,21,22.0,14.25925925925926,18.0,15.0,14.25925925925926,0.5382059800664452,14.14822994316059,-1.2049701131771493,1.0,1.0,20.0,0
202604,2026,4,miami,ocon,haas,14,22.0,11.398907103825136,12.0,12.25,11.552941176470588,4.622064938548451,11.68645262116105,1.823209601136968,1.0,1.0,20.0,0
202604,2026,4,miami,arvid_lindblad,rb,16,22.0,11.333333333333334,8.0,8.0,11.333333333333334,3.773695493209205,11.727574750830565,-0.3521594684385383,1.0,1.0,20.0,0
202604,2026,4,miami,alonso,aston_martin,17,22.0,8.74477958236659,15.0,14.125,10.427672955974844,2.161475522438841,13.687577960367904,-0.1851202590838583,1.0,1.0,20.0,0
202604,2026,4,miami,perez,cadillac,20,22.0,9.402097902097902,16.0,16.0,9.22222222222222,0.0,14.571534505691416,0.0183277975212006,1.0,1.0,20.0,0
202604,2026,4,miami,stroll,aston_martin,18,22.0,12.623711340206183,16.0,14.75,13.179775280898877,2.161475522438841,16.27889830394379,1.9039988550943912,1.0,1.0,20.0,0
202604,2026,4,miami,bottas,cadillac,19,22.0,9.064,19.0,19.0,8.967032967032967,0.0,16.182955480309644,0.2576124095431804,1.0,1.0,20.0,0
202604,2026,4,miami,hulkenberg,audi,10,22.0,12.038910505836576,14.0,14.625,12.068627450980392,0.5382059800664452,13.336198445829256,-0.6098121524024342,1.0,1.0,20.0,0
202604,2026,4,miami,lawson,rb,11,22.0,12.578947368421051,17.0,12.375,12.548387096774194,3.773695493209205,11.311996265404408,0.2508993731851861,1.0,1.0,20.0,0
202604,2026,4,miami,gasly,alpine,9,22.0,11.640883977900552,13.0,15.5,12.24705882352941,2.746510140798057,11.916556331013792,-0.2360573216792858,1.0,1.0,20.0,0
202604,2026,4,miami,hadjar,red_bull,22,22.0,11.962962962962964,11.0,11.75,11.962962962962964,14.092113739270715,12.755356975932228,-4.701081415536285,1.0,1.0,20.0,0
202605,2026,5,villeneuve,antonelli,mercedes,2,30.0,8.607142857142858,3.0,10.105263157894736,8.607142857142858,30.3053744676894,4.384811954509205,0.2661941566882483,2.0,0.0,30.0,1
202605,2026,5,villeneuve,hamilton,ferrari,5,30.0,5.234375,6.0,5.186486486486486,5.475524475524476,17.482818443219802,6.998163328387257,1.564981718279994,2.0,0.0,30.0,0
202605,2026,5,villeneuve,max_verstappen,red_bull,6,30.0,5.4978902953586495,2.0,5.596491228070176,4.904761904761905,13.348093059403311,5.618353794480861,1.1759581258539082,2.0,0.0,30.0,0
202605,2026,5,villeneuve,leclerc,ferrari,8,30.0,7.378531073446328,5.0,7.476190476190476,6.833333333333333,17.482818443219802,5.739925634976882,-1.0675854884905027,2.0,0.0,30.0,0
202605,2026,5,villeneuve,hadjar,red_bull,7,30.0,12.321428571428571,16.0,12.052631578947368,12.321428571428571,13.348093059403311,14.442323277180238,-3.843226124987333,2.0,0.0,30.0,0
202605,2026,5,villeneuve,colapinto,alpine,10,30.0,14.774193548387096,13.0,14.96,14.961538461538462,3.3380537515928266,13.59773849289955,0.935116925001596,2.0,0.0,30.0,0
202605,2026,5,villeneuve,lawson,rb,12,30.0,12.76923076923077,19.0,12.633333333333333,12.78125,3.087548874454372,12.892264082143395,-1.431753972959573,2.0,0.0,30.0,0
202605,2026,5,villeneuve,gasly,alpine,14,30.0,11.692307692307692,15.0,11.46242774566474,12.348837209302326,3.3380537515928266,13.568091543556738,-2.374955990464872,2.0,0.0,30.0,0
202605,2026,5,villeneuve,sainz,williams,15,30.0,9.614406779661016,10.0,9.612334801762117,9.634615384615383,3.101024369525422,11.251999008284832,2.2149268471090053,2.0,0.0,30.0,0
202605,2026,5,villeneuve,bearman,haas,16,30.0,11.516129032258064,11.0,11.363636363636363,11.551724137931034,3.781689495176005,11.609707940004546,0.955778295710646,2.0,0.0,30.0,0
202605,2026,5,villeneuve,piastri,mclaren,4,30.0,6.878378378378378,4.0,6.569230769230769,6.6,23.47099537710689,7.886832358063269,-3.4039966508035246,2.0,0.0,30.0,0
202605,2026,5,villeneuve,hulkenberg,audi,11,30.0,12.065891472868216,8.0,11.95582329317269,12.135922330097088,0.3608910891089108,14.365980546587572,-2.1353008519656287,2.0,0.0,30.0,0
202605,2026,5,villeneuve,bortoleto,audi,13,30.0,14.178571428571429,14.0,13.947368421052632,14.178571428571429,0.3608910891089108,13.756220050295171,0.657237074418279,2.0,0.0,30.0,0
202605,2026,5,villeneuve,ocon,haas,17,30.0,11.407608695652174,9.0,11.36,11.569767441860463,3.781689495176005,11.925279417313588,1.6735351282029738,2.0,0.0,30.0,0
202605,2026,5,villeneuve,stroll,aston_martin,22,30.0,12.646153846153846,17.0,12.53225806451613,13.22222222222222,1.7684799728840572,16.410007703226736,1.7396354268954108,2.0,0.0,30.0,0
202605,2026,5,villeneuve,bottas,cadillac,21,30.0,9.0996015936255,9.024096385542167,9.024096385542167,9.065217391304348,0.0,16.513327211162434,0.3925919714444204,2.0,0.0,30.0,0
202605,2026,5,villeneuve,perez,cadillac,20,30.0,9.425087108013935,9.378947368421052,9.378947368421052,9.29,0.0,14.831255504656612,0.7422681979718919,2.0,0.0,30.0,0
202605,2026,5,villeneuve,norris,mclaren,3,30.0,7.301282051282051,18.0,7.448979591836735,6.605263157894737,23.47099537710689,6.399608330781284,-2.6128868299970907,2.0,0.0,30.0,0
202605,2026,5,villeneuve,russell,mercedes,1,30.0,9.41025641025641,1.0,9.768707482993197,7.776315789473684,30.3053744676894,3.699853590657372,-0.2515572593670388,2.0,0.0,30.0,0
202605,2026,5,villeneuve,alonso,aston_martin,19,30.0,8.75925925925926,7.0,8.60049019607843,10.45625,1.7684799728840572,13.92620014939192,0.2121743334768434,2.0,0.0,30.0,0
202605,2026,5,villeneuve,albon,williams,18,30.0,11.8796992481203,20.0,11.991935483870968,11.833333333333334,3.101024369525422,14.42363357268747,1.8795234082735617,2.0,0.0,30.0,0
202605,2026,5,villeneuve,arvid_lindblad,rb,9,30.0,12.0,13.0,13.0,12.0,3.087548874454372,12.476237623762376,0.4227722772277228,2.0,0.0,30.0,0
202606,2026,6,monaco,antonelli,mercedes,1,30.0,8.344827586206897,18.0,5.444444444444445,8.344827586206897,29.340760928109507,3.767558828152069,0.4000107340966055,2.0,1.0,30.0,1
202606,2026,6,monaco,hamilton,ferrari,3,30.0,5.225974025974026,5.0,7.111111111111111,5.451388888888889,19.75866963536166,6.0894063595895735,1.825894133138177,2.0,1.0,30.0,0
202606,2026,6,monaco,gasly,alpine,9,30.0,11.672131147540984,20.0,16.11111111111111,12.298850574712644,4.912953069552088,12.55571126291006,-0.8522367194712578,2.0,1.0,30.0,0
202606,2026,6,monaco,hadjar,red_bull,5,30.0,12.06896551724138,6.0,12.88888888888889,12.06896551724138,15.466621594057257,12.720424500750466,-2.7776574487554795,2.0,1.0,30.0,0
202606,2026,6,monaco,piastri,mclaren,7,30.0,6.933333333333334,3.0,9.11111111111111,6.695652173913044,19.203541672178368,8.452863003071101,-4.05781563175944,2.0,1.0,30.0,0
202606,2026,6,monaco,lawson,rb,10,30.0,12.625,8.0,13.22222222222222,12.606060606060606,3.617098176214696,11.820593350978989,-0.2619621260938345,2.0,1.0,30.0,0
202606,2026,6,monaco,arvid_lindblad,rb,15,30.0,14.0,11.0,11.0,14.0,3.617098176214696,15.210250779396482,-3.430540577635733,2.0,1.0,30.0,0
202606,2026,6,monaco,albon,williams,11,30.0,11.947761194029852,9.0,10.333333333333334,11.970149253731345,2.9008381205208,15.619336559474077,0.9923373340401432,2.0,1.0,30.0,0
202606,2026,6,monaco,ocon,haas,17,30.0,11.421621621621622,7.0,12.333333333333334,11.597701149425289,3.275927768780367,12.302501341438392,1.914710559438797,2.0,1.0,30.0,0
202606,2026,6,monaco,alonso,aston_martin,21,30.0,8.785219399538105,19.0,14.22222222222222,10.51552795031056,1.4469381596187216,15.030527394957025,-0.0082209998825827,2.0,1.0,30.0,0
202606,2026,6,monaco,bortoleto,audi,16,30.0,14.137931034482758,14.0,14.666666666666666,14.137931034482758,0.257289072763279,13.618316025926314,0.5373835509745154,2.0,1.0,30.0,0
202606,2026,6,monaco,russell,mercedes,6,30.0,9.471337579617837,11.0,3.555555555555556,7.922077922077922,29.340760928109507,6.4816983923560905,-3.4785468485731,2.0,1.0,30.0,0
202606,2026,6,monaco,hulkenberg,audi,13,30.0,12.065637065637066,16.0,15.11111111111111,12.134615384615383,0.257289072763279,13.935802265389832,-1.9288825152446047,2.0,1.0,30.0,0
202606,2026,6,monaco,colapinto,alpine,14,30.0,14.5,13.0,14.0,14.62962962962963,4.912953069552088,12.214081285038114,1.4932761143363225,2.0,1.0,30.0,0
202606,2026,6,monaco,perez,cadillac,18,30.0,9.45138888888889,16.0,16.0,9.366336633663366,0.0,15.225572685628135,1.15276488924973,2.0,1.0,30.0,0
202606,2026,6,monaco,sainz,williams,12,30.0,9.61181434599156,10.0,9.666666666666666,9.628571428571428,2.9008381205208,10.842544643142135,2.9031219658164598,2.0,1.0,30.0,0
202606,2026,6,monaco,leclerc,ferrari,4,30.0,7.359550561797753,2.0,5.555555555555555,6.8,19.75866963536166,5.42357551952654,-0.1462063087649562,2.0,1.0,30.0,0
202606,2026,6,monaco,stroll,aston_martin,22,30.0,12.658163265306122,15.0,15.0,13.24175824175824,1.4469381596187216,16.153642666276422,2.696065349278064,2.0,1.0,30.0,0
202606,2026,6,monaco,norris,mclaren,8,30.0,7.369426751592357,1.0,4.888888888888889,6.753246753246753,19.203541672178368,8.508770452457458,-4.865089224543121,2.0,1.0,30.0,0
202606,2026,6,monaco,bearman,haas,19,30.0,11.46875,12.0,11.88888888888889,11.5,3.275927768780367,11.316557024660383,1.87440345314581,2.0,1.0,30.0,0
202606,2026,6,monaco,bottas,cadillac,20,30.0,9.126984126984128,18.5,18.5,9.13978494623656,0.0,16.419994990951082,1.23030252209089,2.0,1.0,30.0,0
202606,2026,6,monaco,max_verstappen,red_bull,2,30.0,5.487394957983193,4.0,3.0,4.886792452830188,15.466621594057257,5.1422894682116125,1.5076021029713795,2.0,1.0,30.0,0
202607,2026,7,catalunya,hamilton,ferrari,2,30.0,5.217616580310881,6.0,5.177897574123989,5.427586206896552,19.43891151984136,5.345877930573288,1.6757315634766905,2.0,0.0,30.0,1
202607,2026,7,catalunya,russell,mercedes,1,30.0,9.4873417721519,4.0,9.83108108108108,7.9743589743589745,28.551531668453237,7.485025957382273,-3.936992876105272,2.0,0.0,30.0,0
202607,2026,7,catalunya,norris,mclaren,4,30.0,7.443037974683544,2.0,7.52027027027027,6.910256410256411,17.53017045905503,10.416266733828865,-5.980527547353481,2.0,0.0,30.0,0
202607,2026,7,catalunya,max_verstappen,red_bull,5,30.0,5.556485355648536,10.0,5.585152838427947,5.046728971962617,14.83632675877412,8.207327746718594,-2.402871006659783,2.0,0.0,30.0,0
202607,2026,7,catalunya,piastri,mclaren,7,30.0,6.907894736842105,1.0,6.636363636363637,6.659574468085107,17.53017045905503,7.825069580367278,-2.956394345659064,2.0,0.0,30.0,0
202607,2026,7,catalunya,hadjar,red_bull,6,30.0,11.8,7.0,11.7,11.8,14.83632675877412,11.131031540302494,-2.089137967218876,2.0,0.0,30.0,0
202607,2026,7,catalunya,gasly,alpine,14,30.0,11.625,8.0,11.442528735632184,12.193181818181818,6.7469616024246815,10.81830921510823,0.3936245022507899,2.0,0.0,30.0,0
202607,2026,7,catalunya,lawson,rb,8,30.0,12.46341463414634,11.0,12.451612903225806,12.411764705882351,5.504935648942091,10.762020796084007,0.5131471908842998,2.0,0.0,30.0,0
202607,2026,7,catalunya,arvid_lindblad,rb,11,30.0,12.833333333333334,16.0,16.0,12.833333333333334,5.504935648942091,13.077765054994677,-0.4616343579653582,2.0,0.0,30.0,0
202607,2026,7,catalunya,colapinto,alpine,13,30.0,14.484848484848484,15.0,14.615384615384617,14.607142857142858,6.7469616024246815,12.539226413470272,1.2214096234860263,2.0,0.0,30.0,0
202607,2026,7,catalunya,bortoleto,audi,12,30.0,14.033333333333331,12.0,13.9,14.033333333333331,0.1904622133341934,13.141099227652644,1.3507443189795627,2.0,0.0,30.0,0
202607,2026,7,catalunya,sainz,williams,16,30.0,9.638655462184872,14.0,9.609649122807015,9.68867924528302,3.100685734971564,11.780263798934476,1.6480088811225568,2.0,0.0,30.0,0
202607,2026,7,catalunya,ocon,haas,17,30.0,11.408602150537634,16.0,11.375,11.568181818181818,3.0439409017293912,11.702046552085957,3.021126821359017,2.0,0.0,30.0,0
202607,2026,7,catalunya,perez,cadillac,19,30.0,9.470588235294118,9.405594405594403,9.405594405594403,9.42156862745098,0.0,15.184559470059384,1.488625818477052,2.0,0.0,30.0,0
202607,2026,7,catalunya,leclerc,ferrari,10,30.0,7.41340782122905,3.0,7.455621301775148,6.918604651162791,19.43891151984136,7.528379970521716,-2.4832597071713294,2.0,0.0,30.0,0
202607,2026,7,catalunya,antonelli,mercedes,3,30.0,8.1,18.0,9.65,8.1,28.551531668453237,3.2631408931407644,0.3271043928030072,2.0,0.0,30.0,0
202607,2026,7,catalunya,bearman,haas,15,30.0,11.727272727272728,17.0,11.304347826086955,11.774193548387096,3.0439409017293912,12.897468382941538,1.3510883256939537,2.0,0.0,30.0,0
202607,2026,7,catalunya,albon,williams,18,30.0,11.91851851851852,19.0,12.064,11.911764705882351,3.100685734971564,14.234002639567318,1.3573669096698349,2.0,0.0,30.0,0
202607,2026,7,catalunya,alonso,aston_martin,22,30.0,8.788018433179724,9.0,8.62836185819071,10.512345679012345,1.3656766760488508,14.115886050419382,1.993273727368797,2.0,0.0,30.0,0
202607,2026,7,catalunya,hulkenberg,audi,9,30.0,12.069230769230767,5.0,11.956,12.142857142857142,0.1904622133341934,13.765656398955317,-1.578176603381949,2.0,0.0,30.0,0
202607,2026,7,catalunya,bottas,cadillac,20,30.0,9.173913043478262,9.052,9.052,9.26595744680851,0.0,17.25272317441452,0.8247929726198187,2.0,0.0,30.0,0
202607,2026,7,catalunya,stroll,aston_martin,21,30.0,12.685279187817258,12.545454545454543,12.545454545454543,13.293478260869565,1.3656766760488508,16.48934399968071,2.9331443766820526,2.0,0.0,30.0,0
202608,2026,8,red_bull_ring,russell,mercedes,1,30.0,9.440251572327044,5.0,9.778523489932883,7.89873417721519,26.633071365098097,6.487748510585481,-3.402994171358851,2.0,0.0,30.0,1
202608,2026,8,red_bull_ring,max_verstappen,red_bull,5,30.0,5.55,18.0,5.578260869565217,5.037037037037037,15.775176438997006,7.442359065497031,-1.7841671872670948,2.0,0.0,30.0,0
202608,2026,8,red_bull_ring,antonelli,mercedes,4,30.0,8.35483870967742,19.0,9.952380952380953,8.35483870967742,26.633071365098097,5.5835456598318585,-2.1008314350021484,2.0,0.0,30.0,0
202608,2026,8,red_bull_ring,piastri,mclaren,7,30.0,6.883116883116883,2.0,6.611940298507463,6.625,18.88832128468139,7.311420465731323,-2.055231561872529,2.0,0.0,30.0,0
202608,2026,8,red_bull_ring,hamilton,ferrari,3,30.0,5.20671834625323,4.0,5.166666666666667,5.397260273972603,20.45001851623384,4.55571830683269,1.5528712792082011,2.0,0.0,30.0,0
202608,2026,8,red_bull_ring,hadjar,red_bull,8,30.0,11.612903225806452,12.0,11.428571428571429,11.612903225806452,15.775176438997006,10.196258693694777,-1.7085381932291177,2.0,0.0,30.0,0
202608,2026,8,red_bull_ring,norris,mclaren,6,30.0,7.415094339622642,1.0,7.489932885906041,6.860759493670886,18.88832128468139,9.067854600405411,-4.711340720561921,2.0,0.0,30.0,0
202608,2026,8,red_bull_ring,leclerc,ferrari,2,30.0,7.455555555555556,3.0,7.5,7.011494252873563,20.45001851623384,8.886856339517768,-2.940848851321997,2.0,0.0,30.0,0
202608,2026,8,red_bull_ring,lawson,rb,9,30.0,12.357142857142858,6.0,12.3125,12.285714285714286,5.594948798060724,10.259725384282833,0.4198272999098055,2.0,0.0,30.0,0
202608,2026,8,red_bull_ring,arvid_lindblad,rb,10,30.0,12.285714285714286,14.25,14.25,12.285714285714286,5.594948798060724,12.09518748450273,0.1315206360739604,2.0,0.0,30.0,0
202608,2026,8,red_bull_ring,bortoleto,audi,12,30.0,13.935483870967742,8.0,13.761904761904765,13.935483870967742,0.144568470971767,12.751033135838195,1.2868456150038154,2.0,0.0,30.0,0
202608,2026,8,red_bull_ring,hulkenberg,audi,14,30.0,12.099616858237548,9.0,11.98804780876494,12.216981132075473,0.144568470971767,14.899173417327075,-3.2912354027670503,2.0,0.0,30.0,0
202608,2026,8,red_bull_ring,gasly,alpine,11,30.0,11.6,13.0,11.417142857142856,12.134831460674157,6.792968583803322,10.124071175997642,1.594783683659738,2.0,0.0,30.0,0
202608,2026,8,red_bull_ring,bearman,haas,13,30.0,11.882352941176473,11.0,11.541666666666666,11.9375,2.4904971014149564,13.644196158359984,0.7411355052766015,2.0,0.0,30.0,0
202608,2026,8,red_bull_ring,colapinto,alpine,16,30.0,14.352941176470589,15.0,14.444444444444445,14.448275862068966,6.792968583803322,12.077045724080744,1.5451421279992288,2.0,0.0,30.0,0
202608,2026,8,red_bull_ring,ocon,haas,15,30.0,11.41711229946524,10.0,11.384180790960452,11.584269662921349,2.4904971014149564,11.938038088070329,3.1991037629301045,2.0,0.0,30.0,0
202608,2026,8,red_bull_ring,albon,williams,18,30.0,11.963235294117649,17.0,12.11111111111111,12.0,2.5369246922494613,14.918729432374224,1.1105729260931545,2.0,0.0,30.0,0
202608,2026,8,red_bull_ring,alonso,aston_martin,21,30.0,8.811494252873564,7.0,8.653658536585366,10.56441717791411,1.117371825851074,15.003906768524947,2.1763148678471977,2.0,0.0,30.0,0
202608,2026,8,red_bull_ring,stroll,aston_martin,22,30.0,12.732323232323232,14.0,12.595744680851064,13.387096774193548,1.117371825851074,17.491281454284216,2.2180272172853157,2.0,0.0,30.0,0
202608,2026,8,red_bull_ring,sainz,williams,17,30.0,9.648535564853557,20.0,9.62008733624454,9.710280373831775,2.5369246922494613,11.820215835491842,2.075643630009365,2.0,0.0,30.0,0
202608,2026,8,red_bull_ring,perez,cadillac,19,30.0,9.486206896551725,9.421602787456449,9.421602787456449,9.466019417475728,0.0,14.96918502095768,2.127057487844861,2.0,0.0,30.0,0
202608,2026,8,red_bull_ring,bottas,cadillac,20,30.0,9.22047244094488,9.0996015936255,9.0996015936255,9.389473684210529,0.0,17.93404623361188,0.4930124321434878,2.0,0.0,30.0,0
202609,2026,9,silverstone,leclerc,ferrari,2,30.0,7.458563535911602,14.0,7.502923976608187,7.0227272727272725,19.2772878769186,8.72560973233272,-3.497058151081634,2.0,0.0,30.0,1
202609,2026,9,silverstone,russell,mercedes,4,30.0,9.3875,10.0,9.72,7.8125,29.063422025989357,5.489976054115382,-2.784267958384507,2.0,0.0,30.0,0
202609,2026,9,silverstone,hamilton,ferrari,3,30.0,5.206185567010309,4.0,5.166219839142091,5.394557823129252,19.2772878769186,4.636496796499474,0.9068946829885278,2.0,0.0,30.0,0
202609,2026,9,silverstone,norris,mclaren,6,30.0,7.4125,1.0,7.486666666666666,6.8625,18.726808323830227,8.691881036695333,-4.036551498641564,2.0,0.0,30.0,0
202609,2026,9,silverstone,hadjar,red_bull,5,30.0,11.4375,17.0,11.181818181818182,11.4375,17.634235268270277,9.43205976884258,-1.0331601703494966,2.0,0.0,30.0,0
202609,2026,9,silverstone,lawson,rb,10,30.0,12.27906976744186,19.0,12.212121212121213,12.194444444444445,5.123133711818624,10.03064342896715,0.3434814074175347,2.0,0.0,30.0,0
202609,2026,9,silverstone,arvid_lindblad,rb,9,30.0,12.0,13.4,13.4,12.0,5.123133711818624,11.618522234498707,0.1015990575333356,2.0,0.0,30.0,0
202609,2026,9,silverstone,bortoleto,audi,11,30.0,13.84375,18.0,13.636363636363637,13.84375,0.111678447110818,12.432144874302086,1.2346069122484635,2.0,0.0,30.0,0
202609,2026,9,silverstone,colapinto,alpine,19,30.0,14.371428571428572,20.0,14.464285714285714,14.466666666666669,5.557883386719373,12.60896575075874,1.4459370129354785,2.0,0.0,30.0,0
202609,2026,9,silverstone,gasly,alpine,15,30.0,11.60752688172043,6.0,11.426136363636363,12.144444444444444,5.557883386719373,10.646967325816252,0.9411866502670578,2.0,0.0,30.0,0
202609,2026,9,silverstone,piastri,mclaren,8,30.0,6.846153846153846,2.0,6.573529411764706,6.571428571428571,18.726808323830227,6.709343921490168,-1.13609840418129,2.0,0.0,30.0,0
202609,2026,9,silverstone,bearman,haas,13,30.0,11.942857142857145,11.0,11.64,12.0,2.0376794466122368,13.708945439762196,0.4242831849899726,2.0,0.0,30.0,0
202609,2026,9,silverstone,ocon,haas,17,30.0,11.441489361702128,13.0,11.410112359550562,11.633333333333333,2.0376794466122368,12.676576617512088,2.4356303514882667,2.0,0.0,30.0,0
202609,2026,9,silverstone,perez,cadillac,20,30.0,9.525773195876289,9.461805555555555,9.461805555555555,9.576923076923077,0.0,16.06569683532901,1.3766833991457947,2.0,0.0,30.0,0
202609,2026,9,silverstone,antonelli,mercedes,1,30.0,8.1875,16.0,9.636363636363637,8.1875,29.063422025989357,5.113044921038829,-1.5361255334481922,2.0,0.0,30.0,0
202609,2026,9,silverstone,bottas,cadillac,18,30.0,9.270588235294118,9.15079365079365,9.15079365079365,9.520833333333334,0.0,18.67331055477336,0.0397374444810351,2.0,0.0,30.0,0
202609,2026,9,silverstone,sainz,williams,14,30.0,9.691666666666666,12.0,9.665217391304347,9.805555555555555,2.0756656572950134,13.307449319947873,1.1527993336440252,2.0,0.0,30.0,0
202609,2026,9,silverstone,alonso,aston_martin,21,30.0,8.832568807339449,9.0,8.67639902676399,10.609756097560975,0.9142133120552326,15.548650992429502,2.326075800965889,2.0,0.0,30.0,0
202609,2026,9,silverstone,stroll,aston_martin,22,30.0,12.763819095477388,7.0,12.62962962962963,13.4468085106383,0.9142133120552326,17.765593917141633,2.360204086869804,2.0,0.0,30.0,0
202609,2026,9,silverstone,max_verstappen,red_bull,7,30.0,5.535269709543568,5.0,5.562770562770563,5.009174311926605,17.634235268270277,6.452839235406661,-0.9143186077639862,2.0,0.0,30.0,0
202609,2026,9,silverstone,albon,williams,16,30.0,12.0,8.0,12.149606299212598,12.071428571428571,2.0756656572950134,15.297142262852072,1.0904687577125578,2.0,0.0,30.0,0
202609,2026,9,silverstone,hulkenberg,audi,12,30.0,12.099236641221374,3.0,11.988095238095235,12.214953271028037,0.111678447110818,14.372050977813064,-2.3291926022639493,2.0,0.0,30.0,0
202610,2026,10,spa,antonelli,mercedes,1,28.0,8.393939393939394,16.0,9.869565217391305,8.393939393939394,27.051890748536746,6.913068209904146,-3.805303872998645,2.0,0.0,27.0,1
202610,2026,10,spa,leclerc,ferrari,4,28.0,7.423076923076923,3.0,7.465116279069767,6.955056179775281,23.04505371747885,7.320953417363133,-2.679411214521336,2.0,0.0,27.0,0
202610,2026,10,spa,max_verstappen,red_bull,2,28.0,5.595041322314049,4.0,5.625,5.1454545454545455,16.246192492221134,8.915959374423634,-3.1117152245341715,2.0,0.0,27.0,0
202610,2026,10,spa,hamilton,ferrari,5,28.0,5.200514138817481,7.0,5.160427807486631,5.378378378378378,23.04505371747885,4.3389519244086605,0.7420047406269773,2.0,0.0,27.0,0
202610,2026,10,spa,piastri,mclaren,6,28.0,6.89873417721519,1.0,6.63768115942029,6.66,17.503752264952002,7.489463310186391,-1.4749896475980804,2.0,0.0,27.0,0
202610,2026,10,spa,hadjar,red_bull,21,28.0,11.242424242424242,20.0,10.91304347826087,11.242424242424242,16.246192492221134,8.625157063424613,-0.8450625859157912,2.0,0.0,27.0,0
202610,2026,10,spa,norris,mclaren,13,28.0,7.391304347826087,2.0,7.463576158940397,6.827160493827161,17.503752264952002,7.838811757296174,-2.938996680706724,2.0,0.0,27.0,0
202610,2026,10,spa,bortoleto,audi,8,28.0,13.666666666666666,9.0,13.391304347826088,13.666666666666666,0.95764114805658,11.6252266745476,1.5560151361734078,2.0,0.0,27.0,0
202610,2026,10,spa,arvid_lindblad,rb,7,28.0,11.444444444444445,12.333333333333334,12.333333333333334,11.444444444444445,6.737126792263541,10.613693418072389,0.5146246694644717,2.0,0.0,27.0,0
202610,2026,10,spa,colapinto,alpine,11,28.0,14.22222222222222,19.0,14.275862068965518,14.290322580645162,5.092813680034251,11.952311606358416,3.002355471807364,2.0,0.0,27.0,0
202610,2026,10,spa,gasly,alpine,10,28.0,11.598930481283425,10.0,11.418079096045195,12.12087912087912,5.092813680034251,10.52933690294057,1.679152713854866,2.0,0.0,27.0,0
202610,2026,10,spa,lawson,rb,9,28.0,12.136363636363637,8.0,12.029411764705882,12.027027027027026,6.737126792263541,9.297691901812165,1.0084002804796162,2.0,0.0,27.0,0
202610,2026,10,spa,hulkenberg,audi,12,28.0,12.136882129277566,12.0,12.027667984189724,12.305555555555555,0.95764114805658,15.758950800028872,-3.7238848563977776,2.0,0.0,27.0,0
202610,2026,10,spa,bearman,haas,14,28.0,11.944444444444445,11.0,11.653846153846152,12.0,1.667192274500921,13.398001478784469,0.529035310303938,2.0,0.0,27.0,0
202610,2026,10,spa,albon,williams,15,28.0,12.065217391304348,6.0,12.21875,12.19718309859155,1.6982719014231924,16.334025487789035,-0.0168891982362216,2.0,0.0,27.0,0
202610,2026,10,spa,sainz,williams,19,28.0,9.721991701244812,18.0,9.696969696969695,9.871559633027523,1.6982719014231924,13.978822170866444,0.3977449093451111,2.0,0.0,27.0,0
202610,2026,10,spa,ocon,haas,16,28.0,11.44973544973545,15.0,11.41899441340782,11.648351648351648,1.667192274500921,12.735380868873523,2.7200611966722184,2.0,0.0,27.0,0
202610,2026,10,spa,bottas,cadillac,17,28.0,9.296875,9.17786561264822,9.17786561264822,9.58762886597938,0.0,18.18725409026911,0.3961488182117562,2.0,0.0,27.0,0
202610,2026,10,spa,alonso,aston_martin,22,28.0,8.85354691075515,17.0,8.699029126213592,10.654545454545454,0.7479927098602009,15.994350811987774,2.4486074735175456,2.0,0.0,27.0,0
202610,2026,10,spa,stroll,aston_martin,20,28.0,12.795,14.0,12.663157894736845,13.505263157894737,0.7479927098602009,17.990031386752246,2.4765306165298395,2.0,0.0,27.0,0
202610,2026,10,spa,perez,cadillac,18,28.0,9.54109589041096,9.477508650519033,9.477508650519033,9.61904761904762,0.0,15.690115592541918,2.2172864174829234,2.0,0.0,27.0,0
202610,2026,10,spa,russell,mercedes,3,28.0,9.341614906832298,5.0,9.668874172185433,7.74074074074074,27.051890748536746,4.855434953367125,-1.9144010568600431,2.0,0.0,27.0,0
202611,2026,11,hungaroring,norris,mclaren,1,30.0,7.388888888888889,1.0,7.4605263157894735,6.829268292682927,17.230342762233455,7.686300528696868,-1.3137245569418516,2.0,0.0,29.5,1
202611,2026,11,hungaroring,max_verstappen,red_bull,4,30.0,5.584362139917696,9.0,5.613733905579399,5.126126126126126,17.474157493635474,7.840330397255699,-2.7277670018915945,2.0,0.0,29.5,0
202611,2026,11,hungaroring,antonelli,mercedes,7,30.0,8.176470588235293,10.0,9.5,8.176470588235293,26.678819703348243,5.8367931967099365,-3.1126764026678098,2.0,0.0,29.5,0
202611,2026,11,hungaroring,leclerc,ferrari,2,30.0,7.39344262295082,4.0,7.433526011560693,6.9,24.309589405209973,6.353507341478926,-1.8286091755174565,2.0,0.0,29.5,0
202611,2026,11,hungaroring,hamilton,ferrari,5,30.0,5.197435897435898,12.0,5.157333333333334,5.369127516778524,24.309589405209973,4.277324301788904,0.7889129696038906,2.0,0.0,29.5,0
202611,2026,11,hungaroring,hadjar,red_bull,8,30.0,11.088235294117649,11.0,10.708333333333334,11.088235294117649,17.474157493635474,8.14733559193511,2.038997657995385,2.0,0.0,29.5,0
202611,2026,11,hungaroring,russell,mercedes,6,30.0,9.419753086419751,3.0,9.75,7.914634146341464,26.678819703348243,7.972628598209489,-5.020873591976423,2.0,0.0,29.5,0
202611,2026,11,hungaroring,lawson,rb,11,30.0,12.133333333333333,8.0,12.028571428571428,12.026315789473683,5.8758234182827564,9.789079486071174,0.2795129519441006,2.0,0.0,29.5,0
202611,2026,11,hungaroring,hulkenberg,audi,10,30.0,12.140151515151516,13.0,12.031496062992126,12.311926605504588,1.596707381021589,15.257323381841804,-3.228633064325454,2.0,0.0,29.5,0
202611,2026,11,hungaroring,arvid_lindblad,rb,9,30.0,11.2,11.857142857142858,11.857142857142858,11.2,5.8758234182827564,10.274727167201226,-0.0135877449944612,2.0,0.0,29.5,0
202611,2026,11,hungaroring,bortoleto,audi,14,30.0,13.5,6.0,13.166666666666666,13.5,1.596707381021589,10.965376196170665,1.2727949615083551,2.0,0.0,29.5,0
202611,2026,11,hungaroring,gasly,alpine,12,30.0,11.595744680851064,19.0,11.415730337078651,12.108695652173912,4.348665738198226,10.61491201149683,1.1920340386085264,2.0,0.0,29.5,0
202611,2026,11,hungaroring,stroll,aston_martin,20,30.0,12.83084577114428,7.0,12.701570680628272,13.572916666666666,0.6119940353380415,18.35548022552457,2.026252322615323,2.0,0.0,29.5,0
202611,2026,11,hungaroring,alonso,aston_martin,16,30.0,8.876712328767123,5.0,8.723970944309928,10.704819277108436,0.6119940353380415,16.540832482535453,2.548860660150719,2.0,0.0,29.5,0
202611,2026,11,hungaroring,colapinto,alpine,13,30.0,14.108108108108109,18.0,14.133333333333333,14.15625,4.348665738198226,11.597134077779955,2.638073629966214,2.0,0.0,29.5,0
202611,2026,11,hungaroring,ocon,haas,15,30.0,11.478947368421052,16.0,11.45,11.706521739130435,1.3640664064098442,13.510766165441972,2.043686433640905,2.0,0.0,29.5,0
202611,2026,11,hungaroring,albon,williams,19,30.0,12.086330935251798,15.0,12.24031007751938,12.23611111111111,1.3894951920735208,16.091475399099934,-0.0138184349205426,2.0,0.0,29.5,0
202611,2026,11,hungaroring,sainz,williams,18,30.0,9.74793388429752,14.0,9.724137931034482,9.927272727272728,1.3894951920735208,14.346309048890728,0.8708821985550913,2.0,0.0,29.5,0
202611,2026,11,hungaroring,bearman,haas,17,30.0,12.0,20.0,11.74074074074074,12.057142857142855,1.3640664064098442,13.507521058690076,0.4327896836157997,2.0,0.0,29.5,0
202611,2026,11,hungaroring,piastri,mclaren,3,30.0,6.875,2.0,6.614285714285714,6.627450980392157,17.230342762233455,7.036833569149479,-1.0249914818578985,2.0,0.0,29.5,0
202611,2026,11,hungaroring,perez,cadillac,22,30.0,9.580204778156997,9.517241379310343,9.517241379310343,9.726415094339623,0.0,16.65554912117066,1.268688887031482,2.0,0.0,29.5,0
202611,2026,11,hungaroring,bottas,cadillac,21,30.0,9.330739299610896,9.21259842519685,9.21259842519685,9.673469387755102,0.0,18.153207892038363,0.1423035785368913,2.0,0.0,29.5,0
202612,2026,12,zandvoort,norris,mclaren,1,30.0,7.3496932515337425,18.0,7.4183006535947715,6.759036144578313,18.64300771455465,6.470609523479248,-1.0748655465887862,2.0,0.0,30.0,1
202612,2026,12,zandvoort,antonelli,mercedes,3,30.0,8.028571428571428,16.0,9.24,8.028571428571428,25.6463070300122,5.32055278703081,-1.818309585838568,2.0,0.0,30.0,0
202612,2026,12,zandvoort,russell,mercedes,2,30.0,9.404907975460125,4.0,9.732026143790849,7.903614457831325,25.6463070300122,7.795787034898672,-4.289805666162524,2.0,0.0,30.0,0
202612,2026,12,zandvoort,hamilton,ferrari,5,30.0,5.19693094629156,20.0,5.156914893617022,5.366666666666666,23.88966405880816,4.40871988328183,0.6454742478577286,2.0,0.0,30.0,0
202612,2026,12,zandvoort,leclerc,ferrari,6,30.0,7.375,19.0,7.413793103448276,6.868131868131868,23.88966405880816,5.925596915755484,-1.8597711436051916,2.0,0.0,30.0,0
202612,2026,12,zandvoort,piastri,mclaren,4,30.0,7.037037037037037,1.0,6.802816901408451,6.884615384615385,18.64300771455465,9.393773125889492,-3.929538738619255,2.0,0.0,30.0,0
202612,2026,12,zandvoort,lawson,red_bull,8,30.0,12.043478260869565,12.0,11.916666666666666,11.923076923076923,19.02431067661084,9.46376043536552,0.7741954245904624,2.0,0.0,30.0,0
202612,2026,12,zandvoort,hulkenberg,audi,13,30.0,12.128301886792451,14.0,12.019607843137257,12.28181818181818,1.6790950211380455,14.11962822150693,-2.459790688993553,2.0,0.0,30.0,0
202612,2026,12,zandvoort,alonso,aston_martin,18,30.0,8.888382687927107,8.0,8.73671497584541,10.724550898203592,0.5007223925478856,16.07886294025628,2.449067812850588,2.0,0.0,30.0,0
202612,2026,12,zandvoort,gasly,alpine,11,30.0,11.597883597883598,17.0,11.41899441340782,12.10752688172043,3.557999240333905,10.86674619122468,0.9753005770433396,2.0,0.0,30.0,0
202612,2026,12,zandvoort,tsunoda,rb,12,30.0,13.324561403508772,9.0,13.373831775700934,13.233333333333333,5.7165816481032286,12.13179456962452,1.2802456726708609,2.0,0.0,30.0,0
202612,2026,12,zandvoort,arvid_lindblad,rb,10,30.0,11.090909090909092,11.625,11.625,11.090909090909092,5.7165816481032286,10.218603841565058,-0.2150994366235341,2.0,0.0,30.0,0
202612,2026,12,zandvoort,bortoleto,audi,9,30.0,13.428571428571429,15.0,13.08,13.428571428571429,1.6790950211380455,10.9716770455573,1.5871122116007843,2.0,0.0,30.0,0
202612,2026,12,zandvoort,colapinto,alpine,14,30.0,14.13157894736842,11.0,14.161290322580646,14.181818181818182,3.557999240333905,12.21613895913712,1.7943759108477444,2.0,0.0,30.0,0
202612,2026,12,zandvoort,perez,cadillac,22,30.0,9.61904761904762,9.556701030927837,9.556701030927837,9.83177570093458,0.0,17.445449280957813,1.2198363621166672,2.0,0.0,30.0,0
202612,2026,12,zandvoort,sainz,williams,17,30.0,9.781893004115226,13.0,9.759656652360515,10.0,1.1368597026056078,15.01061649454696,0.7125399806359837,2.0,0.0,30.0,0
202612,2026,12,zandvoort,albon,williams,16,30.0,12.121428571428572,5.0,12.276923076923078,12.3013698630137,1.1368597026056078,16.256661690172777,0.3523303714288775,2.0,0.0,30.0,0
202612,2026,12,zandvoort,bottas,cadillac,21,30.0,9.37984496124031,9.262745098039217,9.262745098039217,9.797979797979798,0.0,18.85262463894048,-0.065387981197089,2.0,0.0,30.0,0
202612,2026,12,zandvoort,ocon,haas,15,30.0,11.50261780104712,10.0,11.475138121546962,11.75268817204301,1.1160543325171453,13.963354135361616,1.4902889002516495,2.0,0.0,30.0,0
202612,2026,12,zandvoort,stroll,aston_martin,19,30.0,12.831683168316832,7.0,12.703125,13.56701030927835,0.5007223925478856,17.381756548156464,2.9305700821398104,2.0,0.0,30.0,0
202612,2026,12,zandvoort,bearman,haas,20,30.0,12.18421052631579,6.0,12.0,12.25,1.1160543325171453,14.506641022019156,-0.0097516106621323,2.0,0.0,30.0,0
202612,2026,12,zandvoort,max_verstappen,red_bull,7,30.0,5.569672131147541,2.0,5.598290598290598,5.098214285714286,19.02431067661084,6.778452143209209,-1.868173001547668,2.0,0.0,30.0,0
